ISO-10303-21;
HEADER;
/* Generated by software containing ST-Developer
 * from STEP Tools, Inc. (www.steptools.com) 
 */

FILE_DESCRIPTION(
/* description */ (''),
/* implementation_level */ '2;1');

FILE_NAME(
/* name */ 'Insert.step',
/* time_stamp */ '2026-09-07T01:46:45-05:00',
/* author */ (''),
/* organization */ (''),
/* preprocessor_version */ 'ST-DEVELOPER v20.1',
/* originating_system */ 'Autodesk Translation Framework v15.8.0.0',
/* authorisation */ '');

FILE_SCHEMA (('AUTOMOTIVE_DESIGN { 1 0 10303 214 3 1 1 }'));
ENDSEC;

DATA;
#10=MECHANICAL_DESIGN_GEOMETRIC_PRESENTATION_REPRESENTATION('',(#13),#1995);
#11=SHAPE_REPRESENTATION_RELATIONSHIP('SRR','None',#2002,#12);
#12=ADVANCED_BREP_SHAPE_REPRESENTATION('',(#14),#1994);
#13=STYLED_ITEM('',(#2012),#14);
#14=MANIFOLD_SOLID_BREP('XT30 + Microfit',#1131);
#15=CONICAL_SURFACE('',#1231,1.80000000000001,0.785398163397664);
#16=CONICAL_SURFACE('',#1234,1.80000000000001,0.785398163397219);
#17=CONICAL_SURFACE('',#1237,1.8,0.785398163397227);
#18=CONICAL_SURFACE('',#1240,1.80000000000001,0.785398163397663);
#19=CONICAL_SURFACE('',#1256,1.8,0.785398163397447);
#20=CONICAL_SURFACE('',#1258,1.8,0.78539816339741);
#21=CONICAL_SURFACE('',#1260,1.8,0.785398163397452);
#22=CONICAL_SURFACE('',#1263,1.8,0.785398163397489);
#23=(
BOUNDED_SURFACE()
B_SPLINE_SURFACE(1,2,((#1732,#1733,#1734,#1735,#1736),(#1737,#1738,#1739,
#1740,#1741)),.UNSPECIFIED.,.F.,.F.,.F.)
B_SPLINE_SURFACE_WITH_KNOTS((2,2),(3,2,3),(-1.58454194280233E-8,1.05960242586459),
(-3.14159265358978,-1.57079632679489,-5.07788736906847E-15),
 .UNSPECIFIED.)
GEOMETRIC_REPRESENTATION_ITEM()
RATIONAL_B_SPLINE_SURFACE(((1.,0.707106781186551,1.,0.707106781186551,1.),
(1.,0.707106781186551,1.,0.707106781186551,1.)))
REPRESENTATION_ITEM('')
SURFACE()
);
#24=(
BOUNDED_SURFACE()
B_SPLINE_SURFACE(1,2,((#1751,#1752,#1753,#1754,#1755,#1756,#1757),(#1758,
#1759,#1760,#1761,#1762,#1763,#1764)),.UNSPECIFIED.,.F.,.F.,.F.)
B_SPLINE_SURFACE_WITH_KNOTS((2,2),(3,2,2,3),(-1.05118992196725E-8,1.05960125627153),
(-6.28318530717976,-5.23546296975853,-4.18774063233714,-3.14001829491574),
 .UNSPECIFIED.)
GEOMETRIC_REPRESENTATION_ITEM()
RATIONAL_B_SPLINE_SURFACE(((1.,0.865894177416771,1.,0.865894177416771,1.,
0.865894177416771,1.),(1.,0.865894177416771,1.,0.865894177416771,1.,0.865894177416771,
1.)))
REPRESENTATION_ITEM('')
SURFACE()
);
#25=(
BOUNDED_SURFACE()
B_SPLINE_SURFACE(1,2,((#1776,#1777,#1778,#1779,#1780),(#1781,#1782,#1783,
#1784,#1785)),.UNSPECIFIED.,.F.,.F.,.F.)
B_SPLINE_SURFACE_WITH_KNOTS((2,2),(3,2,3),(2.22044604924695E-16,1.05960220081862),
(-3.14159265358981,-1.57079632679489,2.87283988795346E-14),
 .UNSPECIFIED.)
GEOMETRIC_REPRESENTATION_ITEM()
RATIONAL_B_SPLINE_SURFACE(((1.,0.707106781186539,1.,0.707106781186539,1.),
(1.,0.707106781186539,1.,0.707106781186539,1.)))
REPRESENTATION_ITEM('')
SURFACE()
);
#26=(
BOUNDED_SURFACE()
B_SPLINE_SURFACE(1,2,((#1793,#1794,#1795,#1796,#1797),(#1798,#1799,#1800,
#1801,#1802)),.UNSPECIFIED.,.F.,.F.,.F.)
B_SPLINE_SURFACE_WITH_KNOTS((2,2),(3,2,3),(2.22044604924999E-16,1.05960162528539),
(-1.75552650058062E-13,1.57079632679489,3.14159265358996),.UNSPECIFIED.)
GEOMETRIC_REPRESENTATION_ITEM()
RATIONAL_B_SPLINE_SURFACE(((1.,0.707106781186487,1.,0.707106781186487,1.),
(1.,0.707106781186487,1.,0.707106781186487,1.)))
REPRESENTATION_ITEM('')
SURFACE()
);
#27=FACE_BOUND('',#151,.T.);
#28=FACE_BOUND('',#153,.T.);
#29=FACE_BOUND('',#166,.T.);
#30=FACE_BOUND('',#167,.T.);
#31=FACE_BOUND('',#168,.T.);
#32=FACE_BOUND('',#169,.T.);
#33=FACE_BOUND('',#171,.T.);
#34=FACE_BOUND('',#173,.T.);
#35=FACE_BOUND('',#187,.T.);
#36=FACE_BOUND('',#188,.T.);
#37=FACE_BOUND('',#189,.T.);
#38=FACE_BOUND('',#190,.T.);
#39=ELLIPSE('',#1177,3.77500079497858,1.99999999999999);
#40=ELLIPSE('',#1178,3.77500496184296,2.);
#41=ELLIPSE('',#1180,3.77500364717043,2.00000000000001);
#42=ELLIPSE('',#1181,3.77500159674056,1.99999999999999);
#43=ELLIPSE('',#1183,3.77500079497858,1.99999999999999);
#44=ELLIPSE('',#1185,3.77500496184296,2.);
#45=ELLIPSE('',#1188,3.77500159674056,1.99999999999999);
#46=ELLIPSE('',#1190,3.77500364717043,2.00000000000001);
#47=PLANE('',#1148);
#48=PLANE('',#1155);
#49=PLANE('',#1159);
#50=PLANE('',#1163);
#51=PLANE('',#1167);
#52=PLANE('',#1171);
#53=PLANE('',#1175);
#54=PLANE('',#1176);
#55=PLANE('',#1179);
#56=PLANE('',#1182);
#57=PLANE('',#1184);
#58=PLANE('',#1186);
#59=PLANE('',#1187);
#60=PLANE('',#1189);
#61=PLANE('',#1205);
#62=PLANE('',#1210);
#63=PLANE('',#1220);
#64=PLANE('',#1230);
#65=PLANE('',#1233);
#66=PLANE('',#1236);
#67=PLANE('',#1239);
#68=PLANE('',#1244);
#69=PLANE('',#1247);
#70=PLANE('',#1248);
#71=PLANE('',#1255);
#72=PLANE('',#1257);
#73=PLANE('',#1259);
#74=PLANE('',#1262);
#75=PLANE('',#1266);
#76=PLANE('',#1268);
#77=FACE_OUTER_BOUND('',#135,.T.);
#78=FACE_OUTER_BOUND('',#136,.T.);
#79=FACE_OUTER_BOUND('',#137,.T.);
#80=FACE_OUTER_BOUND('',#138,.T.);
#81=FACE_OUTER_BOUND('',#139,.T.);
#82=FACE_OUTER_BOUND('',#140,.T.);
#83=FACE_OUTER_BOUND('',#141,.T.);
#84=FACE_OUTER_BOUND('',#142,.T.);
#85=FACE_OUTER_BOUND('',#143,.T.);
#86=FACE_OUTER_BOUND('',#144,.T.);
#87=FACE_OUTER_BOUND('',#145,.T.);
#88=FACE_OUTER_BOUND('',#146,.T.);
#89=FACE_OUTER_BOUND('',#147,.T.);
#90=FACE_OUTER_BOUND('',#148,.T.);
#91=FACE_OUTER_BOUND('',#149,.T.);
#92=FACE_OUTER_BOUND('',#150,.T.);
#93=FACE_OUTER_BOUND('',#152,.T.);
#94=FACE_OUTER_BOUND('',#154,.T.);
#95=FACE_OUTER_BOUND('',#155,.T.);
#96=FACE_OUTER_BOUND('',#156,.T.);
#97=FACE_OUTER_BOUND('',#157,.T.);
#98=FACE_OUTER_BOUND('',#158,.T.);
#99=FACE_OUTER_BOUND('',#159,.T.);
#100=FACE_OUTER_BOUND('',#160,.T.);
#101=FACE_OUTER_BOUND('',#161,.T.);
#102=FACE_OUTER_BOUND('',#162,.T.);
#103=FACE_OUTER_BOUND('',#163,.T.);
#104=FACE_OUTER_BOUND('',#164,.T.);
#105=FACE_OUTER_BOUND('',#165,.T.);
#106=FACE_OUTER_BOUND('',#170,.T.);
#107=FACE_OUTER_BOUND('',#172,.T.);
#108=FACE_OUTER_BOUND('',#174,.T.);
#109=FACE_OUTER_BOUND('',#175,.T.);
#110=FACE_OUTER_BOUND('',#176,.T.);
#111=FACE_OUTER_BOUND('',#177,.T.);
#112=FACE_OUTER_BOUND('',#178,.T.);
#113=FACE_OUTER_BOUND('',#179,.T.);
#114=FACE_OUTER_BOUND('',#180,.T.);
#115=FACE_OUTER_BOUND('',#181,.T.);
#116=FACE_OUTER_BOUND('',#182,.T.);
#117=FACE_OUTER_BOUND('',#183,.T.);
#118=FACE_OUTER_BOUND('',#184,.T.);
#119=FACE_OUTER_BOUND('',#185,.T.);
#120=FACE_OUTER_BOUND('',#186,.T.);
#121=FACE_OUTER_BOUND('',#191,.T.);
#122=FACE_OUTER_BOUND('',#192,.T.);
#123=FACE_OUTER_BOUND('',#193,.T.);
#124=FACE_OUTER_BOUND('',#194,.T.);
#125=FACE_OUTER_BOUND('',#195,.T.);
#126=FACE_OUTER_BOUND('',#196,.T.);
#127=FACE_OUTER_BOUND('',#197,.T.);
#128=FACE_OUTER_BOUND('',#198,.T.);
#129=FACE_OUTER_BOUND('',#199,.T.);
#130=FACE_OUTER_BOUND('',#200,.T.);
#131=FACE_OUTER_BOUND('',#201,.T.);
#132=FACE_OUTER_BOUND('',#202,.T.);
#133=FACE_OUTER_BOUND('',#203,.T.);
#134=FACE_OUTER_BOUND('',#204,.T.);
#135=EDGE_LOOP('',(#729,#730,#731,#732));
#136=EDGE_LOOP('',(#733,#734,#735,#736));
#137=EDGE_LOOP('',(#737,#738,#739,#740));
#138=EDGE_LOOP('',(#741,#742,#743,#744));
#139=EDGE_LOOP('',(#745,#746,#747,#748));
#140=EDGE_LOOP('',(#749,#750,#751,#752));
#141=EDGE_LOOP('',(#753,#754,#755,#756));
#142=EDGE_LOOP('',(#757,#758,#759,#760));
#143=EDGE_LOOP('',(#761,#762,#763,#764));
#144=EDGE_LOOP('',(#765,#766,#767,#768));
#145=EDGE_LOOP('',(#769,#770,#771,#772));
#146=EDGE_LOOP('',(#773,#774,#775,#776));
#147=EDGE_LOOP('',(#777,#778,#779,#780));
#148=EDGE_LOOP('',(#781,#782,#783,#784));
#149=EDGE_LOOP('',(#785,#786,#787,#788));
#150=EDGE_LOOP('',(#789,#790,#791,#792));
#151=EDGE_LOOP('',(#793,#794,#795,#796,#797,#798,#799,#800));
#152=EDGE_LOOP('',(#801,#802,#803,#804));
#153=EDGE_LOOP('',(#805,#806,#807,#808,#809,#810,#811,#812));
#154=EDGE_LOOP('',(#813,#814,#815,#816));
#155=EDGE_LOOP('',(#817,#818,#819,#820));
#156=EDGE_LOOP('',(#821,#822,#823,#824));
#157=EDGE_LOOP('',(#825,#826,#827,#828));
#158=EDGE_LOOP('',(#829,#830,#831,#832));
#159=EDGE_LOOP('',(#833,#834,#835,#836));
#160=EDGE_LOOP('',(#837,#838,#839,#840));
#161=EDGE_LOOP('',(#841,#842,#843,#844));
#162=EDGE_LOOP('',(#845,#846,#847,#848));
#163=EDGE_LOOP('',(#849,#850,#851,#852,#853,#854,#855,#856));
#164=EDGE_LOOP('',(#857,#858,#859,#860,#861,#862,#863,#864));
#165=EDGE_LOOP('',(#865,#866,#867,#868,#869,#870,#871,#872));
#166=EDGE_LOOP('',(#873,#874,#875,#876));
#167=EDGE_LOOP('',(#877,#878,#879,#880));
#168=EDGE_LOOP('',(#881));
#169=EDGE_LOOP('',(#882));
#170=EDGE_LOOP('',(#883,#884,#885,#886,#887));
#171=EDGE_LOOP('',(#888,#889,#890,#891,#892,#893,#894,#895,#896));
#172=EDGE_LOOP('',(#897,#898,#899,#900,#901));
#173=EDGE_LOOP('',(#902,#903,#904,#905,#906,#907,#908,#909,#910));
#174=EDGE_LOOP('',(#911,#912,#913,#914));
#175=EDGE_LOOP('',(#915,#916,#917,#918));
#176=EDGE_LOOP('',(#919,#920,#921,#922));
#177=EDGE_LOOP('',(#923,#924,#925,#926));
#178=EDGE_LOOP('',(#927,#928,#929,#930));
#179=EDGE_LOOP('',(#931,#932,#933,#934));
#180=EDGE_LOOP('',(#935,#936,#937,#938));
#181=EDGE_LOOP('',(#939,#940,#941,#942));
#182=EDGE_LOOP('',(#943,#944,#945,#946));
#183=EDGE_LOOP('',(#947,#948,#949,#950));
#184=EDGE_LOOP('',(#951,#952,#953,#954));
#185=EDGE_LOOP('',(#955,#956,#957,#958));
#186=EDGE_LOOP('',(#959,#960,#961,#962,#963,#964,#965,#966));
#187=EDGE_LOOP('',(#967,#968,#969,#970,#971,#972,#973,#974));
#188=EDGE_LOOP('',(#975,#976,#977,#978,#979,#980,#981,#982));
#189=EDGE_LOOP('',(#983));
#190=EDGE_LOOP('',(#984));
#191=EDGE_LOOP('',(#985,#986,#987,#988));
#192=EDGE_LOOP('',(#989,#990,#991,#992));
#193=EDGE_LOOP('',(#993,#994,#995,#996));
#194=EDGE_LOOP('',(#997,#998,#999,#1000));
#195=EDGE_LOOP('',(#1001,#1002,#1003,#1004));
#196=EDGE_LOOP('',(#1005,#1006,#1007,#1008));
#197=EDGE_LOOP('',(#1009,#1010,#1011,#1012));
#198=EDGE_LOOP('',(#1013,#1014,#1015,#1016));
#199=EDGE_LOOP('',(#1017,#1018,#1019,#1020));
#200=EDGE_LOOP('',(#1021,#1022,#1023,#1024));
#201=EDGE_LOOP('',(#1025,#1026,#1027,#1028));
#202=EDGE_LOOP('',(#1029,#1030,#1031,#1032));
#203=EDGE_LOOP('',(#1033,#1034,#1035,#1036,#1037,#1038,#1039,#1040,#1041,
#1042,#1043,#1044));
#204=EDGE_LOOP('',(#1045,#1046,#1047,#1048,#1049,#1050,#1051,#1052,#1053,
#1054,#1055,#1056));
#205=LINE('',#1623,#297);
#206=LINE('',#1626,#298);
#207=LINE('',#1629,#299);
#208=LINE('',#1631,#300);
#209=LINE('',#1632,#301);
#210=LINE('',#1638,#302);
#211=LINE('',#1644,#303);
#212=LINE('',#1647,#304);
#213=LINE('',#1649,#305);
#214=LINE('',#1650,#306);
#215=LINE('',#1656,#307);
#216=LINE('',#1659,#308);
#217=LINE('',#1661,#309);
#218=LINE('',#1662,#310);
#219=LINE('',#1668,#311);
#220=LINE('',#1671,#312);
#221=LINE('',#1674,#313);
#222=LINE('',#1676,#314);
#223=LINE('',#1677,#315);
#224=LINE('',#1682,#316);
#225=LINE('',#1686,#317);
#226=LINE('',#1688,#318);
#227=LINE('',#1689,#319);
#228=LINE('',#1694,#320);
#229=LINE('',#1698,#321);
#230=LINE('',#1700,#322);
#231=LINE('',#1701,#323);
#232=LINE('',#1706,#324);
#233=LINE('',#1709,#325);
#234=LINE('',#1710,#326);
#235=LINE('',#1714,#327);
#236=LINE('',#1718,#328);
#237=LINE('',#1720,#329);
#238=LINE('',#1726,#330);
#239=LINE('',#1729,#331);
#240=LINE('',#1731,#332);
#241=LINE('',#1745,#333);
#242=LINE('',#1746,#334);
#243=LINE('',#1749,#335);
#244=LINE('',#1750,#336);
#245=LINE('',#1767,#337);
#246=LINE('',#1769,#338);
#247=LINE('',#1773,#339);
#248=LINE('',#1774,#340);
#249=LINE('',#1775,#341);
#250=LINE('',#1788,#342);
#251=LINE('',#1791,#343);
#252=LINE('',#1792,#344);
#253=LINE('',#1815,#345);
#254=LINE('',#1829,#346);
#255=LINE('',#1835,#347);
#256=LINE('',#1839,#348);
#257=LINE('',#1843,#349);
#258=LINE('',#1847,#350);
#259=LINE('',#1889,#351);
#260=LINE('',#1891,#352);
#261=LINE('',#1892,#353);
#262=LINE('',#1896,#354);
#263=LINE('',#1899,#355);
#264=LINE('',#1900,#356);
#265=LINE('',#1904,#357);
#266=LINE('',#1907,#358);
#267=LINE('',#1908,#359);
#268=LINE('',#1912,#360);
#269=LINE('',#1915,#361);
#270=LINE('',#1916,#362);
#271=LINE('',#1921,#363);
#272=LINE('',#1924,#364);
#273=LINE('',#1927,#365);
#274=LINE('',#1928,#366);
#275=LINE('',#1931,#367);
#276=LINE('',#1935,#368);
#277=LINE('',#1936,#369);
#278=LINE('',#1940,#370);
#279=LINE('',#1944,#371);
#280=LINE('',#1948,#372);
#281=LINE('',#1952,#373);
#282=LINE('',#1959,#374);
#283=LINE('',#1960,#375);
#284=LINE('',#1962,#376);
#285=LINE('',#1964,#377);
#286=LINE('',#1966,#378);
#287=LINE('',#1969,#379);
#288=LINE('',#1970,#380);
#289=LINE('',#1973,#381);
#290=LINE('',#1977,#382);
#291=LINE('',#1978,#383);
#292=LINE('',#1982,#384);
#293=LINE('',#1983,#385);
#294=LINE('',#1985,#386);
#295=LINE('',#1989,#387);
#296=LINE('',#1991,#388);
#297=VECTOR('',#1277,10.);
#298=VECTOR('',#1280,10.);
#299=VECTOR('',#1283,10.);
#300=VECTOR('',#1284,10.);
#301=VECTOR('',#1285,10.);
#302=VECTOR('',#1292,10.);
#303=VECTOR('',#1297,10.);
#304=VECTOR('',#1300,10.);
#305=VECTOR('',#1303,10.);
#306=VECTOR('',#1304,10.);
#307=VECTOR('',#1309,10.);
#308=VECTOR('',#1312,10.);
#309=VECTOR('',#1315,10.);
#310=VECTOR('',#1316,10.);
#311=VECTOR('',#1321,10.);
#312=VECTOR('',#1324,10.);
#313=VECTOR('',#1327,10.);
#314=VECTOR('',#1328,10.);
#315=VECTOR('',#1329,10.);
#316=VECTOR('',#1334,10.);
#317=VECTOR('',#1339,10.);
#318=VECTOR('',#1340,10.);
#319=VECTOR('',#1341,10.);
#320=VECTOR('',#1346,10.);
#321=VECTOR('',#1351,10.);
#322=VECTOR('',#1352,10.);
#323=VECTOR('',#1353,10.);
#324=VECTOR('',#1358,10.);
#325=VECTOR('',#1363,10.);
#326=VECTOR('',#1364,10.);
#327=VECTOR('',#1367,10.);
#328=VECTOR('',#1370,10.);
#329=VECTOR('',#1373,10.);
#330=VECTOR('',#1378,10.);
#331=VECTOR('',#1381,10.);
#332=VECTOR('',#1384,10.);
#333=VECTOR('',#1387,10.);
#334=VECTOR('',#1388,10.);
#335=VECTOR('',#1391,10.);
#336=VECTOR('',#1392,10.);
#337=VECTOR('',#1395,10.);
#338=VECTOR('',#1398,10.);
#339=VECTOR('',#1401,10.);
#340=VECTOR('',#1402,10.);
#341=VECTOR('',#1403,10.);
#342=VECTOR('',#1406,10.);
#343=VECTOR('',#1409,10.);
#344=VECTOR('',#1410,10.);
#345=VECTOR('',#1423,3.25);
#346=VECTOR('',#1438,3.25);
#347=VECTOR('',#1445,10.);
#348=VECTOR('',#1448,10.);
#349=VECTOR('',#1451,10.);
#350=VECTOR('',#1454,10.);
#351=VECTOR('',#1499,10.);
#352=VECTOR('',#1500,10.);
#353=VECTOR('',#1501,10.);
#354=VECTOR('',#1506,10.);
#355=VECTOR('',#1509,10.);
#356=VECTOR('',#1510,10.);
#357=VECTOR('',#1515,10.);
#358=VECTOR('',#1518,10.);
#359=VECTOR('',#1519,10.);
#360=VECTOR('',#1524,10.);
#361=VECTOR('',#1527,10.);
#362=VECTOR('',#1528,10.);
#363=VECTOR('',#1535,10.);
#364=VECTOR('',#1538,10.);
#365=VECTOR('',#1541,10.);
#366=VECTOR('',#1542,10.);
#367=VECTOR('',#1545,10.);
#368=VECTOR('',#1550,10.);
#369=VECTOR('',#1551,10.);
#370=VECTOR('',#1554,10.);
#371=VECTOR('',#1557,10.);
#372=VECTOR('',#1560,10.);
#373=VECTOR('',#1563,10.);
#374=VECTOR('',#1572,10.);
#375=VECTOR('',#1573,10.);
#376=VECTOR('',#1576,10.);
#377=VECTOR('',#1579,10.);
#378=VECTOR('',#1582,10.);
#379=VECTOR('',#1585,10.);
#380=VECTOR('',#1586,10.);
#381=VECTOR('',#1589,10.);
#382=VECTOR('',#1594,10.);
#383=VECTOR('',#1595,10.);
#384=VECTOR('',#1602,10.);
#385=VECTOR('',#1603,10.);
#386=VECTOR('',#1606,10.);
#387=VECTOR('',#1613,1.7);
#388=VECTOR('',#1616,1.7);
#389=CIRCLE('',#1146,0.4);
#390=CIRCLE('',#1147,0.4);
#391=CIRCLE('',#1150,0.4);
#392=CIRCLE('',#1151,0.4);
#393=CIRCLE('',#1153,0.4);
#394=CIRCLE('',#1154,0.4);
#395=CIRCLE('',#1157,0.4);
#396=CIRCLE('',#1158,0.4);
#397=CIRCLE('',#1161,0.4);
#398=CIRCLE('',#1162,0.4);
#399=CIRCLE('',#1165,0.4);
#400=CIRCLE('',#1166,0.4);
#401=CIRCLE('',#1169,0.4);
#402=CIRCLE('',#1170,0.4);
#403=CIRCLE('',#1173,0.4);
#404=CIRCLE('',#1174,0.4);
#405=CIRCLE('',#1192,3.25);
#406=CIRCLE('',#1193,3.25);
#407=CIRCLE('',#1194,3.25);
#408=CIRCLE('',#1195,3.25);
#409=CIRCLE('',#1196,3.25);
#410=CIRCLE('',#1197,3.25);
#411=CIRCLE('',#1199,3.25);
#412=CIRCLE('',#1200,3.25);
#413=CIRCLE('',#1201,3.25);
#414=CIRCLE('',#1202,3.25);
#415=CIRCLE('',#1203,3.25);
#416=CIRCLE('',#1204,3.25);
#417=CIRCLE('',#1206,1.60000000000002);
#418=CIRCLE('',#1207,1.60000000000002);
#419=CIRCLE('',#1208,1.60000000000001);
#420=CIRCLE('',#1209,1.60000000000001);
#421=CIRCLE('',#1211,1.7);
#422=CIRCLE('',#1212,1.7);
#423=CIRCLE('',#1213,1.7);
#424=CIRCLE('',#1214,1.7);
#425=CIRCLE('',#1215,1.7);
#426=CIRCLE('',#1216,1.7);
#427=CIRCLE('',#1217,1.7);
#428=CIRCLE('',#1218,1.7);
#429=CIRCLE('',#1219,1.7);
#430=CIRCLE('',#1221,1.7);
#431=CIRCLE('',#1222,1.7);
#432=CIRCLE('',#1223,1.7);
#433=CIRCLE('',#1224,1.7);
#434=CIRCLE('',#1225,1.7);
#435=CIRCLE('',#1226,1.7);
#436=CIRCLE('',#1227,1.7);
#437=CIRCLE('',#1228,1.7);
#438=CIRCLE('',#1229,1.7);
#439=CIRCLE('',#1232,2.);
#440=CIRCLE('',#1235,2.);
#441=CIRCLE('',#1238,2.);
#442=CIRCLE('',#1241,2.);
#443=CIRCLE('',#1243,2.);
#444=CIRCLE('',#1246,2.);
#445=CIRCLE('',#1249,1.60000000000001);
#446=CIRCLE('',#1250,1.60000000000001);
#447=CIRCLE('',#1251,1.60000000000001);
#448=CIRCLE('',#1252,1.6);
#449=CIRCLE('',#1253,1.7);
#450=CIRCLE('',#1254,1.7);
#451=CIRCLE('',#1261,2.);
#452=CIRCLE('',#1264,2.);
#453=VERTEX_POINT('',#1619);
#454=VERTEX_POINT('',#1620);
#455=VERTEX_POINT('',#1622);
#456=VERTEX_POINT('',#1624);
#457=VERTEX_POINT('',#1628);
#458=VERTEX_POINT('',#1630);
#459=VERTEX_POINT('',#1634);
#460=VERTEX_POINT('',#1636);
#461=VERTEX_POINT('',#1640);
#462=VERTEX_POINT('',#1641);
#463=VERTEX_POINT('',#1643);
#464=VERTEX_POINT('',#1645);
#465=VERTEX_POINT('',#1652);
#466=VERTEX_POINT('',#1653);
#467=VERTEX_POINT('',#1655);
#468=VERTEX_POINT('',#1657);
#469=VERTEX_POINT('',#1664);
#470=VERTEX_POINT('',#1665);
#471=VERTEX_POINT('',#1667);
#472=VERTEX_POINT('',#1669);
#473=VERTEX_POINT('',#1673);
#474=VERTEX_POINT('',#1675);
#475=VERTEX_POINT('',#1679);
#476=VERTEX_POINT('',#1681);
#477=VERTEX_POINT('',#1685);
#478=VERTEX_POINT('',#1687);
#479=VERTEX_POINT('',#1691);
#480=VERTEX_POINT('',#1693);
#481=VERTEX_POINT('',#1697);
#482=VERTEX_POINT('',#1699);
#483=VERTEX_POINT('',#1703);
#484=VERTEX_POINT('',#1705);
#485=VERTEX_POINT('',#1712);
#486=VERTEX_POINT('',#1713);
#487=VERTEX_POINT('',#1715);
#488=VERTEX_POINT('',#1717);
#489=VERTEX_POINT('',#1722);
#490=VERTEX_POINT('',#1723);
#491=VERTEX_POINT('',#1725);
#492=VERTEX_POINT('',#1727);
#493=VERTEX_POINT('',#1742);
#494=VERTEX_POINT('',#1743);
#495=VERTEX_POINT('',#1748);
#496=VERTEX_POINT('',#1765);
#497=VERTEX_POINT('',#1771);
#498=VERTEX_POINT('',#1772);
#499=VERTEX_POINT('',#1786);
#500=VERTEX_POINT('',#1790);
#501=VERTEX_POINT('',#1805);
#502=VERTEX_POINT('',#1806);
#503=VERTEX_POINT('',#1808);
#504=VERTEX_POINT('',#1810);
#505=VERTEX_POINT('',#1812);
#506=VERTEX_POINT('',#1814);
#507=VERTEX_POINT('',#1819);
#508=VERTEX_POINT('',#1820);
#509=VERTEX_POINT('',#1822);
#510=VERTEX_POINT('',#1824);
#511=VERTEX_POINT('',#1826);
#512=VERTEX_POINT('',#1828);
#513=VERTEX_POINT('',#1833);
#514=VERTEX_POINT('',#1834);
#515=VERTEX_POINT('',#1836);
#516=VERTEX_POINT('',#1838);
#517=VERTEX_POINT('',#1840);
#518=VERTEX_POINT('',#1842);
#519=VERTEX_POINT('',#1844);
#520=VERTEX_POINT('',#1846);
#521=VERTEX_POINT('',#1850);
#522=VERTEX_POINT('',#1851);
#523=VERTEX_POINT('',#1853);
#524=VERTEX_POINT('',#1855);
#525=VERTEX_POINT('',#1857);
#526=VERTEX_POINT('',#1859);
#527=VERTEX_POINT('',#1861);
#528=VERTEX_POINT('',#1863);
#529=VERTEX_POINT('',#1865);
#530=VERTEX_POINT('',#1869);
#531=VERTEX_POINT('',#1870);
#532=VERTEX_POINT('',#1872);
#533=VERTEX_POINT('',#1874);
#534=VERTEX_POINT('',#1876);
#535=VERTEX_POINT('',#1878);
#536=VERTEX_POINT('',#1880);
#537=VERTEX_POINT('',#1882);
#538=VERTEX_POINT('',#1884);
#539=VERTEX_POINT('',#1888);
#540=VERTEX_POINT('',#1890);
#541=VERTEX_POINT('',#1894);
#542=VERTEX_POINT('',#1898);
#543=VERTEX_POINT('',#1902);
#544=VERTEX_POINT('',#1906);
#545=VERTEX_POINT('',#1910);
#546=VERTEX_POINT('',#1914);
#547=VERTEX_POINT('',#1920);
#548=VERTEX_POINT('',#1922);
#549=VERTEX_POINT('',#1926);
#550=VERTEX_POINT('',#1930);
#551=VERTEX_POINT('',#1934);
#552=VERTEX_POINT('',#1938);
#553=VERTEX_POINT('',#1939);
#554=VERTEX_POINT('',#1941);
#555=VERTEX_POINT('',#1943);
#556=VERTEX_POINT('',#1945);
#557=VERTEX_POINT('',#1947);
#558=VERTEX_POINT('',#1949);
#559=VERTEX_POINT('',#1951);
#560=VERTEX_POINT('',#1954);
#561=VERTEX_POINT('',#1956);
#562=VERTEX_POINT('',#1968);
#563=VERTEX_POINT('',#1972);
#564=VERTEX_POINT('',#1976);
#565=EDGE_CURVE('',#453,#454,#389,.T.);
#566=EDGE_CURVE('',#454,#455,#205,.T.);
#567=EDGE_CURVE('',#455,#456,#390,.T.);
#568=EDGE_CURVE('',#456,#453,#206,.T.);
#569=EDGE_CURVE('',#457,#454,#207,.T.);
#570=EDGE_CURVE('',#458,#457,#208,.T.);
#571=EDGE_CURVE('',#458,#455,#209,.T.);
#572=EDGE_CURVE('',#459,#458,#391,.T.);
#573=EDGE_CURVE('',#457,#460,#392,.T.);
#574=EDGE_CURVE('',#460,#459,#210,.T.);
#575=EDGE_CURVE('',#461,#462,#393,.T.);
#576=EDGE_CURVE('',#462,#463,#211,.T.);
#577=EDGE_CURVE('',#463,#464,#394,.T.);
#578=EDGE_CURVE('',#464,#461,#212,.T.);
#579=EDGE_CURVE('',#460,#463,#213,.T.);
#580=EDGE_CURVE('',#462,#459,#214,.T.);
#581=EDGE_CURVE('',#465,#466,#395,.T.);
#582=EDGE_CURVE('',#466,#467,#215,.T.);
#583=EDGE_CURVE('',#467,#468,#396,.T.);
#584=EDGE_CURVE('',#468,#465,#216,.T.);
#585=EDGE_CURVE('',#456,#467,#217,.T.);
#586=EDGE_CURVE('',#466,#453,#218,.T.);
#587=EDGE_CURVE('',#469,#470,#397,.T.);
#588=EDGE_CURVE('',#470,#471,#219,.T.);
#589=EDGE_CURVE('',#471,#472,#398,.T.);
#590=EDGE_CURVE('',#472,#469,#220,.T.);
#591=EDGE_CURVE('',#470,#473,#221,.T.);
#592=EDGE_CURVE('',#474,#473,#222,.T.);
#593=EDGE_CURVE('',#471,#474,#223,.T.);
#594=EDGE_CURVE('',#473,#475,#399,.T.);
#595=EDGE_CURVE('',#475,#476,#224,.T.);
#596=EDGE_CURVE('',#476,#474,#400,.T.);
#597=EDGE_CURVE('',#475,#477,#225,.T.);
#598=EDGE_CURVE('',#478,#477,#226,.T.);
#599=EDGE_CURVE('',#476,#478,#227,.T.);
#600=EDGE_CURVE('',#477,#479,#401,.T.);
#601=EDGE_CURVE('',#479,#480,#228,.T.);
#602=EDGE_CURVE('',#480,#478,#402,.T.);
#603=EDGE_CURVE('',#479,#481,#229,.T.);
#604=EDGE_CURVE('',#482,#481,#230,.T.);
#605=EDGE_CURVE('',#480,#482,#231,.T.);
#606=EDGE_CURVE('',#481,#483,#403,.T.);
#607=EDGE_CURVE('',#483,#484,#232,.T.);
#608=EDGE_CURVE('',#484,#482,#404,.T.);
#609=EDGE_CURVE('',#484,#472,#233,.T.);
#610=EDGE_CURVE('',#483,#469,#234,.T.);
#611=EDGE_CURVE('',#485,#486,#235,.T.);
#612=EDGE_CURVE('',#487,#485,#39,.T.);
#613=EDGE_CURVE('',#488,#487,#236,.T.);
#614=EDGE_CURVE('',#486,#488,#40,.T.);
#615=EDGE_CURVE('',#468,#461,#237,.T.);
#616=EDGE_CURVE('',#489,#490,#41,.T.);
#617=EDGE_CURVE('',#491,#489,#238,.T.);
#618=EDGE_CURVE('',#492,#491,#42,.T.);
#619=EDGE_CURVE('',#490,#492,#239,.T.);
#620=EDGE_CURVE('',#464,#465,#240,.T.);
#621=EDGE_CURVE('',#493,#494,#43,.T.);
#622=EDGE_CURVE('',#493,#487,#241,.T.);
#623=EDGE_CURVE('',#494,#485,#242,.T.);
#624=EDGE_CURVE('',#495,#493,#243,.T.);
#625=EDGE_CURVE('',#495,#488,#244,.T.);
#626=EDGE_CURVE('',#496,#495,#44,.T.);
#627=EDGE_CURVE('',#496,#486,#245,.T.);
#628=EDGE_CURVE('',#494,#496,#246,.T.);
#629=EDGE_CURVE('',#497,#498,#247,.T.);
#630=EDGE_CURVE('',#497,#491,#248,.T.);
#631=EDGE_CURVE('',#498,#489,#249,.T.);
#632=EDGE_CURVE('',#499,#497,#45,.T.);
#633=EDGE_CURVE('',#499,#492,#250,.T.);
#634=EDGE_CURVE('',#500,#499,#251,.T.);
#635=EDGE_CURVE('',#500,#490,#252,.T.);
#636=EDGE_CURVE('',#498,#500,#46,.T.);
#637=EDGE_CURVE('',#501,#502,#405,.T.);
#638=EDGE_CURVE('',#503,#502,#406,.T.);
#639=EDGE_CURVE('',#503,#504,#407,.T.);
#640=EDGE_CURVE('',#505,#504,#408,.T.);
#641=EDGE_CURVE('',#505,#506,#253,.T.);
#642=EDGE_CURVE('',#506,#506,#409,.T.);
#643=EDGE_CURVE('',#501,#505,#410,.T.);
#644=EDGE_CURVE('',#507,#508,#411,.T.);
#645=EDGE_CURVE('',#509,#508,#412,.T.);
#646=EDGE_CURVE('',#509,#510,#413,.T.);
#647=EDGE_CURVE('',#511,#510,#414,.T.);
#648=EDGE_CURVE('',#511,#512,#254,.T.);
#649=EDGE_CURVE('',#512,#512,#415,.T.);
#650=EDGE_CURVE('',#507,#511,#416,.T.);
#651=EDGE_CURVE('',#513,#514,#255,.T.);
#652=EDGE_CURVE('',#515,#513,#417,.T.);
#653=EDGE_CURVE('',#516,#515,#256,.T.);
#654=EDGE_CURVE('',#517,#516,#418,.T.);
#655=EDGE_CURVE('',#518,#517,#257,.T.);
#656=EDGE_CURVE('',#519,#518,#419,.T.);
#657=EDGE_CURVE('',#520,#519,#258,.T.);
#658=EDGE_CURVE('',#514,#520,#420,.T.);
#659=EDGE_CURVE('',#521,#522,#421,.T.);
#660=EDGE_CURVE('',#522,#523,#422,.T.);
#661=EDGE_CURVE('',#523,#524,#423,.T.);
#662=EDGE_CURVE('',#525,#524,#424,.T.);
#663=EDGE_CURVE('',#525,#526,#425,.T.);
#664=EDGE_CURVE('',#526,#527,#426,.T.);
#665=EDGE_CURVE('',#527,#528,#427,.T.);
#666=EDGE_CURVE('',#529,#528,#428,.T.);
#667=EDGE_CURVE('',#529,#521,#429,.T.);
#668=EDGE_CURVE('',#530,#531,#430,.T.);
#669=EDGE_CURVE('',#531,#532,#431,.T.);
#670=EDGE_CURVE('',#532,#533,#432,.T.);
#671=EDGE_CURVE('',#534,#533,#433,.T.);
#672=EDGE_CURVE('',#534,#535,#434,.T.);
#673=EDGE_CURVE('',#535,#536,#435,.T.);
#674=EDGE_CURVE('',#536,#537,#436,.T.);
#675=EDGE_CURVE('',#538,#537,#437,.T.);
#676=EDGE_CURVE('',#538,#530,#438,.T.);
#677=EDGE_CURVE('',#539,#513,#259,.T.);
#678=EDGE_CURVE('',#514,#540,#260,.T.);
#679=EDGE_CURVE('',#540,#539,#261,.T.);
#680=EDGE_CURVE('',#539,#541,#439,.T.);
#681=EDGE_CURVE('',#541,#515,#262,.T.);
#682=EDGE_CURVE('',#542,#516,#263,.T.);
#683=EDGE_CURVE('',#541,#542,#264,.T.);
#684=EDGE_CURVE('',#542,#543,#440,.T.);
#685=EDGE_CURVE('',#543,#517,#265,.T.);
#686=EDGE_CURVE('',#544,#518,#266,.T.);
#687=EDGE_CURVE('',#543,#544,#267,.T.);
#688=EDGE_CURVE('',#544,#545,#441,.T.);
#689=EDGE_CURVE('',#545,#519,#268,.T.);
#690=EDGE_CURVE('',#546,#520,#269,.T.);
#691=EDGE_CURVE('',#545,#546,#270,.T.);
#692=EDGE_CURVE('',#546,#540,#442,.T.);
#693=EDGE_CURVE('',#542,#547,#271,.T.);
#694=EDGE_CURVE('',#548,#547,#443,.T.);
#695=EDGE_CURVE('',#548,#543,#272,.T.);
#696=EDGE_CURVE('',#549,#541,#273,.T.);
#697=EDGE_CURVE('',#547,#549,#274,.T.);
#698=EDGE_CURVE('',#539,#550,#275,.T.);
#699=EDGE_CURVE('',#549,#550,#444,.T.);
#700=EDGE_CURVE('',#551,#540,#276,.T.);
#701=EDGE_CURVE('',#550,#551,#277,.T.);
#702=EDGE_CURVE('',#552,#553,#278,.T.);
#703=EDGE_CURVE('',#554,#552,#445,.T.);
#704=EDGE_CURVE('',#555,#554,#279,.T.);
#705=EDGE_CURVE('',#556,#555,#446,.T.);
#706=EDGE_CURVE('',#557,#556,#280,.T.);
#707=EDGE_CURVE('',#558,#557,#447,.T.);
#708=EDGE_CURVE('',#559,#558,#281,.T.);
#709=EDGE_CURVE('',#553,#559,#448,.T.);
#710=EDGE_CURVE('',#560,#560,#449,.T.);
#711=EDGE_CURVE('',#561,#561,#450,.T.);
#712=EDGE_CURVE('',#553,#550,#282,.T.);
#713=EDGE_CURVE('',#551,#552,#283,.T.);
#714=EDGE_CURVE('',#559,#549,#284,.T.);
#715=EDGE_CURVE('',#558,#547,#285,.T.);
#716=EDGE_CURVE('',#557,#548,#286,.T.);
#717=EDGE_CURVE('',#556,#562,#287,.T.);
#718=EDGE_CURVE('',#562,#548,#288,.T.);
#719=EDGE_CURVE('',#555,#563,#289,.T.);
#720=EDGE_CURVE('',#563,#562,#451,.T.);
#721=EDGE_CURVE('',#554,#564,#290,.T.);
#722=EDGE_CURVE('',#564,#563,#291,.T.);
#723=EDGE_CURVE('',#551,#564,#452,.T.);
#724=EDGE_CURVE('',#544,#562,#292,.T.);
#725=EDGE_CURVE('',#563,#545,#293,.T.);
#726=EDGE_CURVE('',#546,#564,#294,.T.);
#727=EDGE_CURVE('',#522,#561,#295,.T.);
#728=EDGE_CURVE('',#531,#560,#296,.T.);
#729=ORIENTED_EDGE('',*,*,#565,.T.);
#730=ORIENTED_EDGE('',*,*,#566,.T.);
#731=ORIENTED_EDGE('',*,*,#567,.T.);
#732=ORIENTED_EDGE('',*,*,#568,.T.);
#733=ORIENTED_EDGE('',*,*,#566,.F.);
#734=ORIENTED_EDGE('',*,*,#569,.F.);
#735=ORIENTED_EDGE('',*,*,#570,.F.);
#736=ORIENTED_EDGE('',*,*,#571,.T.);
#737=ORIENTED_EDGE('',*,*,#572,.T.);
#738=ORIENTED_EDGE('',*,*,#570,.T.);
#739=ORIENTED_EDGE('',*,*,#573,.T.);
#740=ORIENTED_EDGE('',*,*,#574,.T.);
#741=ORIENTED_EDGE('',*,*,#575,.T.);
#742=ORIENTED_EDGE('',*,*,#576,.T.);
#743=ORIENTED_EDGE('',*,*,#577,.T.);
#744=ORIENTED_EDGE('',*,*,#578,.T.);
#745=ORIENTED_EDGE('',*,*,#574,.F.);
#746=ORIENTED_EDGE('',*,*,#579,.T.);
#747=ORIENTED_EDGE('',*,*,#576,.F.);
#748=ORIENTED_EDGE('',*,*,#580,.T.);
#749=ORIENTED_EDGE('',*,*,#581,.T.);
#750=ORIENTED_EDGE('',*,*,#582,.T.);
#751=ORIENTED_EDGE('',*,*,#583,.T.);
#752=ORIENTED_EDGE('',*,*,#584,.T.);
#753=ORIENTED_EDGE('',*,*,#568,.F.);
#754=ORIENTED_EDGE('',*,*,#585,.T.);
#755=ORIENTED_EDGE('',*,*,#582,.F.);
#756=ORIENTED_EDGE('',*,*,#586,.T.);
#757=ORIENTED_EDGE('',*,*,#587,.T.);
#758=ORIENTED_EDGE('',*,*,#588,.T.);
#759=ORIENTED_EDGE('',*,*,#589,.T.);
#760=ORIENTED_EDGE('',*,*,#590,.T.);
#761=ORIENTED_EDGE('',*,*,#588,.F.);
#762=ORIENTED_EDGE('',*,*,#591,.T.);
#763=ORIENTED_EDGE('',*,*,#592,.F.);
#764=ORIENTED_EDGE('',*,*,#593,.F.);
#765=ORIENTED_EDGE('',*,*,#594,.T.);
#766=ORIENTED_EDGE('',*,*,#595,.T.);
#767=ORIENTED_EDGE('',*,*,#596,.T.);
#768=ORIENTED_EDGE('',*,*,#592,.T.);
#769=ORIENTED_EDGE('',*,*,#595,.F.);
#770=ORIENTED_EDGE('',*,*,#597,.T.);
#771=ORIENTED_EDGE('',*,*,#598,.F.);
#772=ORIENTED_EDGE('',*,*,#599,.F.);
#773=ORIENTED_EDGE('',*,*,#600,.T.);
#774=ORIENTED_EDGE('',*,*,#601,.T.);
#775=ORIENTED_EDGE('',*,*,#602,.T.);
#776=ORIENTED_EDGE('',*,*,#598,.T.);
#777=ORIENTED_EDGE('',*,*,#601,.F.);
#778=ORIENTED_EDGE('',*,*,#603,.T.);
#779=ORIENTED_EDGE('',*,*,#604,.F.);
#780=ORIENTED_EDGE('',*,*,#605,.F.);
#781=ORIENTED_EDGE('',*,*,#606,.T.);
#782=ORIENTED_EDGE('',*,*,#607,.T.);
#783=ORIENTED_EDGE('',*,*,#608,.T.);
#784=ORIENTED_EDGE('',*,*,#604,.T.);
#785=ORIENTED_EDGE('',*,*,#590,.F.);
#786=ORIENTED_EDGE('',*,*,#609,.F.);
#787=ORIENTED_EDGE('',*,*,#607,.F.);
#788=ORIENTED_EDGE('',*,*,#610,.T.);
#789=ORIENTED_EDGE('',*,*,#611,.F.);
#790=ORIENTED_EDGE('',*,*,#612,.F.);
#791=ORIENTED_EDGE('',*,*,#613,.F.);
#792=ORIENTED_EDGE('',*,*,#614,.F.);
#793=ORIENTED_EDGE('',*,*,#572,.F.);
#794=ORIENTED_EDGE('',*,*,#580,.F.);
#795=ORIENTED_EDGE('',*,*,#575,.F.);
#796=ORIENTED_EDGE('',*,*,#615,.F.);
#797=ORIENTED_EDGE('',*,*,#583,.F.);
#798=ORIENTED_EDGE('',*,*,#585,.F.);
#799=ORIENTED_EDGE('',*,*,#567,.F.);
#800=ORIENTED_EDGE('',*,*,#571,.F.);
#801=ORIENTED_EDGE('',*,*,#616,.F.);
#802=ORIENTED_EDGE('',*,*,#617,.F.);
#803=ORIENTED_EDGE('',*,*,#618,.F.);
#804=ORIENTED_EDGE('',*,*,#619,.F.);
#805=ORIENTED_EDGE('',*,*,#594,.F.);
#806=ORIENTED_EDGE('',*,*,#591,.F.);
#807=ORIENTED_EDGE('',*,*,#587,.F.);
#808=ORIENTED_EDGE('',*,*,#610,.F.);
#809=ORIENTED_EDGE('',*,*,#606,.F.);
#810=ORIENTED_EDGE('',*,*,#603,.F.);
#811=ORIENTED_EDGE('',*,*,#600,.F.);
#812=ORIENTED_EDGE('',*,*,#597,.F.);
#813=ORIENTED_EDGE('',*,*,#578,.F.);
#814=ORIENTED_EDGE('',*,*,#620,.T.);
#815=ORIENTED_EDGE('',*,*,#584,.F.);
#816=ORIENTED_EDGE('',*,*,#615,.T.);
#817=ORIENTED_EDGE('',*,*,#621,.F.);
#818=ORIENTED_EDGE('',*,*,#622,.T.);
#819=ORIENTED_EDGE('',*,*,#612,.T.);
#820=ORIENTED_EDGE('',*,*,#623,.F.);
#821=ORIENTED_EDGE('',*,*,#624,.F.);
#822=ORIENTED_EDGE('',*,*,#625,.T.);
#823=ORIENTED_EDGE('',*,*,#613,.T.);
#824=ORIENTED_EDGE('',*,*,#622,.F.);
#825=ORIENTED_EDGE('',*,*,#626,.F.);
#826=ORIENTED_EDGE('',*,*,#627,.T.);
#827=ORIENTED_EDGE('',*,*,#614,.T.);
#828=ORIENTED_EDGE('',*,*,#625,.F.);
#829=ORIENTED_EDGE('',*,*,#628,.F.);
#830=ORIENTED_EDGE('',*,*,#623,.T.);
#831=ORIENTED_EDGE('',*,*,#611,.T.);
#832=ORIENTED_EDGE('',*,*,#627,.F.);
#833=ORIENTED_EDGE('',*,*,#629,.F.);
#834=ORIENTED_EDGE('',*,*,#630,.T.);
#835=ORIENTED_EDGE('',*,*,#617,.T.);
#836=ORIENTED_EDGE('',*,*,#631,.F.);
#837=ORIENTED_EDGE('',*,*,#632,.F.);
#838=ORIENTED_EDGE('',*,*,#633,.T.);
#839=ORIENTED_EDGE('',*,*,#618,.T.);
#840=ORIENTED_EDGE('',*,*,#630,.F.);
#841=ORIENTED_EDGE('',*,*,#634,.F.);
#842=ORIENTED_EDGE('',*,*,#635,.T.);
#843=ORIENTED_EDGE('',*,*,#619,.T.);
#844=ORIENTED_EDGE('',*,*,#633,.F.);
#845=ORIENTED_EDGE('',*,*,#636,.F.);
#846=ORIENTED_EDGE('',*,*,#631,.T.);
#847=ORIENTED_EDGE('',*,*,#616,.T.);
#848=ORIENTED_EDGE('',*,*,#635,.F.);
#849=ORIENTED_EDGE('',*,*,#637,.T.);
#850=ORIENTED_EDGE('',*,*,#638,.F.);
#851=ORIENTED_EDGE('',*,*,#639,.T.);
#852=ORIENTED_EDGE('',*,*,#640,.F.);
#853=ORIENTED_EDGE('',*,*,#641,.T.);
#854=ORIENTED_EDGE('',*,*,#642,.F.);
#855=ORIENTED_EDGE('',*,*,#641,.F.);
#856=ORIENTED_EDGE('',*,*,#643,.F.);
#857=ORIENTED_EDGE('',*,*,#644,.T.);
#858=ORIENTED_EDGE('',*,*,#645,.F.);
#859=ORIENTED_EDGE('',*,*,#646,.T.);
#860=ORIENTED_EDGE('',*,*,#647,.F.);
#861=ORIENTED_EDGE('',*,*,#648,.T.);
#862=ORIENTED_EDGE('',*,*,#649,.F.);
#863=ORIENTED_EDGE('',*,*,#648,.F.);
#864=ORIENTED_EDGE('',*,*,#650,.F.);
#865=ORIENTED_EDGE('',*,*,#651,.F.);
#866=ORIENTED_EDGE('',*,*,#652,.F.);
#867=ORIENTED_EDGE('',*,*,#653,.F.);
#868=ORIENTED_EDGE('',*,*,#654,.F.);
#869=ORIENTED_EDGE('',*,*,#655,.F.);
#870=ORIENTED_EDGE('',*,*,#656,.F.);
#871=ORIENTED_EDGE('',*,*,#657,.F.);
#872=ORIENTED_EDGE('',*,*,#658,.F.);
#873=ORIENTED_EDGE('',*,*,#621,.T.);
#874=ORIENTED_EDGE('',*,*,#628,.T.);
#875=ORIENTED_EDGE('',*,*,#626,.T.);
#876=ORIENTED_EDGE('',*,*,#624,.T.);
#877=ORIENTED_EDGE('',*,*,#629,.T.);
#878=ORIENTED_EDGE('',*,*,#636,.T.);
#879=ORIENTED_EDGE('',*,*,#634,.T.);
#880=ORIENTED_EDGE('',*,*,#632,.T.);
#881=ORIENTED_EDGE('',*,*,#642,.T.);
#882=ORIENTED_EDGE('',*,*,#649,.T.);
#883=ORIENTED_EDGE('',*,*,#643,.T.);
#884=ORIENTED_EDGE('',*,*,#640,.T.);
#885=ORIENTED_EDGE('',*,*,#639,.F.);
#886=ORIENTED_EDGE('',*,*,#638,.T.);
#887=ORIENTED_EDGE('',*,*,#637,.F.);
#888=ORIENTED_EDGE('',*,*,#659,.T.);
#889=ORIENTED_EDGE('',*,*,#660,.T.);
#890=ORIENTED_EDGE('',*,*,#661,.T.);
#891=ORIENTED_EDGE('',*,*,#662,.F.);
#892=ORIENTED_EDGE('',*,*,#663,.T.);
#893=ORIENTED_EDGE('',*,*,#664,.T.);
#894=ORIENTED_EDGE('',*,*,#665,.T.);
#895=ORIENTED_EDGE('',*,*,#666,.F.);
#896=ORIENTED_EDGE('',*,*,#667,.T.);
#897=ORIENTED_EDGE('',*,*,#650,.T.);
#898=ORIENTED_EDGE('',*,*,#647,.T.);
#899=ORIENTED_EDGE('',*,*,#646,.F.);
#900=ORIENTED_EDGE('',*,*,#645,.T.);
#901=ORIENTED_EDGE('',*,*,#644,.F.);
#902=ORIENTED_EDGE('',*,*,#668,.T.);
#903=ORIENTED_EDGE('',*,*,#669,.T.);
#904=ORIENTED_EDGE('',*,*,#670,.T.);
#905=ORIENTED_EDGE('',*,*,#671,.F.);
#906=ORIENTED_EDGE('',*,*,#672,.T.);
#907=ORIENTED_EDGE('',*,*,#673,.T.);
#908=ORIENTED_EDGE('',*,*,#674,.T.);
#909=ORIENTED_EDGE('',*,*,#675,.F.);
#910=ORIENTED_EDGE('',*,*,#676,.T.);
#911=ORIENTED_EDGE('',*,*,#677,.T.);
#912=ORIENTED_EDGE('',*,*,#651,.T.);
#913=ORIENTED_EDGE('',*,*,#678,.T.);
#914=ORIENTED_EDGE('',*,*,#679,.T.);
#915=ORIENTED_EDGE('',*,*,#677,.F.);
#916=ORIENTED_EDGE('',*,*,#680,.T.);
#917=ORIENTED_EDGE('',*,*,#681,.T.);
#918=ORIENTED_EDGE('',*,*,#652,.T.);
#919=ORIENTED_EDGE('',*,*,#682,.T.);
#920=ORIENTED_EDGE('',*,*,#653,.T.);
#921=ORIENTED_EDGE('',*,*,#681,.F.);
#922=ORIENTED_EDGE('',*,*,#683,.T.);
#923=ORIENTED_EDGE('',*,*,#682,.F.);
#924=ORIENTED_EDGE('',*,*,#684,.T.);
#925=ORIENTED_EDGE('',*,*,#685,.T.);
#926=ORIENTED_EDGE('',*,*,#654,.T.);
#927=ORIENTED_EDGE('',*,*,#686,.T.);
#928=ORIENTED_EDGE('',*,*,#655,.T.);
#929=ORIENTED_EDGE('',*,*,#685,.F.);
#930=ORIENTED_EDGE('',*,*,#687,.T.);
#931=ORIENTED_EDGE('',*,*,#686,.F.);
#932=ORIENTED_EDGE('',*,*,#688,.T.);
#933=ORIENTED_EDGE('',*,*,#689,.T.);
#934=ORIENTED_EDGE('',*,*,#656,.T.);
#935=ORIENTED_EDGE('',*,*,#690,.T.);
#936=ORIENTED_EDGE('',*,*,#657,.T.);
#937=ORIENTED_EDGE('',*,*,#689,.F.);
#938=ORIENTED_EDGE('',*,*,#691,.T.);
#939=ORIENTED_EDGE('',*,*,#690,.F.);
#940=ORIENTED_EDGE('',*,*,#692,.T.);
#941=ORIENTED_EDGE('',*,*,#678,.F.);
#942=ORIENTED_EDGE('',*,*,#658,.T.);
#943=ORIENTED_EDGE('',*,*,#684,.F.);
#944=ORIENTED_EDGE('',*,*,#693,.T.);
#945=ORIENTED_EDGE('',*,*,#694,.F.);
#946=ORIENTED_EDGE('',*,*,#695,.T.);
#947=ORIENTED_EDGE('',*,*,#683,.F.);
#948=ORIENTED_EDGE('',*,*,#696,.F.);
#949=ORIENTED_EDGE('',*,*,#697,.F.);
#950=ORIENTED_EDGE('',*,*,#693,.F.);
#951=ORIENTED_EDGE('',*,*,#680,.F.);
#952=ORIENTED_EDGE('',*,*,#698,.T.);
#953=ORIENTED_EDGE('',*,*,#699,.F.);
#954=ORIENTED_EDGE('',*,*,#696,.T.);
#955=ORIENTED_EDGE('',*,*,#679,.F.);
#956=ORIENTED_EDGE('',*,*,#700,.F.);
#957=ORIENTED_EDGE('',*,*,#701,.F.);
#958=ORIENTED_EDGE('',*,*,#698,.F.);
#959=ORIENTED_EDGE('',*,*,#702,.F.);
#960=ORIENTED_EDGE('',*,*,#703,.F.);
#961=ORIENTED_EDGE('',*,*,#704,.F.);
#962=ORIENTED_EDGE('',*,*,#705,.F.);
#963=ORIENTED_EDGE('',*,*,#706,.F.);
#964=ORIENTED_EDGE('',*,*,#707,.F.);
#965=ORIENTED_EDGE('',*,*,#708,.F.);
#966=ORIENTED_EDGE('',*,*,#709,.F.);
#967=ORIENTED_EDGE('',*,*,#599,.T.);
#968=ORIENTED_EDGE('',*,*,#602,.F.);
#969=ORIENTED_EDGE('',*,*,#605,.T.);
#970=ORIENTED_EDGE('',*,*,#608,.F.);
#971=ORIENTED_EDGE('',*,*,#609,.T.);
#972=ORIENTED_EDGE('',*,*,#589,.F.);
#973=ORIENTED_EDGE('',*,*,#593,.T.);
#974=ORIENTED_EDGE('',*,*,#596,.F.);
#975=ORIENTED_EDGE('',*,*,#581,.F.);
#976=ORIENTED_EDGE('',*,*,#620,.F.);
#977=ORIENTED_EDGE('',*,*,#577,.F.);
#978=ORIENTED_EDGE('',*,*,#579,.F.);
#979=ORIENTED_EDGE('',*,*,#573,.F.);
#980=ORIENTED_EDGE('',*,*,#569,.T.);
#981=ORIENTED_EDGE('',*,*,#565,.F.);
#982=ORIENTED_EDGE('',*,*,#586,.F.);
#983=ORIENTED_EDGE('',*,*,#710,.T.);
#984=ORIENTED_EDGE('',*,*,#711,.T.);
#985=ORIENTED_EDGE('',*,*,#712,.T.);
#986=ORIENTED_EDGE('',*,*,#701,.T.);
#987=ORIENTED_EDGE('',*,*,#713,.T.);
#988=ORIENTED_EDGE('',*,*,#702,.T.);
#989=ORIENTED_EDGE('',*,*,#714,.T.);
#990=ORIENTED_EDGE('',*,*,#699,.T.);
#991=ORIENTED_EDGE('',*,*,#712,.F.);
#992=ORIENTED_EDGE('',*,*,#709,.T.);
#993=ORIENTED_EDGE('',*,*,#715,.T.);
#994=ORIENTED_EDGE('',*,*,#697,.T.);
#995=ORIENTED_EDGE('',*,*,#714,.F.);
#996=ORIENTED_EDGE('',*,*,#708,.T.);
#997=ORIENTED_EDGE('',*,*,#716,.T.);
#998=ORIENTED_EDGE('',*,*,#694,.T.);
#999=ORIENTED_EDGE('',*,*,#715,.F.);
#1000=ORIENTED_EDGE('',*,*,#707,.T.);
#1001=ORIENTED_EDGE('',*,*,#716,.F.);
#1002=ORIENTED_EDGE('',*,*,#706,.T.);
#1003=ORIENTED_EDGE('',*,*,#717,.T.);
#1004=ORIENTED_EDGE('',*,*,#718,.T.);
#1005=ORIENTED_EDGE('',*,*,#719,.T.);
#1006=ORIENTED_EDGE('',*,*,#720,.T.);
#1007=ORIENTED_EDGE('',*,*,#717,.F.);
#1008=ORIENTED_EDGE('',*,*,#705,.T.);
#1009=ORIENTED_EDGE('',*,*,#719,.F.);
#1010=ORIENTED_EDGE('',*,*,#704,.T.);
#1011=ORIENTED_EDGE('',*,*,#721,.T.);
#1012=ORIENTED_EDGE('',*,*,#722,.T.);
#1013=ORIENTED_EDGE('',*,*,#713,.F.);
#1014=ORIENTED_EDGE('',*,*,#723,.T.);
#1015=ORIENTED_EDGE('',*,*,#721,.F.);
#1016=ORIENTED_EDGE('',*,*,#703,.T.);
#1017=ORIENTED_EDGE('',*,*,#688,.F.);
#1018=ORIENTED_EDGE('',*,*,#724,.T.);
#1019=ORIENTED_EDGE('',*,*,#720,.F.);
#1020=ORIENTED_EDGE('',*,*,#725,.T.);
#1021=ORIENTED_EDGE('',*,*,#691,.F.);
#1022=ORIENTED_EDGE('',*,*,#725,.F.);
#1023=ORIENTED_EDGE('',*,*,#722,.F.);
#1024=ORIENTED_EDGE('',*,*,#726,.F.);
#1025=ORIENTED_EDGE('',*,*,#692,.F.);
#1026=ORIENTED_EDGE('',*,*,#726,.T.);
#1027=ORIENTED_EDGE('',*,*,#723,.F.);
#1028=ORIENTED_EDGE('',*,*,#700,.T.);
#1029=ORIENTED_EDGE('',*,*,#687,.F.);
#1030=ORIENTED_EDGE('',*,*,#695,.F.);
#1031=ORIENTED_EDGE('',*,*,#718,.F.);
#1032=ORIENTED_EDGE('',*,*,#724,.F.);
#1033=ORIENTED_EDGE('',*,*,#666,.T.);
#1034=ORIENTED_EDGE('',*,*,#665,.F.);
#1035=ORIENTED_EDGE('',*,*,#664,.F.);
#1036=ORIENTED_EDGE('',*,*,#663,.F.);
#1037=ORIENTED_EDGE('',*,*,#662,.T.);
#1038=ORIENTED_EDGE('',*,*,#661,.F.);
#1039=ORIENTED_EDGE('',*,*,#660,.F.);
#1040=ORIENTED_EDGE('',*,*,#727,.T.);
#1041=ORIENTED_EDGE('',*,*,#711,.F.);
#1042=ORIENTED_EDGE('',*,*,#727,.F.);
#1043=ORIENTED_EDGE('',*,*,#659,.F.);
#1044=ORIENTED_EDGE('',*,*,#667,.F.);
#1045=ORIENTED_EDGE('',*,*,#675,.T.);
#1046=ORIENTED_EDGE('',*,*,#674,.F.);
#1047=ORIENTED_EDGE('',*,*,#673,.F.);
#1048=ORIENTED_EDGE('',*,*,#672,.F.);
#1049=ORIENTED_EDGE('',*,*,#671,.T.);
#1050=ORIENTED_EDGE('',*,*,#670,.F.);
#1051=ORIENTED_EDGE('',*,*,#669,.F.);
#1052=ORIENTED_EDGE('',*,*,#728,.T.);
#1053=ORIENTED_EDGE('',*,*,#710,.F.);
#1054=ORIENTED_EDGE('',*,*,#728,.F.);
#1055=ORIENTED_EDGE('',*,*,#668,.F.);
#1056=ORIENTED_EDGE('',*,*,#676,.F.);
#1057=CYLINDRICAL_SURFACE('',#1145,0.4);
#1058=CYLINDRICAL_SURFACE('',#1149,0.4);
#1059=CYLINDRICAL_SURFACE('',#1152,0.4);
#1060=CYLINDRICAL_SURFACE('',#1156,0.4);
#1061=CYLINDRICAL_SURFACE('',#1160,0.4);
#1062=CYLINDRICAL_SURFACE('',#1164,0.4);
#1063=CYLINDRICAL_SURFACE('',#1168,0.4);
#1064=CYLINDRICAL_SURFACE('',#1172,0.4);
#1065=CYLINDRICAL_SURFACE('',#1191,3.25);
#1066=CYLINDRICAL_SURFACE('',#1198,3.25);
#1067=CYLINDRICAL_SURFACE('',#1242,2.);
#1068=CYLINDRICAL_SURFACE('',#1245,2.);
#1069=CYLINDRICAL_SURFACE('',#1265,2.);
#1070=CYLINDRICAL_SURFACE('',#1267,2.);
#1071=CYLINDRICAL_SURFACE('',#1269,1.7);
#1072=CYLINDRICAL_SURFACE('',#1270,1.7);
#1073=ADVANCED_FACE('',(#77),#1057,.F.);
#1074=ADVANCED_FACE('',(#78),#47,.F.);
#1075=ADVANCED_FACE('',(#79),#1058,.F.);
#1076=ADVANCED_FACE('',(#80),#1059,.F.);
#1077=ADVANCED_FACE('',(#81),#48,.T.);
#1078=ADVANCED_FACE('',(#82),#1060,.F.);
#1079=ADVANCED_FACE('',(#83),#49,.T.);
#1080=ADVANCED_FACE('',(#84),#1061,.F.);
#1081=ADVANCED_FACE('',(#85),#50,.T.);
#1082=ADVANCED_FACE('',(#86),#1062,.F.);
#1083=ADVANCED_FACE('',(#87),#51,.F.);
#1084=ADVANCED_FACE('',(#88),#1063,.F.);
#1085=ADVANCED_FACE('',(#89),#52,.T.);
#1086=ADVANCED_FACE('',(#90),#1064,.F.);
#1087=ADVANCED_FACE('',(#91),#53,.F.);
#1088=ADVANCED_FACE('',(#92,#27),#54,.T.);
#1089=ADVANCED_FACE('',(#93,#28),#55,.T.);
#1090=ADVANCED_FACE('',(#94),#56,.T.);
#1091=ADVANCED_FACE('',(#95),#23,.T.);
#1092=ADVANCED_FACE('',(#96),#57,.F.);
#1093=ADVANCED_FACE('',(#97),#24,.T.);
#1094=ADVANCED_FACE('',(#98),#58,.F.);
#1095=ADVANCED_FACE('',(#99),#59,.F.);
#1096=ADVANCED_FACE('',(#100),#25,.T.);
#1097=ADVANCED_FACE('',(#101),#60,.F.);
#1098=ADVANCED_FACE('',(#102),#26,.T.);
#1099=ADVANCED_FACE('',(#103),#1065,.F.);
#1100=ADVANCED_FACE('',(#104),#1066,.F.);
#1101=ADVANCED_FACE('',(#105,#29,#30,#31,#32),#61,.F.);
#1102=ADVANCED_FACE('',(#106,#33),#62,.T.);
#1103=ADVANCED_FACE('',(#107,#34),#63,.T.);
#1104=ADVANCED_FACE('',(#108),#64,.T.);
#1105=ADVANCED_FACE('',(#109),#15,.T.);
#1106=ADVANCED_FACE('',(#110),#65,.T.);
#1107=ADVANCED_FACE('',(#111),#16,.T.);
#1108=ADVANCED_FACE('',(#112),#66,.T.);
#1109=ADVANCED_FACE('',(#113),#17,.T.);
#1110=ADVANCED_FACE('',(#114),#67,.T.);
#1111=ADVANCED_FACE('',(#115),#18,.T.);
#1112=ADVANCED_FACE('',(#116),#1067,.T.);
#1113=ADVANCED_FACE('',(#117),#68,.F.);
#1114=ADVANCED_FACE('',(#118),#1068,.T.);
#1115=ADVANCED_FACE('',(#119),#69,.F.);
#1116=ADVANCED_FACE('',(#120,#35,#36,#37,#38),#70,.T.);
#1117=ADVANCED_FACE('',(#121),#71,.T.);
#1118=ADVANCED_FACE('',(#122),#19,.T.);
#1119=ADVANCED_FACE('',(#123),#72,.T.);
#1120=ADVANCED_FACE('',(#124),#20,.T.);
#1121=ADVANCED_FACE('',(#125),#73,.T.);
#1122=ADVANCED_FACE('',(#126),#21,.T.);
#1123=ADVANCED_FACE('',(#127),#74,.T.);
#1124=ADVANCED_FACE('',(#128),#22,.T.);
#1125=ADVANCED_FACE('',(#129),#1069,.T.);
#1126=ADVANCED_FACE('',(#130),#75,.F.);
#1127=ADVANCED_FACE('',(#131),#1070,.T.);
#1128=ADVANCED_FACE('',(#132),#76,.F.);
#1129=ADVANCED_FACE('',(#133),#1071,.F.);
#1130=ADVANCED_FACE('',(#134),#1072,.F.);
#1131=CLOSED_SHELL('',(#1073,#1074,#1075,#1076,#1077,#1078,#1079,#1080,
#1081,#1082,#1083,#1084,#1085,#1086,#1087,#1088,#1089,#1090,#1091,#1092,
#1093,#1094,#1095,#1096,#1097,#1098,#1099,#1100,#1101,#1102,#1103,#1104,
#1105,#1106,#1107,#1108,#1109,#1110,#1111,#1112,#1113,#1114,#1115,#1116,
#1117,#1118,#1119,#1120,#1121,#1122,#1123,#1124,#1125,#1126,#1127,#1128,
#1129,#1130));
#1132=DERIVED_UNIT_ELEMENT(#1134,1.);
#1133=DERIVED_UNIT_ELEMENT(#1997,-3.);
#1134=(
MASS_UNIT()
NAMED_UNIT(*)
SI_UNIT(.KILO.,.GRAM.)
);
#1135=DERIVED_UNIT((#1132,#1133));
#1136=MEASURE_REPRESENTATION_ITEM('density measure',
POSITIVE_RATIO_MEASURE(7850.),#1135);
#1137=PROPERTY_DEFINITION_REPRESENTATION(#1142,#1139);
#1138=PROPERTY_DEFINITION_REPRESENTATION(#1143,#1140);
#1139=REPRESENTATION('material name',(#1141),#1994);
#1140=REPRESENTATION('density',(#1136),#1994);
#1141=DESCRIPTIVE_REPRESENTATION_ITEM('Steel','Steel');
#1142=PROPERTY_DEFINITION('material property','material name',#2004);
#1143=PROPERTY_DEFINITION('material property','density of part',#2004);
#1144=AXIS2_PLACEMENT_3D('',#1617,#1271,#1272);
#1145=AXIS2_PLACEMENT_3D('',#1618,#1273,#1274);
#1146=AXIS2_PLACEMENT_3D('',#1621,#1275,#1276);
#1147=AXIS2_PLACEMENT_3D('',#1625,#1278,#1279);
#1148=AXIS2_PLACEMENT_3D('',#1627,#1281,#1282);
#1149=AXIS2_PLACEMENT_3D('',#1633,#1286,#1287);
#1150=AXIS2_PLACEMENT_3D('',#1635,#1288,#1289);
#1151=AXIS2_PLACEMENT_3D('',#1637,#1290,#1291);
#1152=AXIS2_PLACEMENT_3D('',#1639,#1293,#1294);
#1153=AXIS2_PLACEMENT_3D('',#1642,#1295,#1296);
#1154=AXIS2_PLACEMENT_3D('',#1646,#1298,#1299);
#1155=AXIS2_PLACEMENT_3D('',#1648,#1301,#1302);
#1156=AXIS2_PLACEMENT_3D('',#1651,#1305,#1306);
#1157=AXIS2_PLACEMENT_3D('',#1654,#1307,#1308);
#1158=AXIS2_PLACEMENT_3D('',#1658,#1310,#1311);
#1159=AXIS2_PLACEMENT_3D('',#1660,#1313,#1314);
#1160=AXIS2_PLACEMENT_3D('',#1663,#1317,#1318);
#1161=AXIS2_PLACEMENT_3D('',#1666,#1319,#1320);
#1162=AXIS2_PLACEMENT_3D('',#1670,#1322,#1323);
#1163=AXIS2_PLACEMENT_3D('',#1672,#1325,#1326);
#1164=AXIS2_PLACEMENT_3D('',#1678,#1330,#1331);
#1165=AXIS2_PLACEMENT_3D('',#1680,#1332,#1333);
#1166=AXIS2_PLACEMENT_3D('',#1683,#1335,#1336);
#1167=AXIS2_PLACEMENT_3D('',#1684,#1337,#1338);
#1168=AXIS2_PLACEMENT_3D('',#1690,#1342,#1343);
#1169=AXIS2_PLACEMENT_3D('',#1692,#1344,#1345);
#1170=AXIS2_PLACEMENT_3D('',#1695,#1347,#1348);
#1171=AXIS2_PLACEMENT_3D('',#1696,#1349,#1350);
#1172=AXIS2_PLACEMENT_3D('',#1702,#1354,#1355);
#1173=AXIS2_PLACEMENT_3D('',#1704,#1356,#1357);
#1174=AXIS2_PLACEMENT_3D('',#1707,#1359,#1360);
#1175=AXIS2_PLACEMENT_3D('',#1708,#1361,#1362);
#1176=AXIS2_PLACEMENT_3D('',#1711,#1365,#1366);
#1177=AXIS2_PLACEMENT_3D('',#1716,#1368,#1369);
#1178=AXIS2_PLACEMENT_3D('',#1719,#1371,#1372);
#1179=AXIS2_PLACEMENT_3D('',#1721,#1374,#1375);
#1180=AXIS2_PLACEMENT_3D('',#1724,#1376,#1377);
#1181=AXIS2_PLACEMENT_3D('',#1728,#1379,#1380);
#1182=AXIS2_PLACEMENT_3D('',#1730,#1382,#1383);
#1183=AXIS2_PLACEMENT_3D('',#1744,#1385,#1386);
#1184=AXIS2_PLACEMENT_3D('',#1747,#1389,#1390);
#1185=AXIS2_PLACEMENT_3D('',#1766,#1393,#1394);
#1186=AXIS2_PLACEMENT_3D('',#1768,#1396,#1397);
#1187=AXIS2_PLACEMENT_3D('',#1770,#1399,#1400);
#1188=AXIS2_PLACEMENT_3D('',#1787,#1404,#1405);
#1189=AXIS2_PLACEMENT_3D('',#1789,#1407,#1408);
#1190=AXIS2_PLACEMENT_3D('',#1803,#1411,#1412);
#1191=AXIS2_PLACEMENT_3D('',#1804,#1413,#1414);
#1192=AXIS2_PLACEMENT_3D('',#1807,#1415,#1416);
#1193=AXIS2_PLACEMENT_3D('',#1809,#1417,#1418);
#1194=AXIS2_PLACEMENT_3D('',#1811,#1419,#1420);
#1195=AXIS2_PLACEMENT_3D('',#1813,#1421,#1422);
#1196=AXIS2_PLACEMENT_3D('',#1816,#1424,#1425);
#1197=AXIS2_PLACEMENT_3D('',#1817,#1426,#1427);
#1198=AXIS2_PLACEMENT_3D('',#1818,#1428,#1429);
#1199=AXIS2_PLACEMENT_3D('',#1821,#1430,#1431);
#1200=AXIS2_PLACEMENT_3D('',#1823,#1432,#1433);
#1201=AXIS2_PLACEMENT_3D('',#1825,#1434,#1435);
#1202=AXIS2_PLACEMENT_3D('',#1827,#1436,#1437);
#1203=AXIS2_PLACEMENT_3D('',#1830,#1439,#1440);
#1204=AXIS2_PLACEMENT_3D('',#1831,#1441,#1442);
#1205=AXIS2_PLACEMENT_3D('',#1832,#1443,#1444);
#1206=AXIS2_PLACEMENT_3D('',#1837,#1446,#1447);
#1207=AXIS2_PLACEMENT_3D('',#1841,#1449,#1450);
#1208=AXIS2_PLACEMENT_3D('',#1845,#1452,#1453);
#1209=AXIS2_PLACEMENT_3D('',#1848,#1455,#1456);
#1210=AXIS2_PLACEMENT_3D('',#1849,#1457,#1458);
#1211=AXIS2_PLACEMENT_3D('',#1852,#1459,#1460);
#1212=AXIS2_PLACEMENT_3D('',#1854,#1461,#1462);
#1213=AXIS2_PLACEMENT_3D('',#1856,#1463,#1464);
#1214=AXIS2_PLACEMENT_3D('',#1858,#1465,#1466);
#1215=AXIS2_PLACEMENT_3D('',#1860,#1467,#1468);
#1216=AXIS2_PLACEMENT_3D('',#1862,#1469,#1470);
#1217=AXIS2_PLACEMENT_3D('',#1864,#1471,#1472);
#1218=AXIS2_PLACEMENT_3D('',#1866,#1473,#1474);
#1219=AXIS2_PLACEMENT_3D('',#1867,#1475,#1476);
#1220=AXIS2_PLACEMENT_3D('',#1868,#1477,#1478);
#1221=AXIS2_PLACEMENT_3D('',#1871,#1479,#1480);
#1222=AXIS2_PLACEMENT_3D('',#1873,#1481,#1482);
#1223=AXIS2_PLACEMENT_3D('',#1875,#1483,#1484);
#1224=AXIS2_PLACEMENT_3D('',#1877,#1485,#1486);
#1225=AXIS2_PLACEMENT_3D('',#1879,#1487,#1488);
#1226=AXIS2_PLACEMENT_3D('',#1881,#1489,#1490);
#1227=AXIS2_PLACEMENT_3D('',#1883,#1491,#1492);
#1228=AXIS2_PLACEMENT_3D('',#1885,#1493,#1494);
#1229=AXIS2_PLACEMENT_3D('',#1886,#1495,#1496);
#1230=AXIS2_PLACEMENT_3D('',#1887,#1497,#1498);
#1231=AXIS2_PLACEMENT_3D('',#1893,#1502,#1503);
#1232=AXIS2_PLACEMENT_3D('',#1895,#1504,#1505);
#1233=AXIS2_PLACEMENT_3D('',#1897,#1507,#1508);
#1234=AXIS2_PLACEMENT_3D('',#1901,#1511,#1512);
#1235=AXIS2_PLACEMENT_3D('',#1903,#1513,#1514);
#1236=AXIS2_PLACEMENT_3D('',#1905,#1516,#1517);
#1237=AXIS2_PLACEMENT_3D('',#1909,#1520,#1521);
#1238=AXIS2_PLACEMENT_3D('',#1911,#1522,#1523);
#1239=AXIS2_PLACEMENT_3D('',#1913,#1525,#1526);
#1240=AXIS2_PLACEMENT_3D('',#1917,#1529,#1530);
#1241=AXIS2_PLACEMENT_3D('',#1918,#1531,#1532);
#1242=AXIS2_PLACEMENT_3D('',#1919,#1533,#1534);
#1243=AXIS2_PLACEMENT_3D('',#1923,#1536,#1537);
#1244=AXIS2_PLACEMENT_3D('',#1925,#1539,#1540);
#1245=AXIS2_PLACEMENT_3D('',#1929,#1543,#1544);
#1246=AXIS2_PLACEMENT_3D('',#1932,#1546,#1547);
#1247=AXIS2_PLACEMENT_3D('',#1933,#1548,#1549);
#1248=AXIS2_PLACEMENT_3D('',#1937,#1552,#1553);
#1249=AXIS2_PLACEMENT_3D('',#1942,#1555,#1556);
#1250=AXIS2_PLACEMENT_3D('',#1946,#1558,#1559);
#1251=AXIS2_PLACEMENT_3D('',#1950,#1561,#1562);
#1252=AXIS2_PLACEMENT_3D('',#1953,#1564,#1565);
#1253=AXIS2_PLACEMENT_3D('',#1955,#1566,#1567);
#1254=AXIS2_PLACEMENT_3D('',#1957,#1568,#1569);
#1255=AXIS2_PLACEMENT_3D('',#1958,#1570,#1571);
#1256=AXIS2_PLACEMENT_3D('',#1961,#1574,#1575);
#1257=AXIS2_PLACEMENT_3D('',#1963,#1577,#1578);
#1258=AXIS2_PLACEMENT_3D('',#1965,#1580,#1581);
#1259=AXIS2_PLACEMENT_3D('',#1967,#1583,#1584);
#1260=AXIS2_PLACEMENT_3D('',#1971,#1587,#1588);
#1261=AXIS2_PLACEMENT_3D('',#1974,#1590,#1591);
#1262=AXIS2_PLACEMENT_3D('',#1975,#1592,#1593);
#1263=AXIS2_PLACEMENT_3D('',#1979,#1596,#1597);
#1264=AXIS2_PLACEMENT_3D('',#1980,#1598,#1599);
#1265=AXIS2_PLACEMENT_3D('',#1981,#1600,#1601);
#1266=AXIS2_PLACEMENT_3D('',#1984,#1604,#1605);
#1267=AXIS2_PLACEMENT_3D('',#1986,#1607,#1608);
#1268=AXIS2_PLACEMENT_3D('',#1987,#1609,#1610);
#1269=AXIS2_PLACEMENT_3D('',#1988,#1611,#1612);
#1270=AXIS2_PLACEMENT_3D('',#1990,#1614,#1615);
#1271=DIRECTION('axis',(0.,0.,1.));
#1272=DIRECTION('refdir',(1.,0.,0.));
#1273=DIRECTION('center_axis',(2.22044604925032E-16,3.58046925441617E-15,
1.));
#1274=DIRECTION('ref_axis',(0.707106781186563,-0.707106781186532,0.));
#1275=DIRECTION('center_axis',(7.12763181809353E-14,3.4972025275695E-15,
-1.));
#1276=DIRECTION('ref_axis',(0.707106781186563,-0.707106781186532,0.));
#1277=DIRECTION('',(2.22044604925032E-16,3.58046925441617E-15,1.));
#1278=DIRECTION('center_axis',(-9.80406193769986E-29,8.326672684694E-17,
1.));
#1279=DIRECTION('ref_axis',(0.707106781186563,-0.707106781186532,2.83262329743387E-31));
#1280=DIRECTION('',(-2.22044604925032E-16,-3.58046925441617E-15,-1.));
#1281=DIRECTION('center_axis',(-1.21014309684142E-14,-1.,3.58046925441617E-15));
#1282=DIRECTION('ref_axis',(-2.22044604925032E-16,-3.58046925441617E-15,
-1.));
#1283=DIRECTION('',(1.,-1.21014309684139E-14,7.12763181809353E-14));
#1284=DIRECTION('',(-2.22044604925032E-16,-3.58046925441617E-15,-1.));
#1285=DIRECTION('',(1.,-1.21014309684142E-14,9.90482659239027E-29));
#1286=DIRECTION('center_axis',(-2.22044604925032E-16,-3.58046925441617E-15,
-1.));
#1287=DIRECTION('ref_axis',(-0.707106781186563,-0.707106781186532,0.));
#1288=DIRECTION('center_axis',(-9.80406193769986E-29,8.326672684694E-17,
1.));
#1289=DIRECTION('ref_axis',(-0.707106781186563,-0.707106781186532,2.74546565751337E-31));
#1290=DIRECTION('center_axis',(7.12763181809353E-14,3.4972025275695E-15,
-1.));
#1291=DIRECTION('ref_axis',(-0.707106781186563,-0.707106781186532,0.));
#1292=DIRECTION('',(2.22044604925032E-16,3.58046925441617E-15,1.));
#1293=DIRECTION('center_axis',(-2.22044604925032E-16,-3.58046925441617E-15,
-1.));
#1294=DIRECTION('ref_axis',(-0.707106781186548,0.707106781186548,0.));
#1295=DIRECTION('center_axis',(-9.80406193769986E-29,8.326672684694E-17,
1.));
#1296=DIRECTION('ref_axis',(-0.707106781186548,0.707106781186548,-2.83262329743393E-31));
#1297=DIRECTION('',(-2.22044604925032E-16,-3.58046925441617E-15,-1.));
#1298=DIRECTION('center_axis',(7.12763181809353E-14,3.4972025275695E-15,
-1.));
#1299=DIRECTION('ref_axis',(-0.707106781186548,0.707106781186548,0.));
#1300=DIRECTION('',(2.22044604925032E-16,3.58046925441617E-15,1.));
#1301=DIRECTION('center_axis',(1.,-1.21014309684142E-14,-2.22044604924989E-16));
#1302=DIRECTION('ref_axis',(-1.21014309684142E-14,-1.,3.58046925441617E-15));
#1303=DIRECTION('',(-3.46921752202148E-15,1.,3.41393580072231E-15));
#1304=DIRECTION('',(-1.21014309684142E-14,-1.,8.326672684694E-17));
#1305=DIRECTION('center_axis',(2.22044604925032E-16,3.58046925441617E-15,
1.));
#1306=DIRECTION('ref_axis',(0.707106781186563,0.707106781186532,0.));
#1307=DIRECTION('center_axis',(7.12763181809353E-14,3.4972025275695E-15,
-1.));
#1308=DIRECTION('ref_axis',(0.707106781186563,0.707106781186532,0.));
#1309=DIRECTION('',(2.22044604925032E-16,3.58046925441617E-15,1.));
#1310=DIRECTION('center_axis',(-9.80406193769986E-29,8.326672684694E-17,
1.));
#1311=DIRECTION('ref_axis',(0.707106781186563,0.707106781186532,-2.74546565751337E-31));
#1312=DIRECTION('',(-2.22044604925032E-16,-3.58046925441617E-15,-1.));
#1313=DIRECTION('center_axis',(-1.,1.21014309684142E-14,2.22044604924989E-16));
#1314=DIRECTION('ref_axis',(1.21014309684142E-14,1.,-3.58046925441617E-15));
#1315=DIRECTION('',(1.21014309684142E-14,1.,-8.326672684694E-17));
#1316=DIRECTION('',(-3.00765548862592E-15,-1.,-3.41393580072278E-15));
#1317=DIRECTION('center_axis',(-4.9256077073972E-14,-3.58046925441619E-15,
-1.));
#1318=DIRECTION('ref_axis',(0.707106781186563,0.707106781186532,0.));
#1319=DIRECTION('center_axis',(-9.80406193769986E-29,8.326672684694E-17,
1.));
#1320=DIRECTION('ref_axis',(0.707106781186563,0.707106781186532,-2.74546565751337E-31));
#1321=DIRECTION('',(-4.9256077073972E-14,-3.58046925441619E-15,-1.));
#1322=DIRECTION('center_axis',(7.12763181809353E-14,3.4972025275695E-15,
-1.));
#1323=DIRECTION('ref_axis',(0.707106781186563,0.707106781186532,0.));
#1324=DIRECTION('',(4.9256077073972E-14,3.58046925441619E-15,1.));
#1325=DIRECTION('center_axis',(3.68752398200026E-16,-1.,3.58046925441617E-15));
#1326=DIRECTION('ref_axis',(-2.22044604925032E-16,-3.58046925441617E-15,
-1.));
#1327=DIRECTION('',(-1.,-3.68752398200026E-16,-9.80099145717835E-29));
#1328=DIRECTION('',(2.22044604925032E-16,3.58046925441617E-15,1.));
#1329=DIRECTION('',(-1.,1.21014309684144E-14,2.60998202387998E-14));
#1330=DIRECTION('center_axis',(-2.22044604925032E-16,-3.58046925441617E-15,
-1.));
#1331=DIRECTION('ref_axis',(-0.707106781186563,0.707106781186532,0.));
#1332=DIRECTION('center_axis',(-9.80406193769986E-29,8.326672684694E-17,
1.));
#1333=DIRECTION('ref_axis',(-0.707106781186563,0.707106781186532,-2.83262329743387E-31));
#1334=DIRECTION('',(-2.22044604925032E-16,-3.58046925441617E-15,-1.));
#1335=DIRECTION('center_axis',(7.12763181809353E-14,3.4972025275695E-15,
-1.));
#1336=DIRECTION('ref_axis',(-0.707106781186563,0.707106781186532,0.));
#1337=DIRECTION('center_axis',(-1.,1.21014309684142E-14,2.22044604924989E-16));
#1338=DIRECTION('ref_axis',(1.21014309684142E-14,1.,-3.58046925441617E-15));
#1339=DIRECTION('',(-1.21014309684142E-14,-1.,8.326672684694E-17));
#1340=DIRECTION('',(2.22044604925032E-16,3.58046925441617E-15,1.));
#1341=DIRECTION('',(-1.21014309684142E-14,-1.,3.29613385880274E-15));
#1342=DIRECTION('center_axis',(-2.22044604925032E-16,-3.58046925441617E-15,
-1.));
#1343=DIRECTION('ref_axis',(-0.707106781186563,-0.707106781186532,0.));
#1344=DIRECTION('center_axis',(-9.80406193769986E-29,8.326672684694E-17,
1.));
#1345=DIRECTION('ref_axis',(-0.707106781186563,-0.707106781186532,2.74546565751337E-31));
#1346=DIRECTION('',(-2.22044604925032E-16,-3.58046925441617E-15,-1.));
#1347=DIRECTION('center_axis',(7.12763181809353E-14,3.4972025275695E-15,
-1.));
#1348=DIRECTION('ref_axis',(-0.707106781186563,-0.707106781186532,0.));
#1349=DIRECTION('center_axis',(-3.95032969684277E-15,1.,-3.58046925441617E-15));
#1350=DIRECTION('ref_axis',(2.22044604925032E-16,3.58046925441617E-15,1.));
#1351=DIRECTION('',(1.,3.95032969684277E-15,9.77116883531763E-29));
#1352=DIRECTION('',(4.9256077073972E-14,3.58046925441636E-15,1.));
#1353=DIRECTION('',(1.,-1.21014309684144E-14,-2.60998202387998E-14));
#1354=DIRECTION('center_axis',(-4.9256077073972E-14,-3.58046925441636E-15,
-1.));
#1355=DIRECTION('ref_axis',(0.707106781186563,-0.707106781186532,0.));
#1356=DIRECTION('center_axis',(-9.80406193769986E-29,8.326672684694E-17,
1.));
#1357=DIRECTION('ref_axis',(0.707106781186563,-0.707106781186532,2.83262329743387E-31));
#1358=DIRECTION('',(-4.9256077073972E-14,-3.58046925441636E-15,-1.));
#1359=DIRECTION('center_axis',(7.12763181809353E-14,3.4972025275695E-15,
-1.));
#1360=DIRECTION('ref_axis',(0.707106781186563,-0.707106781186532,0.));
#1361=DIRECTION('center_axis',(1.,1.24155852661091E-14,-4.9256077073972E-14));
#1362=DIRECTION('ref_axis',(1.24155852661093E-14,-1.,3.58046925441616E-15));
#1363=DIRECTION('',(-1.24155852661093E-14,1.,-3.2961338588021E-15));
#1364=DIRECTION('',(-1.24155852661091E-14,1.,-8.326672684694E-17));
#1365=DIRECTION('center_axis',(-9.80406193769986E-29,8.326672684694E-17,
1.));
#1366=DIRECTION('ref_axis',(-1.,1.21014309684142E-14,-9.90575103876354E-29));
#1367=DIRECTION('',(8.3094112827502E-14,1.,2.53435872987003E-9));
#1368=DIRECTION('center_axis',(9.80467823528206E-29,-8.326672684694E-17,
-1.));
#1369=DIRECTION('ref_axis',(-1.,1.21014309684142E-14,-9.90443881070156E-29));
#1370=DIRECTION('',(-1.21014309684142E-14,-1.,8.326672684694E-17));
#1371=DIRECTION('center_axis',(9.80467823528206E-29,-8.326672684694E-17,
-1.));
#1372=DIRECTION('ref_axis',(-0.999998896196167,-0.00148580161806827,1.2371783738241E-19));
#1373=DIRECTION('',(-1.,1.21014309684142E-14,-9.90482659239027E-29));
#1374=DIRECTION('center_axis',(-9.80406193769986E-29,8.326672684694E-17,
1.));
#1375=DIRECTION('ref_axis',(-1.,1.21014309684142E-14,-9.90575103876354E-29));
#1376=DIRECTION('center_axis',(9.80467823528206E-29,-8.326672684694E-17,
-1.));
#1377=DIRECTION('ref_axis',(-1.,1.21014309684142E-14,-9.90443132836598E-29));
#1378=DIRECTION('',(-1.94816949901385E-15,1.,-2.28779464629609E-15));
#1379=DIRECTION('center_axis',(9.80467823528206E-29,-8.326672684694E-17,
-1.));
#1380=DIRECTION('ref_axis',(-1.,8.26851165859517E-14,-1.04921639544039E-28));
#1381=DIRECTION('',(-2.82040083772004E-7,-0.99999999999996,2.28779631158055E-15));
#1382=DIRECTION('center_axis',(-1.21014309684142E-14,-1.,3.58046925441617E-15));
#1383=DIRECTION('ref_axis',(-2.22044604925032E-16,-3.58046925441617E-15,
-1.));
#1384=DIRECTION('',(1.,3.46921752202203E-15,7.12763181809354E-14));
#1385=DIRECTION('center_axis',(7.01059136441935E-14,-1.31998238620322E-16,
-1.));
#1386=DIRECTION('ref_axis',(-1.,1.21014309684142E-14,2.22044604924989E-16));
#1387=DIRECTION('',(-2.22044604925032E-16,-3.58046925441617E-15,-1.));
#1388=DIRECTION('',(-2.22044604925032E-16,-3.58046925441617E-15,-1.));
#1389=DIRECTION('center_axis',(1.,-1.21014309684142E-14,-2.22044604924989E-16));
#1390=DIRECTION('ref_axis',(-1.21014309684142E-14,-1.,6.31088724176809E-30));
#1391=DIRECTION('',(-1.21014309684142E-14,-1.,1.31998238619473E-16));
#1392=DIRECTION('',(-2.22044604925032E-16,-3.58046925441617E-15,-1.));
#1393=DIRECTION('center_axis',(7.01059136441935E-14,-1.31998238620322E-16,
-1.));
#1394=DIRECTION('ref_axis',(-0.999998896196167,-0.00148580161806827,2.27364226843002E-16));
#1395=DIRECTION('',(-2.22044604925032E-16,-3.58046925441617E-15,-1.));
#1396=DIRECTION('center_axis',(-1.,8.30941128269393E-14,2.22044604924735E-16));
#1397=DIRECTION('ref_axis',(8.3094112827502E-14,1.,2.53435881313676E-9));
#1398=DIRECTION('',(8.30941128269393E-14,1.,-1.31998238614496E-16));
#1399=DIRECTION('center_axis',(-1.,-1.94816949901384E-15,2.22044604925039E-16));
#1400=DIRECTION('ref_axis',(-1.94816949901384E-15,1.,-2.20452791944915E-15));
#1401=DIRECTION('',(-1.94816949901384E-15,1.,-1.31998238620458E-16));
#1402=DIRECTION('',(-2.22044604925032E-16,-3.58046925441617E-15,-1.));
#1403=DIRECTION('',(-2.22044604925032E-16,-3.58046925441617E-15,-1.));
#1404=DIRECTION('center_axis',(7.01059136441935E-14,-1.31998238620322E-16,
-1.));
#1405=DIRECTION('ref_axis',(-1.,8.26851165859517E-14,2.22044604924736E-16));
#1406=DIRECTION('',(-2.22044604925032E-16,-3.58046925441617E-15,-1.));
#1407=DIRECTION('center_axis',(0.99999999999996,-2.82040083772005E-7,-2.22043595089175E-16));
#1408=DIRECTION('ref_axis',(-2.82040083772005E-7,-0.99999999999996,2.20452958473362E-15));
#1409=DIRECTION('',(-2.82040083772005E-7,-0.99999999999996,1.31978465942559E-16));
#1410=DIRECTION('',(-2.22044604925032E-16,-3.58046925441617E-15,-1.));
#1411=DIRECTION('center_axis',(7.01059136441935E-14,-1.31998238620322E-16,
-1.));
#1412=DIRECTION('ref_axis',(-1.,1.21014309684142E-14,2.22044604924989E-16));
#1413=DIRECTION('center_axis',(-7.01059136441935E-14,1.38777878082769E-16,
1.));
#1414=DIRECTION('ref_axis',(1.,9.1022412140886E-30,7.01059136441935E-14));
#1415=DIRECTION('center_axis',(7.01059136441936E-14,-2.22044604929703E-16,
-1.));
#1416=DIRECTION('ref_axis',(1.,9.1022412140886E-30,7.01059136441935E-14));
#1417=DIRECTION('center_axis',(-7.01059136441935E-14,1.38777878082769E-16,
1.));
#1418=DIRECTION('ref_axis',(1.,9.1022412140886E-30,7.01059136441935E-14));
#1419=DIRECTION('center_axis',(7.01059136441936E-14,-2.22044604929703E-16,
-1.));
#1420=DIRECTION('ref_axis',(1.,9.1022412140886E-30,7.01059136441935E-14));
#1421=DIRECTION('center_axis',(-7.01059136441935E-14,1.38777878082769E-16,
1.));
#1422=DIRECTION('ref_axis',(1.,9.1022412140886E-30,7.01059136441935E-14));
#1423=DIRECTION('',(-7.01059136441935E-14,1.38777878082769E-16,1.));
#1424=DIRECTION('center_axis',(7.01059136441935E-14,-1.31998238620322E-16,
-1.));
#1425=DIRECTION('ref_axis',(1.,9.1022412140886E-30,7.01059136441935E-14));
#1426=DIRECTION('center_axis',(-7.01059136441935E-14,1.38777878082769E-16,
1.));
#1427=DIRECTION('ref_axis',(1.,9.1022412140886E-30,7.01059136441935E-14));
#1428=DIRECTION('center_axis',(-7.01059136441935E-14,1.38777878082774E-16,
1.));
#1429=DIRECTION('ref_axis',(1.,-3.0340804046962E-30,7.01059136441935E-14));
#1430=DIRECTION('center_axis',(7.01059136441936E-14,-2.22044604929707E-16,
-1.));
#1431=DIRECTION('ref_axis',(1.,-3.0340804046962E-30,7.01059136441935E-14));
#1432=DIRECTION('center_axis',(-7.01059136441935E-14,1.38777878082774E-16,
1.));
#1433=DIRECTION('ref_axis',(1.,-3.0340804046962E-30,7.01059136441935E-14));
#1434=DIRECTION('center_axis',(7.01059136441936E-14,-2.22044604929707E-16,
-1.));
#1435=DIRECTION('ref_axis',(1.,-3.0340804046962E-30,7.01059136441935E-14));
#1436=DIRECTION('center_axis',(-7.01059136441935E-14,1.38777878082774E-16,
1.));
#1437=DIRECTION('ref_axis',(1.,-3.0340804046962E-30,7.01059136441935E-14));
#1438=DIRECTION('',(-7.01059136441935E-14,1.38777878082774E-16,1.));
#1439=DIRECTION('center_axis',(7.01059136441935E-14,-1.31998238620322E-16,
-1.));
#1440=DIRECTION('ref_axis',(1.,-3.0340804046962E-30,7.01059136441935E-14));
#1441=DIRECTION('center_axis',(-7.01059136441935E-14,1.38777878082774E-16,
1.));
#1442=DIRECTION('ref_axis',(1.,-3.0340804046962E-30,7.01059136441935E-14));
#1443=DIRECTION('center_axis',(7.01059136441935E-14,-1.31998238620322E-16,
-1.));
#1444=DIRECTION('ref_axis',(-3.58046925441621E-15,1.,-1.31998238620573E-16));
#1445=DIRECTION('',(1.,3.58046925441588E-15,7.01059136441935E-14));
#1446=DIRECTION('center_axis',(7.01059136441935E-14,-1.31998238620322E-16,
-1.));
#1447=DIRECTION('ref_axis',(-0.707106781186547,0.707106781186547,-4.96657037887208E-14));
#1448=DIRECTION('',(-3.58046925441621E-15,1.,-1.31998238620573E-16));
#1449=DIRECTION('center_axis',(7.01059136441935E-14,-1.31998238620322E-16,
-1.));
#1450=DIRECTION('ref_axis',(-0.707106781186544,-0.707106781186551,-4.94790300894544E-14));
#1451=DIRECTION('',(-1.,-3.58046925441588E-15,-7.01059136441935E-14));
#1452=DIRECTION('center_axis',(7.01059136441935E-14,-1.31998238620322E-16,
-1.));
#1453=DIRECTION('ref_axis',(0.707106781186551,-0.707106781186544,4.96657037887211E-14));
#1454=DIRECTION('',(3.58046925441621E-15,-1.,1.31998238620573E-16));
#1455=DIRECTION('center_axis',(7.01059136441935E-14,-1.31998238620322E-16,
-1.));
#1456=DIRECTION('ref_axis',(0.707106781186541,0.707106781186554,4.94790300894542E-14));
#1457=DIRECTION('center_axis',(-7.01059136441935E-14,1.38777878082769E-16,
1.));
#1458=DIRECTION('ref_axis',(1.,8.38164711797325E-30,7.01059136441935E-14));
#1459=DIRECTION('center_axis',(7.01059136441936E-14,-2.22044604929703E-16,
-1.));
#1460=DIRECTION('ref_axis',(-6.63033997848526E-14,-1.,1.38777878078178E-16));
#1461=DIRECTION('center_axis',(7.01059136441936E-14,-2.22044604929703E-16,
-1.));
#1462=DIRECTION('ref_axis',(-6.63033997848526E-14,-1.,1.38777878078178E-16));
#1463=DIRECTION('center_axis',(7.01059136441936E-14,-2.22044604929703E-16,
-1.));
#1464=DIRECTION('ref_axis',(-6.63033997848526E-14,-1.,1.38777878078178E-16));
#1465=DIRECTION('center_axis',(-7.01059136441935E-14,1.38777878082769E-16,
1.));
#1466=DIRECTION('ref_axis',(-6.63033997848526E-14,-1.,5.55111512312445E-17));
#1467=DIRECTION('center_axis',(7.01059136441936E-14,-2.22044604929703E-16,
-1.));
#1468=DIRECTION('ref_axis',(-6.63033997848526E-14,-1.,1.38777878078178E-16));
#1469=DIRECTION('center_axis',(7.01059136441936E-14,-2.22044604929703E-16,
-1.));
#1470=DIRECTION('ref_axis',(-6.63033997848526E-14,-1.,1.38777878078178E-16));
#1471=DIRECTION('center_axis',(7.01059136441936E-14,-2.22044604929703E-16,
-1.));
#1472=DIRECTION('ref_axis',(-6.63033997848526E-14,-1.,1.38777878078178E-16));
#1473=DIRECTION('center_axis',(-7.01059136441935E-14,1.38777878082769E-16,
1.));
#1474=DIRECTION('ref_axis',(-6.63033997848526E-14,-1.,5.55111512312445E-17));
#1475=DIRECTION('center_axis',(7.01059136441936E-14,-2.22044604929703E-16,
-1.));
#1476=DIRECTION('ref_axis',(-6.63033997848526E-14,-1.,1.38777878078178E-16));
#1477=DIRECTION('center_axis',(-7.01059136441935E-14,1.38777878082774E-16,
1.));
#1478=DIRECTION('ref_axis',(1.,-3.45126646034193E-30,7.01059136441935E-14));
#1479=DIRECTION('center_axis',(7.01059136441936E-14,-2.22044604929707E-16,
-1.));
#1480=DIRECTION('ref_axis',(-6.63033997848526E-14,-1.,1.38777878078178E-16));
#1481=DIRECTION('center_axis',(7.01059136441936E-14,-2.22044604929707E-16,
-1.));
#1482=DIRECTION('ref_axis',(-6.63033997848526E-14,-1.,1.38777878078178E-16));
#1483=DIRECTION('center_axis',(7.01059136441936E-14,-2.22044604929707E-16,
-1.));
#1484=DIRECTION('ref_axis',(-6.63033997848526E-14,-1.,1.38777878078178E-16));
#1485=DIRECTION('center_axis',(-7.01059136441935E-14,1.38777878082774E-16,
1.));
#1486=DIRECTION('ref_axis',(-6.63033997848526E-14,-1.,5.55111512312445E-17));
#1487=DIRECTION('center_axis',(7.01059136441936E-14,-2.22044604929707E-16,
-1.));
#1488=DIRECTION('ref_axis',(-6.63033997848526E-14,-1.,1.38777878078178E-16));
#1489=DIRECTION('center_axis',(7.01059136441936E-14,-2.22044604929707E-16,
-1.));
#1490=DIRECTION('ref_axis',(-6.63033997848526E-14,-1.,1.38777878078178E-16));
#1491=DIRECTION('center_axis',(7.01059136441936E-14,-2.22044604929707E-16,
-1.));
#1492=DIRECTION('ref_axis',(-6.63033997848526E-14,-1.,1.38777878078178E-16));
#1493=DIRECTION('center_axis',(-7.01059136441935E-14,1.38777878082774E-16,
1.));
#1494=DIRECTION('ref_axis',(-6.63033997848526E-14,-1.,5.55111512312445E-17));
#1495=DIRECTION('center_axis',(7.01059136441936E-14,-2.22044604929707E-16,
-1.));
#1496=DIRECTION('ref_axis',(-6.63033997848526E-14,-1.,1.38777878078178E-16));
#1497=DIRECTION('center_axis',(-5.21041410287151E-14,0.707106781186548,
0.707106781186548));
#1498=DIRECTION('ref_axis',(1.,0.,7.36863828986094E-14));
#1499=DIRECTION('',(-4.71027737605163E-14,-0.707106781186516,0.707106781186579));
#1500=DIRECTION('',(4.71027737605163E-14,0.707106781186516,-0.707106781186579));
#1501=DIRECTION('',(-1.,-3.58046925441588E-15,-7.01059136441935E-14));
#1502=DIRECTION('center_axis',(6.66133814775404E-14,0.,-1.));
#1503=DIRECTION('ref_axis',(-0.707106781186548,0.707106781186548,-5.00191112089208E-14));
#1504=DIRECTION('center_axis',(-7.01059136441935E-14,1.31998238620322E-16,
1.));
#1505=DIRECTION('ref_axis',(-0.707106781186548,0.707106781186548,-5.03018371450807E-14));
#1506=DIRECTION('',(0.707106781186689,0.,0.707106781186406));
#1507=DIRECTION('center_axis',(-0.70710678118661,-2.43843723999459E-15,
0.707106781186485));
#1508=DIRECTION('ref_axis',(0.707106781186485,0.,0.70710678118661));
#1509=DIRECTION('',(0.707106781186485,0.,0.70710678118661));
#1510=DIRECTION('',(3.58046925441621E-15,-1.,1.31998238620573E-16));
#1511=DIRECTION('center_axis',(6.66133814774812E-14,0.,-1.));
#1512=DIRECTION('ref_axis',(-0.707106781186544,-0.707106781186551,-4.98707246012467E-14));
#1513=DIRECTION('center_axis',(-7.01059136441935E-14,1.31998238620322E-16,
1.));
#1514=DIRECTION('ref_axis',(-0.707106781186544,-0.707106781186551,-5.01840802106806E-14));
#1515=DIRECTION('',(-6.28036983473398E-14,0.707106781186375,0.70710678118672));
#1516=DIRECTION('center_axis',(-4.70405928494603E-14,-0.707106781186548,
0.707106781186548));
#1517=DIRECTION('ref_axis',(1.,0.,6.65254443897776E-14));
#1518=DIRECTION('',(-4.71027737605153E-14,0.707106781186532,0.707106781186563));
#1519=DIRECTION('',(1.,3.58046925441588E-15,7.01059136441935E-14));
#1520=DIRECTION('center_axis',(6.66133814774812E-14,0.,-1.));
#1521=DIRECTION('ref_axis',(0.707106781186551,-0.707106781186544,5.00191112089213E-14));
#1522=DIRECTION('center_axis',(-7.01059136441935E-14,1.31998238620322E-16,
1.));
#1523=DIRECTION('ref_axis',(0.707106781186551,-0.707106781186544,5.03018371450814E-14));
#1524=DIRECTION('',(-0.707106781186422,0.,0.707106781186673));
#1525=DIRECTION('center_axis',(0.707106781186555,2.62511093926096E-15,0.70710678118654));
#1526=DIRECTION('ref_axis',(0.70710678118654,0.,-0.707106781186555));
#1527=DIRECTION('',(-0.70710678118654,0.,0.707106781186555));
#1528=DIRECTION('',(-3.58046925441621E-15,1.,-1.31998238620573E-16));
#1529=DIRECTION('center_axis',(6.66133814775404E-14,0.,-1.));
#1530=DIRECTION('ref_axis',(0.707106781186541,0.707106781186554,4.98707246012463E-14));
#1531=DIRECTION('center_axis',(-7.01059136441935E-14,1.31998238620322E-16,
1.));
#1532=DIRECTION('ref_axis',(0.707106781186541,0.707106781186554,5.01840802106799E-14));
#1533=DIRECTION('center_axis',(-7.01059136441935E-14,-3.49720252756949E-15,
1.));
#1534=DIRECTION('ref_axis',(-0.707106781186544,-0.707106781186551,-5.01840802106806E-14));
#1535=DIRECTION('',(7.01059136441935E-14,3.49720252756949E-15,-1.));
#1536=DIRECTION('center_axis',(7.12763181809353E-14,3.4972025275695E-15,
-1.));
#1537=DIRECTION('ref_axis',(-0.707106781186544,-0.707106781186551,-5.01840802106806E-14));
#1538=DIRECTION('',(-7.01059136441935E-14,-3.49720252756949E-15,1.));
#1539=DIRECTION('center_axis',(1.,3.58046925441622E-15,7.01059136441935E-14));
#1540=DIRECTION('ref_axis',(7.01059136441935E-14,-1.31998238620322E-16,
-1.));
#1541=DIRECTION('',(-7.01059136441935E-14,-3.49720252756949E-15,1.));
#1542=DIRECTION('',(-3.58046925441647E-15,1.,3.49720252756924E-15));
#1543=DIRECTION('center_axis',(-7.01059136441935E-14,-3.49720252756949E-15,
1.));
#1544=DIRECTION('ref_axis',(-0.707106781186548,0.707106781186548,-5.03018371450807E-14));
#1545=DIRECTION('',(7.01059136441935E-14,3.49720252756949E-15,-1.));
#1546=DIRECTION('center_axis',(7.12763181809353E-14,3.4972025275695E-15,
-1.));
#1547=DIRECTION('ref_axis',(-0.707106781186548,0.707106781186548,-5.03018371450807E-14));
#1548=DIRECTION('center_axis',(3.58046925441612E-15,-1.,-3.49720252756924E-15));
#1549=DIRECTION('ref_axis',(-2.22044604925048E-16,-3.49720252756924E-15,
1.));
#1550=DIRECTION('',(-7.01059136441935E-14,-3.49720252756949E-15,1.));
#1551=DIRECTION('',(1.,3.58046925441587E-15,7.12763181809353E-14));
#1552=DIRECTION('center_axis',(7.12763181809353E-14,3.4972025275695E-15,
-1.));
#1553=DIRECTION('ref_axis',(3.58046925441612E-15,-1.,-3.49720252756924E-15));
#1554=DIRECTION('',(-1.,-3.58046925441587E-15,-7.12763181809353E-14));
#1555=DIRECTION('center_axis',(-7.12763181809353E-14,-3.4972025275695E-15,
1.));
#1556=DIRECTION('ref_axis',(0.707106781186541,0.707106781186554,5.28728635461761E-14));
#1557=DIRECTION('',(-3.58046925441647E-15,1.,3.49720252756924E-15));
#1558=DIRECTION('center_axis',(-7.12763181809353E-14,-3.4972025275695E-15,
1.));
#1559=DIRECTION('ref_axis',(0.707106781186551,-0.707106781186544,4.79270723013225E-14));
#1560=DIRECTION('',(1.,3.58046925441587E-15,7.12763181809353E-14));
#1561=DIRECTION('center_axis',(-7.12763181809353E-14,-3.4972025275695E-15,
1.));
#1562=DIRECTION('ref_axis',(-0.707106781186544,-0.707106781186551,-5.28728635461763E-14));
#1563=DIRECTION('',(3.58046925441647E-15,-1.,-3.49720252756924E-15));
#1564=DIRECTION('center_axis',(-7.12763181809353E-14,-3.4972025275695E-15,
1.));
#1565=DIRECTION('ref_axis',(-0.707106781186548,0.707106781186548,-4.79270723013222E-14));
#1566=DIRECTION('center_axis',(-7.12763181809353E-14,-3.4972025275695E-15,
1.));
#1567=DIRECTION('ref_axis',(-6.63033997848526E-14,-1.,5.55111512312445E-17));
#1568=DIRECTION('center_axis',(-7.12763181809353E-14,-3.4972025275695E-15,
1.));
#1569=DIRECTION('ref_axis',(-6.63033997848526E-14,-1.,5.55111512312445E-17));
#1570=DIRECTION('center_axis',(4.78681938341196E-14,0.707106781186579,-0.707106781186516));
#1571=DIRECTION('ref_axis',(-1.,-3.94430452610506E-30,-6.76958489265191E-14));
#1572=DIRECTION('',(-4.71027737605164E-14,0.707106781186516,0.707106781186579));
#1573=DIRECTION('',(4.71027737605164E-14,-0.707106781186516,-0.707106781186579));
#1574=DIRECTION('center_axis',(-6.66133814775108E-14,8.3266726846886E-17,
1.));
#1575=DIRECTION('ref_axis',(-0.707106781186548,0.707106781186548,-4.92463861034103E-14));
#1576=DIRECTION('',(-0.707106781186579,5.88784672006397E-17,0.707106781186516));
#1577=DIRECTION('center_axis',(-0.707106781186516,-5.88784672006602E-17,
-0.707106781186579));
#1578=DIRECTION('ref_axis',(-0.707106781186579,5.88784672006397E-17,0.707106781186516));
#1579=DIRECTION('',(-0.707106781186579,5.88784672006397E-17,0.707106781186516));
#1580=DIRECTION('center_axis',(-6.66133814775049E-14,8.3266726846886E-17,
1.));
#1581=DIRECTION('ref_axis',(-0.707106781186544,-0.707106781186551,-5.13790950264565E-14));
#1582=DIRECTION('',(-4.71027737605122E-14,-0.707106781186516,0.707106781186579));
#1583=DIRECTION('center_axis',(5.29317420133736E-14,-0.707106781186595,
-0.7071067811865));
#1584=DIRECTION('ref_axis',(-1.,-4.73316543132607E-30,-7.48567874353517E-14));
#1585=DIRECTION('',(-4.71027737605132E-14,-0.7071067811865,0.707106781186595));
#1586=DIRECTION('',(-1.,-3.58046925441587E-15,-7.12763181809353E-14));
#1587=DIRECTION('center_axis',(-6.66133814775108E-14,8.3266726846886E-17,
1.));
#1588=DIRECTION('ref_axis',(0.707106781186551,-0.707106781186544,4.92463861034108E-14));
#1589=DIRECTION('',(0.707106781186524,5.88784672006416E-17,0.707106781186571));
#1590=DIRECTION('center_axis',(7.12763181809353E-14,3.4972025275695E-15,
-1.));
#1591=DIRECTION('ref_axis',(0.707106781186551,-0.707106781186544,5.03018371450814E-14));
#1592=DIRECTION('center_axis',(0.70710678118654,5.00466971205477E-15,-0.707106781186555));
#1593=DIRECTION('ref_axis',(-0.707106781186555,-5.88784672006393E-17,-0.70710678118654));
#1594=DIRECTION('',(0.707106781186555,5.88784672006393E-17,0.70710678118654));
#1595=DIRECTION('',(3.58046925441647E-15,-1.,-3.49720252756924E-15));
#1596=DIRECTION('center_axis',(-6.66133814775168E-14,8.3266726846886E-17,
1.));
#1597=DIRECTION('ref_axis',(0.707106781186541,0.707106781186554,5.1379095026456E-14));
#1598=DIRECTION('center_axis',(7.12763181809353E-14,3.4972025275695E-15,
-1.));
#1599=DIRECTION('ref_axis',(0.707106781186541,0.707106781186554,5.01840802106799E-14));
#1600=DIRECTION('center_axis',(-7.01059136441935E-14,-3.49720252756949E-15,
1.));
#1601=DIRECTION('ref_axis',(0.707106781186551,-0.707106781186544,5.03018371450814E-14));
#1602=DIRECTION('',(7.01059136441935E-14,3.49720252756949E-15,-1.));
#1603=DIRECTION('',(-7.01059136441935E-14,-3.49720252756949E-15,1.));
#1604=DIRECTION('center_axis',(-1.,-3.58046925441622E-15,-7.01059136441935E-14));
#1605=DIRECTION('ref_axis',(-7.01059136441935E-14,1.31998238620322E-16,
1.));
#1606=DIRECTION('',(7.01059136441935E-14,3.49720252756949E-15,-1.));
#1607=DIRECTION('center_axis',(-7.01059136441935E-14,-3.49720252756949E-15,
1.));
#1608=DIRECTION('ref_axis',(0.707106781186541,0.707106781186554,5.01840802106799E-14));
#1609=DIRECTION('center_axis',(-3.58046925441612E-15,1.,3.49720252756924E-15));
#1610=DIRECTION('ref_axis',(2.22044604925048E-16,3.49720252756924E-15,-1.));
#1611=DIRECTION('center_axis',(7.01059136441935E-14,-5.5511151235894E-17,
-1.));
#1612=DIRECTION('ref_axis',(-6.63033997848526E-14,-1.,5.55111512312445E-17));
#1613=DIRECTION('',(7.01059136441935E-14,-5.5511151235894E-17,-1.));
#1614=DIRECTION('center_axis',(7.01059136441935E-14,-5.5511151235894E-17,
-1.));
#1615=DIRECTION('ref_axis',(-6.63033997848526E-14,-1.,5.55111512312445E-17));
#1616=DIRECTION('',(7.01059136441935E-14,-5.5511151235894E-17,-1.));
#1617=CARTESIAN_POINT('',(0.,0.,0.));
#1618=CARTESIAN_POINT('Origin',(-74.6480740826656,138.599220930806,164.066454445518));
#1619=CARTESIAN_POINT('',(-74.2480740826659,138.599220930806,160.316454505335));
#1620=CARTESIAN_POINT('',(-74.6480740826656,138.199220930806,160.316454505335));
#1621=CARTESIAN_POINT('Origin',(-74.6480740826656,138.599220930806,160.316454505335));
#1622=CARTESIAN_POINT('',(-74.6480740826656,138.199220930806,161.316454505335));
#1623=CARTESIAN_POINT('',(-74.6480740826656,138.199220930806,164.066454445518));
#1624=CARTESIAN_POINT('',(-74.2480740826656,138.599220930806,161.316454505335));
#1625=CARTESIAN_POINT('Origin',(-74.6480740826656,138.599220930806,161.316454505335));
#1626=CARTESIAN_POINT('',(-74.2480740826656,138.599220930806,164.066454445518));
#1627=CARTESIAN_POINT('Origin',(-76.3999311338201,138.199220930806,165.316454445518));
#1628=CARTESIAN_POINT('',(-79.0184125897133,138.199220930806,160.316454505335));
#1629=CARTESIAN_POINT('',(-76.6039316609784,138.199220930806,160.316454505335));
#1630=CARTESIAN_POINT('',(-79.0184125897133,138.199220930806,161.316454505335));
#1631=CARTESIAN_POINT('',(-79.0184125897133,138.199220930806,164.066454445518));
#1632=CARTESIAN_POINT('',(-76.6039316609786,138.199220930806,161.316454505335));
#1633=CARTESIAN_POINT('Origin',(-79.0184125897133,138.599220930806,164.066454445518));
#1634=CARTESIAN_POINT('',(-79.4184125897133,138.599220930806,161.316454505335));
#1635=CARTESIAN_POINT('Origin',(-79.0184125897133,138.599220930806,161.316454505335));
#1636=CARTESIAN_POINT('',(-79.4184125897135,138.599220930806,160.316454505334));
#1637=CARTESIAN_POINT('Origin',(-79.0184125897133,138.599220930806,160.316454505335));
#1638=CARTESIAN_POINT('',(-79.4184125897133,138.599220930806,164.066454445518));
#1639=CARTESIAN_POINT('Origin',(-79.0184125897131,151.699211554774,164.066454445518));
#1640=CARTESIAN_POINT('',(-79.0184125897131,152.099211554774,161.316454505335));
#1641=CARTESIAN_POINT('',(-79.4184125897131,151.699211554774,161.316454505335));
#1642=CARTESIAN_POINT('Origin',(-79.0184125897131,151.699211554774,161.316454505335));
#1643=CARTESIAN_POINT('',(-79.4184125897135,151.699211554774,160.316454505335));
#1644=CARTESIAN_POINT('',(-79.4184125897131,151.699211554774,164.066454445518));
#1645=CARTESIAN_POINT('',(-79.0184125897131,152.099208586412,160.316454505335));
#1646=CARTESIAN_POINT('Origin',(-79.0184125897131,151.699211554774,160.316454505335));
#1647=CARTESIAN_POINT('',(-79.0184125897131,152.099211554774,164.066454445518));
#1648=CARTESIAN_POINT('Origin',(-79.4184125897132,145.374717116305,162.816454445518));
#1649=CARTESIAN_POINT('',(-79.4184125897135,150.901217189269,160.316454505335));
#1650=CARTESIAN_POINT('',(-79.4184125897131,151.001217189269,161.316454505335));
#1651=CARTESIAN_POINT('Origin',(-74.6480740826654,151.699211554774,164.066454445518));
#1652=CARTESIAN_POINT('',(-74.6480740826654,152.099208586412,160.316454505335));
#1653=CARTESIAN_POINT('',(-74.2480740826659,151.699211554774,160.316454505335));
#1654=CARTESIAN_POINT('Origin',(-74.6480740826654,151.699211554774,160.316454505335));
#1655=CARTESIAN_POINT('',(-74.2480740826654,151.699211554774,161.316454505335));
#1656=CARTESIAN_POINT('',(-74.2480740826654,151.699211554774,164.066454445518));
#1657=CARTESIAN_POINT('',(-74.6480740826654,152.099211554774,161.316454505335));
#1658=CARTESIAN_POINT('Origin',(-74.6480740826654,151.699211554774,161.316454505335));
#1659=CARTESIAN_POINT('',(-74.6480740826654,152.099211554774,164.066454445518));
#1660=CARTESIAN_POINT('Origin',(-74.2480740826655,145.374717116305,162.816454445518));
#1661=CARTESIAN_POINT('',(-74.2480740826654,151.001217189269,161.316454505335));
#1662=CARTESIAN_POINT('',(-74.2480740826659,150.901217189269,160.316454505335));
#1663=CARTESIAN_POINT('Origin',(-74.6480721970999,173.941290769241,162.316587701934));
#1664=CARTESIAN_POINT('',(-74.2480721971,173.941290769241,161.316454505335));
#1665=CARTESIAN_POINT('',(-74.6480721970999,174.341290769241,161.316454505335));
#1666=CARTESIAN_POINT('Origin',(-74.6480721970999,173.941290769241,161.316454505335));
#1667=CARTESIAN_POINT('',(-74.6480721971,174.341290769241,160.316453932545));
#1668=CARTESIAN_POINT('',(-74.6480721970999,174.341290769241,162.316587701934));
#1669=CARTESIAN_POINT('',(-74.2480721970998,173.941290769241,160.316453932545));
#1670=CARTESIAN_POINT('Origin',(-74.6480721971,173.941290769241,160.316454505335));
#1671=CARTESIAN_POINT('',(-74.2480721971,173.941290769241,162.316587701934));
#1672=CARTESIAN_POINT('Origin',(-78.6026125826053,174.341290769241,162.316587701934));
#1673=CARTESIAN_POINT('',(-79.3980727244152,174.341290769241,161.316454505335));
#1674=CARTESIAN_POINT('',(-77.7052723853711,174.341290769241,161.316454505335));
#1675=CARTESIAN_POINT('',(-79.3980727244152,174.341290769241,160.316453932545));
#1676=CARTESIAN_POINT('',(-79.3980727244152,174.341290769241,162.316587701934));
#1677=CARTESIAN_POINT('',(-76.2158047009755,174.341290769241,160.316453932545));
#1678=CARTESIAN_POINT('Origin',(-79.3980727244152,173.941290769241,162.316587701934));
#1679=CARTESIAN_POINT('',(-79.7980727244152,173.941290769241,161.316454505335));
#1680=CARTESIAN_POINT('Origin',(-79.3980727244152,173.941290769241,161.316454505335));
#1681=CARTESIAN_POINT('',(-79.798072724415,173.941290769241,160.316453932545));
#1682=CARTESIAN_POINT('',(-79.7980727244152,173.941290769241,162.316587701934));
#1683=CARTESIAN_POINT('Origin',(-79.3980727244152,173.941290769241,160.316454505335));
#1684=CARTESIAN_POINT('Origin',(-79.7980727244153,161.428015772206,162.316587701934));
#1685=CARTESIAN_POINT('',(-79.7980727244153,162.201301749295,161.316454505335));
#1686=CARTESIAN_POINT('',(-79.7980727244153,159.02786651722,161.316454505335));
#1687=CARTESIAN_POINT('',(-79.7980727244152,162.201301749295,160.316453932545));
#1688=CARTESIAN_POINT('',(-79.7980727244153,162.201301749295,162.316587701934));
#1689=CARTESIAN_POINT('',(-79.7980727244151,164.745740542775,160.316453932545));
#1690=CARTESIAN_POINT('Origin',(-79.3980727244153,162.201301749295,162.316587701934));
#1691=CARTESIAN_POINT('',(-79.3980727244153,161.801301749295,161.316454505335));
#1692=CARTESIAN_POINT('Origin',(-79.3980727244153,162.201301749295,161.316454505335));
#1693=CARTESIAN_POINT('',(-79.3980727244153,161.801301749295,160.316453932545));
#1694=CARTESIAN_POINT('',(-79.3980727244153,161.801301749295,162.316587701934));
#1695=CARTESIAN_POINT('Origin',(-79.3980727244153,162.201301749295,160.316454505335));
#1696=CARTESIAN_POINT('Origin',(-75.5526125826053,161.801301749295,162.316587701934));
#1697=CARTESIAN_POINT('',(-74.6480721970998,161.801301749295,161.316454505335));
#1698=CARTESIAN_POINT('',(-76.1802723853711,161.801301749295,161.316454505335));
#1699=CARTESIAN_POINT('',(-74.6480721970999,161.801301749295,160.316453932545));
#1700=CARTESIAN_POINT('',(-74.6480721970998,161.801301749295,162.316587701934));
#1701=CARTESIAN_POINT('',(-76.2158047009756,161.801301749295,160.316453932545));
#1702=CARTESIAN_POINT('Origin',(-74.6480721970998,162.201301749295,162.316587701934));
#1703=CARTESIAN_POINT('',(-74.2480721970998,162.201301749295,161.316454505335));
#1704=CARTESIAN_POINT('Origin',(-74.6480721970998,162.201301749295,161.316454505335));
#1705=CARTESIAN_POINT('',(-74.2480721970996,162.201301749295,160.316453932545));
#1706=CARTESIAN_POINT('',(-74.2480721970998,162.201301749295,162.316587701934));
#1707=CARTESIAN_POINT('Origin',(-74.6480721970999,162.201301749295,160.316454505335));
#1708=CARTESIAN_POINT('Origin',(-74.2480721970999,166.43301615539,162.316587701934));
#1709=CARTESIAN_POINT('',(-74.2480721970997,167.248240734367,160.316453932545));
#1710=CARTESIAN_POINT('',(-74.2480721970998,161.530366708811,161.316454505335));
#1711=CARTESIAN_POINT('Origin',(-76.8079321881369,156.627717262233,161.316454505335));
#1712=CARTESIAN_POINT('',(-80.5980756726225,137.199220930806,161.316454445518));
#1713=CARTESIAN_POINT('',(-80.5980756726212,153.087993737812,161.316454465652));
#1714=CARTESIAN_POINT('',(-80.5980756726212,153.087993737812,161.316454485786));
#1715=CARTESIAN_POINT('',(-73.0480740826654,137.199220930806,161.316454445518));
#1716=CARTESIAN_POINT('Origin',(-76.823074877644,137.199220930806,161.316454445518));
#1717=CARTESIAN_POINT('',(-73.0480740826652,153.096062835251,161.316454465652));
#1718=CARTESIAN_POINT('',(-73.0480740826652,153.099211554773,161.316454445518));
#1719=CARTESIAN_POINT('Origin',(-76.8230748776432,153.093602646293,161.316454465652));
#1720=CARTESIAN_POINT('',(-78.1344311192915,152.099211554774,161.316454505335));
#1721=CARTESIAN_POINT('Origin',(-76.8079321881369,156.627717262233,161.316454505335));
#1722=CARTESIAN_POINT('',(-80.5980756726206,175.341290769241,161.316454505335));
#1723=CARTESIAN_POINT('',(-73.0480683782798,175.341290769241,161.316454505335));
#1724=CARTESIAN_POINT('Origin',(-76.8230720254502,175.341290769241,161.316454505335));
#1725=CARTESIAN_POINT('',(-80.5980756726206,160.801301749295,161.316454505335));
#1726=CARTESIAN_POINT('',(-80.5980756726206,160.801301749295,161.316454505335));
#1727=CARTESIAN_POINT('',(-73.0480724791395,160.801301749294,161.316454505335));
#1728=CARTESIAN_POINT('Origin',(-76.82307407588,160.801301749295,161.316454505335));
#1729=CARTESIAN_POINT('',(-73.0480683782798,175.341290769241,161.316454505335));
#1730=CARTESIAN_POINT('Origin',(-79.4609300504461,152.099211554774,165.316454445518));
#1731=CARTESIAN_POINT('',(-76.6039316609782,152.099208586412,160.316454505335));
#1732=CARTESIAN_POINT('Ctrl Pts',(-73.0480740826656,137.199220930806,165.316454505335));
#1733=CARTESIAN_POINT('Ctrl Pts',(-73.0480740826656,135.199220930806,165.316454505335));
#1734=CARTESIAN_POINT('Ctrl Pts',(-76.8230748776442,135.199220930806,165.316454505335));
#1735=CARTESIAN_POINT('Ctrl Pts',(-80.5980756726228,135.199220930806,165.316454505335));
#1736=CARTESIAN_POINT('Ctrl Pts',(-80.5980756726228,137.199220930806,165.316454505335));
#1737=CARTESIAN_POINT('Ctrl Pts',(-73.0480740826656,137.199220930806,161.316454445518));
#1738=CARTESIAN_POINT('Ctrl Pts',(-73.0480740826656,135.199220930806,161.316454445518));
#1739=CARTESIAN_POINT('Ctrl Pts',(-76.8230748776442,135.199220930806,161.316454445518));
#1740=CARTESIAN_POINT('Ctrl Pts',(-80.5980756726228,135.199220930806,161.316454445518));
#1741=CARTESIAN_POINT('Ctrl Pts',(-80.5980756726228,137.199220930806,161.316454445518));
#1742=CARTESIAN_POINT('',(-73.0480740826656,137.199220930806,165.316454445518));
#1743=CARTESIAN_POINT('',(-80.5980756726227,137.199220930806,165.316454445518));
#1744=CARTESIAN_POINT('Origin',(-76.8230748776442,137.199220930806,165.316454505335));
#1745=CARTESIAN_POINT('',(-73.0480740826656,137.199220930806,165.316454445518));
#1746=CARTESIAN_POINT('',(-80.5980756726227,137.199220930806,165.316454445518));
#1747=CARTESIAN_POINT('Origin',(-73.0480740826654,153.096062835251,165.316454445518));
#1748=CARTESIAN_POINT('',(-73.0480740826654,153.096062835251,165.316454465652));
#1749=CARTESIAN_POINT('',(-73.0480740826654,154.761890048742,165.316454505335));
#1750=CARTESIAN_POINT('',(-73.0480740826654,153.096062835251,165.316454465652));
#1751=CARTESIAN_POINT('Ctrl Pts',(-80.5980756726214,153.087993737813,165.316454505335));
#1752=CARTESIAN_POINT('Ctrl Pts',(-80.5997923683451,154.243392821857,165.316454505335));
#1753=CARTESIAN_POINT('Ctrl Pts',(-78.7114336229941,154.823374184408,165.316454505335));
#1754=CARTESIAN_POINT('Ctrl Pts',(-76.823074877643,155.403355546959,165.316454505335));
#1755=CARTESIAN_POINT('Ctrl Pts',(-74.934716132292,154.827410567853,165.316454505335));
#1756=CARTESIAN_POINT('Ctrl Pts',(-73.0463573869411,154.251465588747,165.316454505335));
#1757=CARTESIAN_POINT('Ctrl Pts',(-73.0480740826654,153.096062835251,165.316454505335));
#1758=CARTESIAN_POINT('Ctrl Pts',(-80.5980756726214,153.087993737813,161.316454465652));
#1759=CARTESIAN_POINT('Ctrl Pts',(-80.5997923683451,154.243392821857,161.316454465652));
#1760=CARTESIAN_POINT('Ctrl Pts',(-78.7114336229941,154.823374184408,161.316454465652));
#1761=CARTESIAN_POINT('Ctrl Pts',(-76.823074877643,155.403355546959,161.316454465652));
#1762=CARTESIAN_POINT('Ctrl Pts',(-74.934716132292,154.827410567853,161.316454465652));
#1763=CARTESIAN_POINT('Ctrl Pts',(-73.0463573869411,154.251465588747,161.316454465652));
#1764=CARTESIAN_POINT('Ctrl Pts',(-73.0480740826654,153.096062835251,161.316454465652));
#1765=CARTESIAN_POINT('',(-80.5980756726214,153.087993737813,165.316454465652));
#1766=CARTESIAN_POINT('Origin',(-76.8230748776434,153.093602646293,165.316454505335));
#1767=CARTESIAN_POINT('',(-80.5980756726214,153.087993737813,165.316454465652));
#1768=CARTESIAN_POINT('Origin',(-80.5980756726227,137.199220930806,165.316454445519));
#1769=CARTESIAN_POINT('',(-80.5980756726219,146.81346909652,165.316454505334));
#1770=CARTESIAN_POINT('Origin',(-80.5980756726208,160.801301749295,165.316454505335));
#1771=CARTESIAN_POINT('',(-80.5980756726208,160.801301749295,165.316454505335));
#1772=CARTESIAN_POINT('',(-80.5980756726208,175.341290769241,165.316454505335));
#1773=CARTESIAN_POINT('',(-80.5980756726208,158.614509505764,165.316454505334));
#1774=CARTESIAN_POINT('',(-80.5980756726208,160.801301749295,165.316454505335));
#1775=CARTESIAN_POINT('',(-80.5980756726208,175.341290769241,165.316454505335));
#1776=CARTESIAN_POINT('Ctrl Pts',(-73.0480724791397,160.801301749295,165.316454505335));
#1777=CARTESIAN_POINT('Ctrl Pts',(-73.0480724791398,158.801301749295,165.316454505335));
#1778=CARTESIAN_POINT('Ctrl Pts',(-76.8230740758804,158.801301749295,165.316454505335));
#1779=CARTESIAN_POINT('Ctrl Pts',(-80.598075672621,158.801301749295,165.316454505335));
#1780=CARTESIAN_POINT('Ctrl Pts',(-80.5980756726208,160.801301749295,165.316454505335));
#1781=CARTESIAN_POINT('Ctrl Pts',(-73.0480724791397,160.801301749295,161.316454505335));
#1782=CARTESIAN_POINT('Ctrl Pts',(-73.0480724791398,158.801301749295,161.316454505335));
#1783=CARTESIAN_POINT('Ctrl Pts',(-76.8230740758804,158.801301749295,161.316454505335));
#1784=CARTESIAN_POINT('Ctrl Pts',(-80.598075672621,158.801301749295,161.316454505335));
#1785=CARTESIAN_POINT('Ctrl Pts',(-80.5980756726208,160.801301749295,161.316454505335));
#1786=CARTESIAN_POINT('',(-73.0480724791397,160.801301749295,165.316454505335));
#1787=CARTESIAN_POINT('Origin',(-76.8230740758802,160.801301749295,165.316454505335));
#1788=CARTESIAN_POINT('',(-73.0480724791397,160.801301749295,165.316454505335));
#1789=CARTESIAN_POINT('Origin',(-73.04806837828,175.341290769241,165.316454505335));
#1790=CARTESIAN_POINT('',(-73.04806837828,175.341290769241,165.316454505335));
#1791=CARTESIAN_POINT('',(-73.048071045473,165.884503513726,165.316454505335));
#1792=CARTESIAN_POINT('',(-73.04806837828,175.341290769241,165.316454505335));
#1793=CARTESIAN_POINT('Ctrl Pts',(-80.5980756726208,175.341290769241,165.316454505335));
#1794=CARTESIAN_POINT('Ctrl Pts',(-80.5980756726211,177.341290769241,165.316454505335));
#1795=CARTESIAN_POINT('Ctrl Pts',(-76.8230720254504,177.341290769241,165.316454505335));
#1796=CARTESIAN_POINT('Ctrl Pts',(-73.0480683782796,177.341290769241,165.316454505335));
#1797=CARTESIAN_POINT('Ctrl Pts',(-73.04806837828,175.341290769241,165.316454505335));
#1798=CARTESIAN_POINT('Ctrl Pts',(-80.5980756726208,175.341290769241,161.316454505335));
#1799=CARTESIAN_POINT('Ctrl Pts',(-80.5980756726211,177.341290769241,161.316454505335));
#1800=CARTESIAN_POINT('Ctrl Pts',(-76.8230720254504,177.341290769241,161.316454505335));
#1801=CARTESIAN_POINT('Ctrl Pts',(-73.0480683782796,177.341290769241,161.316454505335));
#1802=CARTESIAN_POINT('Ctrl Pts',(-73.04806837828,175.341290769241,161.316454505335));
#1803=CARTESIAN_POINT('Origin',(-76.8230720254504,175.341290769241,165.316454505335));
#1804=CARTESIAN_POINT('Origin',(-76.8079321881369,131.277717264471,162.316453169605));
#1805=CARTESIAN_POINT('',(-78.4079321881369,134.106586296434,162.316453169605));
#1806=CARTESIAN_POINT('',(-75.2079321881369,134.106586296434,162.316453169605));
#1807=CARTESIAN_POINT('Origin',(-76.8079321881369,131.277717264471,162.316457364601));
#1808=CARTESIAN_POINT('',(-75.2079321881369,128.448848232508,162.316453169605));
#1809=CARTESIAN_POINT('Origin',(-76.8079321881369,131.277717264471,162.316453169605));
#1810=CARTESIAN_POINT('',(-78.4079321881369,128.448848232508,162.316453169605));
#1811=CARTESIAN_POINT('Origin',(-76.8079321881369,131.277717264471,162.316457364601));
#1812=CARTESIAN_POINT('',(-80.0579321881369,131.277717264471,162.316453169605));
#1813=CARTESIAN_POINT('Origin',(-76.8079321881369,131.277717264471,162.316453169605));
#1814=CARTESIAN_POINT('',(-80.0579321881371,131.277717264471,165.316453169605));
#1815=CARTESIAN_POINT('',(-80.0579321881369,131.277717264471,162.316453169605));
#1816=CARTESIAN_POINT('Origin',(-76.8079321881371,131.277717264471,165.316454505335));
#1817=CARTESIAN_POINT('Origin',(-76.8079321881369,131.277717264471,162.316453169605));
#1818=CARTESIAN_POINT('Origin',(-76.8079321881371,181.977717259997,162.316453169605));
#1819=CARTESIAN_POINT('',(-78.4079321881371,184.80658629196,162.316453169605));
#1820=CARTESIAN_POINT('',(-75.2079321881371,184.80658629196,162.316453169605));
#1821=CARTESIAN_POINT('Origin',(-76.8079321881371,181.977717259997,162.316457364601));
#1822=CARTESIAN_POINT('',(-75.2079321881371,179.148848228033,162.316453169605));
#1823=CARTESIAN_POINT('Origin',(-76.8079321881371,181.977717259997,162.316453169605));
#1824=CARTESIAN_POINT('',(-78.4079321881371,179.148848228033,162.316453169605));
#1825=CARTESIAN_POINT('Origin',(-76.8079321881371,181.977717259997,162.316457364601));
#1826=CARTESIAN_POINT('',(-80.0579321881371,181.977717259997,162.316453169605));
#1827=CARTESIAN_POINT('Origin',(-76.8079321881371,181.977717259997,162.316453169605));
#1828=CARTESIAN_POINT('',(-80.0579321881373,181.977717259997,165.316453169605));
#1829=CARTESIAN_POINT('',(-80.0579321881371,181.977717259997,162.316453169605));
#1830=CARTESIAN_POINT('Origin',(-76.8079321881373,181.977717259997,165.316454505335));
#1831=CARTESIAN_POINT('Origin',(-76.8079321881371,181.977717259997,162.316453169605));
#1832=CARTESIAN_POINT('Origin',(-76.8079321881372,156.427717262233,165.316454505335));
#1833=CARTESIAN_POINT('',(-79.5368643762717,185.877717259996,165.316454505335));
#1834=CARTESIAN_POINT('',(-74.0790000000029,185.877717259996,165.316454505335));
#1835=CARTESIAN_POINT('',(-76.8079321881372,185.877717259996,165.316454505335));
#1836=CARTESIAN_POINT('',(-81.1368643762716,184.277717259996,165.316454505334));
#1837=CARTESIAN_POINT('Origin',(-79.5368643762716,184.277717259996,165.316454505335));
#1838=CARTESIAN_POINT('',(-81.1368643762714,128.977717264471,165.316454505334));
#1839=CARTESIAN_POINT('',(-81.1368643762715,156.427717262233,165.316454505334));
#1840=CARTESIAN_POINT('',(-79.5368643762714,127.377717264471,165.316454505335));
#1841=CARTESIAN_POINT('Origin',(-79.5368643762714,128.977717264471,165.316454505335));
#1842=CARTESIAN_POINT('',(-74.0790000000027,127.377717264471,165.316454505335));
#1843=CARTESIAN_POINT('',(-76.807932188137,127.377717264471,165.316454505335));
#1844=CARTESIAN_POINT('',(-72.4790000000027,128.977717264471,165.316454505335));
#1845=CARTESIAN_POINT('Origin',(-74.0790000000027,128.977717264471,165.316454505335));
#1846=CARTESIAN_POINT('',(-72.4790000000029,184.277717259996,165.316454505335));
#1847=CARTESIAN_POINT('',(-72.4790000000028,156.427717262233,165.316454505335));
#1848=CARTESIAN_POINT('Origin',(-74.0790000000029,184.277717259996,165.316454505335));
#1849=CARTESIAN_POINT('Origin',(-76.8079321881369,131.277717264471,162.316453169605));
#1850=CARTESIAN_POINT('',(-77.3823884527903,132.87771726447,162.31644515757));
#1851=CARTESIAN_POINT('',(-76.8079321881367,132.977717264471,162.316457364601));
#1852=CARTESIAN_POINT('Origin',(-76.8079321881366,131.27771726447,162.316457364601));
#1853=CARTESIAN_POINT('',(-76.2334759234831,132.877717264471,162.31644515757));
#1854=CARTESIAN_POINT('Origin',(-76.8079321881366,131.27771726447,162.316457364601));
#1855=CARTESIAN_POINT('',(-75.2079321881369,131.852173529125,162.316453169605));
#1856=CARTESIAN_POINT('Origin',(-76.8079321881366,131.27771726447,162.31644515757));
#1857=CARTESIAN_POINT('',(-75.2079321881369,130.703260999817,162.316453169605));
#1858=CARTESIAN_POINT('Origin',(-76.8079321881368,131.277717264471,162.316453169605));
#1859=CARTESIAN_POINT('',(-76.2334759234827,129.677717264471,162.31644515757));
#1860=CARTESIAN_POINT('Origin',(-76.8079321881366,131.27771726447,162.31644515757));
#1861=CARTESIAN_POINT('',(-77.3823884527907,129.67771726447,162.31644515757));
#1862=CARTESIAN_POINT('Origin',(-76.8079321881366,131.27771726447,162.316457364601));
#1863=CARTESIAN_POINT('',(-78.4079321881369,130.703260999817,162.316453169605));
#1864=CARTESIAN_POINT('Origin',(-76.8079321881366,131.27771726447,162.31644515757));
#1865=CARTESIAN_POINT('',(-78.4079321881369,131.852173529124,162.316453169605));
#1866=CARTESIAN_POINT('Origin',(-76.8079321881368,131.277717264471,162.316453169605));
#1867=CARTESIAN_POINT('Origin',(-76.8079321881366,131.27771726447,162.31644515757));
#1868=CARTESIAN_POINT('Origin',(-76.8079321881371,181.977717259997,162.316453169605));
#1869=CARTESIAN_POINT('',(-77.3823884527893,183.577717259996,162.316445157569));
#1870=CARTESIAN_POINT('',(-76.8079321881369,183.677717259996,162.316457364601));
#1871=CARTESIAN_POINT('Origin',(-76.8079321881368,181.977717259996,162.316457364601));
#1872=CARTESIAN_POINT('',(-76.2334759234843,183.577717259996,162.31644515757));
#1873=CARTESIAN_POINT('Origin',(-76.8079321881368,181.977717259996,162.316457364601));
#1874=CARTESIAN_POINT('',(-75.2079321881371,182.55217352465,162.316453169605));
#1875=CARTESIAN_POINT('Origin',(-76.8079321881368,181.977717259996,162.316445157569));
#1876=CARTESIAN_POINT('',(-75.2079321881371,181.403260995342,162.316453169605));
#1877=CARTESIAN_POINT('Origin',(-76.807932188137,181.977717259996,162.316453169605));
#1878=CARTESIAN_POINT('',(-76.2334759234817,180.377717259996,162.31644515757));
#1879=CARTESIAN_POINT('Origin',(-76.8079321881368,181.977717259996,162.316445157569));
#1880=CARTESIAN_POINT('',(-77.3823884527919,180.377717259996,162.316445157569));
#1881=CARTESIAN_POINT('Origin',(-76.8079321881368,181.977717259996,162.316457364601));
#1882=CARTESIAN_POINT('',(-78.4079321881371,181.403260995342,162.316453169605));
#1883=CARTESIAN_POINT('Origin',(-76.8079321881368,181.977717259996,162.316445157569));
#1884=CARTESIAN_POINT('',(-78.4079321881371,182.55217352465,162.316453169605));
#1885=CARTESIAN_POINT('Origin',(-76.807932188137,181.977717259996,162.316453169605));
#1886=CARTESIAN_POINT('Origin',(-76.8079321881368,181.977717259996,162.316445157569));
#1887=CARTESIAN_POINT('Origin',(-76.8079321881372,186.077717259996,165.116454505335));
#1888=CARTESIAN_POINT('',(-79.5368643762716,186.277717259996,164.916454505335));
#1889=CARTESIAN_POINT('',(-79.5368643762716,186.277717259996,164.916454505335));
#1890=CARTESIAN_POINT('',(-74.0790000000028,186.277717259996,164.916454505335));
#1891=CARTESIAN_POINT('',(-74.0790000000029,185.877717259996,165.316454505335));
#1892=CARTESIAN_POINT('',(-76.8079321881372,186.277717259996,164.916454505335));
#1893=CARTESIAN_POINT('Origin',(-79.5368643762716,184.277717259996,165.116454505335));
#1894=CARTESIAN_POINT('',(-81.5368643762716,184.277717259996,164.916454505335));
#1895=CARTESIAN_POINT('Origin',(-79.5368643762716,184.277717259996,164.916454505335));
#1896=CARTESIAN_POINT('',(-81.5368643762716,184.277717259996,164.916454505335));
#1897=CARTESIAN_POINT('Origin',(-81.3368643762715,156.427717262233,165.116454505334));
#1898=CARTESIAN_POINT('',(-81.5368643762714,128.977717264471,164.916454505334));
#1899=CARTESIAN_POINT('',(-81.5368643762714,128.977717264471,164.916454505334));
#1900=CARTESIAN_POINT('',(-81.5368643762715,156.427717262233,164.916454505334));
#1901=CARTESIAN_POINT('Origin',(-79.5368643762714,128.977717264471,165.116454505335));
#1902=CARTESIAN_POINT('',(-79.5368643762714,126.977717264471,164.916454505334));
#1903=CARTESIAN_POINT('Origin',(-79.5368643762714,128.977717264471,164.916454505334));
#1904=CARTESIAN_POINT('',(-79.5368643762714,126.977717264471,164.916454505334));
#1905=CARTESIAN_POINT('Origin',(-76.807932188137,127.177717264471,165.116454505335));
#1906=CARTESIAN_POINT('',(-74.0790000000026,126.977717264471,164.916454505335));
#1907=CARTESIAN_POINT('',(-74.0790000000026,126.977717264471,164.916454505335));
#1908=CARTESIAN_POINT('',(-76.807932188137,126.977717264471,164.916454505335));
#1909=CARTESIAN_POINT('Origin',(-74.0790000000027,128.977717264471,165.116454505335));
#1910=CARTESIAN_POINT('',(-72.0790000000026,128.977717264471,164.916454505335));
#1911=CARTESIAN_POINT('Origin',(-74.0790000000027,128.977717264471,164.916454505335));
#1912=CARTESIAN_POINT('',(-72.0790000000026,128.977717264471,164.916454505335));
#1913=CARTESIAN_POINT('Origin',(-72.2790000000028,156.427717262233,165.116454505335));
#1914=CARTESIAN_POINT('',(-72.0790000000028,184.277717259996,164.916454505335));
#1915=CARTESIAN_POINT('',(-72.0790000000028,184.277717259996,164.916454505335));
#1916=CARTESIAN_POINT('',(-72.0790000000027,156.427717262233,164.916454505335));
#1917=CARTESIAN_POINT('Origin',(-74.0790000000028,184.277717259996,165.116454505335));
#1918=CARTESIAN_POINT('Origin',(-74.0790000000028,184.277717259996,164.916454505335));
#1919=CARTESIAN_POINT('Origin',(-79.5368643762713,128.977717264471,163.816454505334));
#1920=CARTESIAN_POINT('',(-81.5368643762711,128.977717264471,160.716454505334));
#1921=CARTESIAN_POINT('',(-81.5368643762713,128.977717264471,163.816454505334));
#1922=CARTESIAN_POINT('',(-79.5368643762711,126.977717264471,160.716454505334));
#1923=CARTESIAN_POINT('Origin',(-79.5368643762711,128.977717264471,160.716454505334));
#1924=CARTESIAN_POINT('',(-79.5368643762713,126.977717264471,163.816454505334));
#1925=CARTESIAN_POINT('Origin',(-81.5368643762714,156.427717262233,163.816454505334));
#1926=CARTESIAN_POINT('',(-81.5368643762713,184.277717259996,160.716454505334));
#1927=CARTESIAN_POINT('',(-81.5368643762716,184.277717259996,163.816454505334));
#1928=CARTESIAN_POINT('',(-81.5368643762712,156.427717262233,160.716454505334));
#1929=CARTESIAN_POINT('Origin',(-79.5368643762715,184.277717259996,163.816454505335));
#1930=CARTESIAN_POINT('',(-79.5368643762713,186.277717259996,160.716454505335));
#1931=CARTESIAN_POINT('',(-79.5368643762715,186.277717259996,163.816454505335));
#1932=CARTESIAN_POINT('Origin',(-79.5368643762713,184.277717259996,160.716454505335));
#1933=CARTESIAN_POINT('Origin',(-76.8079321881372,186.277717259996,163.816454505335));
#1934=CARTESIAN_POINT('',(-74.0790000000026,186.277717259996,160.716454505335));
#1935=CARTESIAN_POINT('',(-74.0790000000028,186.277717259996,163.816454505335));
#1936=CARTESIAN_POINT('',(-76.8079321881369,186.277717259996,160.716454505335));
#1937=CARTESIAN_POINT('Origin',(-76.8079321881368,156.427717262233,160.316454505335));
#1938=CARTESIAN_POINT('',(-74.0790000000025,185.877717259996,160.316454505335));
#1939=CARTESIAN_POINT('',(-79.5368643762713,185.877717259996,160.316454505335));
#1940=CARTESIAN_POINT('',(-76.8079321881369,185.877717259996,160.316454505335));
#1941=CARTESIAN_POINT('',(-72.4790000000025,184.277717259996,160.316454505335));
#1942=CARTESIAN_POINT('Origin',(-74.0790000000025,184.277717259996,160.316454505335));
#1943=CARTESIAN_POINT('',(-72.4790000000023,128.977717264471,160.316454505335));
#1944=CARTESIAN_POINT('',(-72.4790000000024,156.427717262233,160.316454505335));
#1945=CARTESIAN_POINT('',(-74.0790000000023,127.377717264471,160.316454505335));
#1946=CARTESIAN_POINT('Origin',(-74.0790000000023,128.977717264471,160.316454505335));
#1947=CARTESIAN_POINT('',(-79.5368643762711,127.377717264471,160.316454505334));
#1948=CARTESIAN_POINT('',(-76.8079321881367,127.377717264471,160.316454505335));
#1949=CARTESIAN_POINT('',(-81.1368643762711,128.977717264471,160.316454505334));
#1950=CARTESIAN_POINT('Origin',(-79.5368643762711,128.977717264471,160.316454505334));
#1951=CARTESIAN_POINT('',(-81.1368643762713,184.277717259996,160.316454505334));
#1952=CARTESIAN_POINT('',(-81.1368643762712,156.427717262233,160.316454505334));
#1953=CARTESIAN_POINT('Origin',(-79.5368643762713,184.277717259996,160.316454505335));
#1954=CARTESIAN_POINT('',(-76.8079321881368,183.677717259996,160.316454505335));
#1955=CARTESIAN_POINT('Origin',(-76.8079321881369,181.977717259996,160.316454505335));
#1956=CARTESIAN_POINT('',(-76.8079321881366,132.977717264471,160.316454505335));
#1957=CARTESIAN_POINT('Origin',(-76.8079321881367,131.277717264471,160.316454505335));
#1958=CARTESIAN_POINT('Origin',(-76.8079321881369,186.077717259996,160.516454505335));
#1959=CARTESIAN_POINT('',(-79.5368643762713,185.877717259996,160.316454505335));
#1960=CARTESIAN_POINT('',(-74.0790000000026,186.277717259996,160.716454505335));
#1961=CARTESIAN_POINT('Origin',(-79.5368643762713,184.277717259996,160.516454505335));
#1962=CARTESIAN_POINT('',(-81.1368643762713,184.277717259996,160.316454505334));
#1963=CARTESIAN_POINT('Origin',(-81.3368643762712,156.427717262233,160.516454505334));
#1964=CARTESIAN_POINT('',(-81.1368643762711,128.977717264471,160.316454505334));
#1965=CARTESIAN_POINT('Origin',(-79.5368643762711,128.977717264471,160.516454505334));
#1966=CARTESIAN_POINT('',(-79.5368643762711,127.377717264471,160.316454505334));
#1967=CARTESIAN_POINT('Origin',(-76.8079321881367,127.177717264471,160.516454505335));
#1968=CARTESIAN_POINT('',(-74.0790000000023,126.977717264471,160.716454505335));
#1969=CARTESIAN_POINT('',(-74.0790000000023,127.377717264471,160.316454505335));
#1970=CARTESIAN_POINT('',(-76.8079321881367,126.977717264471,160.716454505335));
#1971=CARTESIAN_POINT('Origin',(-74.0790000000023,128.977717264471,160.516454505335));
#1972=CARTESIAN_POINT('',(-72.0790000000024,128.977717264471,160.716454505335));
#1973=CARTESIAN_POINT('',(-72.4790000000023,128.977717264471,160.316454505335));
#1974=CARTESIAN_POINT('Origin',(-74.0790000000024,128.977717264471,160.716454505335));
#1975=CARTESIAN_POINT('Origin',(-72.2790000000024,156.427717262233,160.516454505335));
#1976=CARTESIAN_POINT('',(-72.0790000000025,184.277717259996,160.716454505335));
#1977=CARTESIAN_POINT('',(-72.4790000000025,184.277717259996,160.316454505335));
#1978=CARTESIAN_POINT('',(-72.0790000000025,156.427717262233,160.716454505335));
#1979=CARTESIAN_POINT('Origin',(-74.0790000000025,184.277717259996,160.516454505335));
#1980=CARTESIAN_POINT('Origin',(-74.0790000000026,184.277717259996,160.716454505335));
#1981=CARTESIAN_POINT('Origin',(-74.0790000000026,128.977717264471,163.816454505335));
#1982=CARTESIAN_POINT('',(-74.0790000000026,126.977717264471,163.816454505335));
#1983=CARTESIAN_POINT('',(-72.0790000000026,128.977717264471,163.816454505335));
#1984=CARTESIAN_POINT('Origin',(-72.0790000000027,156.427717262233,163.816454505335));
#1985=CARTESIAN_POINT('',(-72.0790000000028,184.277717259996,163.816454505335));
#1986=CARTESIAN_POINT('Origin',(-74.0790000000028,184.277717259996,163.816454505335));
#1987=CARTESIAN_POINT('Origin',(-76.8079321881369,126.977717264471,163.816454505335));
#1988=CARTESIAN_POINT('Origin',(-76.8079321881365,131.277717264471,157.316454505335));
#1989=CARTESIAN_POINT('',(-76.8079321881364,132.977717264471,157.316454505335));
#1990=CARTESIAN_POINT('Origin',(-76.8079321881367,181.977717259996,157.316454505335));
#1991=CARTESIAN_POINT('',(-76.8079321881366,183.677717259996,157.316454505335));
#1992=UNCERTAINTY_MEASURE_WITH_UNIT(LENGTH_MEASURE(0.01),#1996,
'DISTANCE_ACCURACY_VALUE',
'Maximum model space distance between geometric entities at asserted c
onnectivities');
#1993=UNCERTAINTY_MEASURE_WITH_UNIT(LENGTH_MEASURE(0.01),#1996,
'DISTANCE_ACCURACY_VALUE',
'Maximum model space distance between geometric entities at asserted c
onnectivities');
#1994=(
GEOMETRIC_REPRESENTATION_CONTEXT(3)
GLOBAL_UNCERTAINTY_ASSIGNED_CONTEXT((#1992))
GLOBAL_UNIT_ASSIGNED_CONTEXT((#1996,#1998,#1999))
REPRESENTATION_CONTEXT('','3D')
);
#1995=(
GEOMETRIC_REPRESENTATION_CONTEXT(3)
GLOBAL_UNCERTAINTY_ASSIGNED_CONTEXT((#1993))
GLOBAL_UNIT_ASSIGNED_CONTEXT((#1996,#1998,#1999))
REPRESENTATION_CONTEXT('','3D')
);
#1996=(
LENGTH_UNIT()
NAMED_UNIT(*)
SI_UNIT(.MILLI.,.METRE.)
);
#1997=(
LENGTH_UNIT()
NAMED_UNIT(*)
SI_UNIT($,.METRE.)
);
#1998=(
NAMED_UNIT(*)
PLANE_ANGLE_UNIT()
SI_UNIT($,.RADIAN.)
);
#1999=(
NAMED_UNIT(*)
SI_UNIT($,.STERADIAN.)
SOLID_ANGLE_UNIT()
);
#2000=SHAPE_DEFINITION_REPRESENTATION(#2001,#2002);
#2001=PRODUCT_DEFINITION_SHAPE('',$,#2004);
#2002=SHAPE_REPRESENTATION('',(#1144),#1994);
#2003=PRODUCT_DEFINITION_CONTEXT('part definition',#2008,'design');
#2004=PRODUCT_DEFINITION('2026-09-07-01-46-45-611','XT30 + Microfit',#2005,
#2003);
#2005=PRODUCT_DEFINITION_FORMATION('',$,#2010);
#2006=PRODUCT_RELATED_PRODUCT_CATEGORY('XT30 + Microfit',
'XT30 + Microfit',(#2010));
#2007=APPLICATION_PROTOCOL_DEFINITION('international standard',
'automotive_design',2009,#2008);
#2008=APPLICATION_CONTEXT(
'Core Data for Automotive Mechanical Design Process');
#2009=PRODUCT_CONTEXT('part definition',#2008,'mechanical');
#2010=PRODUCT('2026-09-07-01-46-45-611','XT30 + Microfit',$,(#2009));
#2011=PRESENTATION_STYLE_ASSIGNMENT((#2013));
#2012=PRESENTATION_STYLE_ASSIGNMENT((#2014));
#2013=SURFACE_STYLE_USAGE(.BOTH.,#2015);
#2014=SURFACE_STYLE_USAGE(.BOTH.,#2016);
#2015=SURFACE_SIDE_STYLE('',(#2017));
#2016=SURFACE_SIDE_STYLE('',(#2018));
#2017=SURFACE_STYLE_FILL_AREA(#2019);
#2018=SURFACE_STYLE_FILL_AREA(#2020);
#2019=FILL_AREA_STYLE('Steel - Satin',(#2021));
#2020=FILL_AREA_STYLE('ABS (Fusion Red Dwarf)',(#2022));
#2021=FILL_AREA_STYLE_COLOUR('Steel - Satin',#2023);
#2022=FILL_AREA_STYLE_COLOUR('ABS (Fusion Red Dwarf)',#2024);
#2023=COLOUR_RGB('Steel - Satin',0.627450980392157,0.627450980392157,0.627450980392157);
#2024=COLOUR_RGB('ABS (Fusion Red Dwarf)',0.674509803921569,0.0431372549019608,
0.0431372549019608);
ENDSEC;
END-ISO-10303-21;
