ISO-10303-21;
HEADER;
/* Generated by software containing ST-Developer
 * from STEP Tools, Inc. (www.steptools.com) 
 */

FILE_DESCRIPTION(
/* description */ (''),
/* implementation_level */ '2;1');

FILE_NAME(
/* name */ 'Corner.step',
/* time_stamp */ '2026-09-07T01:46:21-05:00',
/* author */ (''),
/* organization */ (''),
/* preprocessor_version */ 'ST-DEVELOPER v20.1',
/* originating_system */ 'Autodesk Translation Framework v15.8.0.0',
/* authorisation */ '');

FILE_SCHEMA (('AUTOMOTIVE_DESIGN { 1 0 10303 214 3 1 1 }'));
ENDSEC;

DATA;
#10=MECHANICAL_DESIGN_GEOMETRIC_PRESENTATION_REPRESENTATION('',(#13),#8040);
#11=SHAPE_REPRESENTATION_RELATIONSHIP('SRR','None',#8047,#12);
#12=ADVANCED_BREP_SHAPE_REPRESENTATION('',(#14),#8039);
#13=STYLED_ITEM('',(#8057),#14);
#14=MANIFOLD_SOLID_BREP('Corner (Insert)',#4433);
#15=(
BOUNDED_SURFACE()
B_SPLINE_SURFACE(1,2,((#6604,#6605,#6606),(#6607,#6608,#6609)),
 .UNSPECIFIED.,.F.,.F.,.F.)
B_SPLINE_SURFACE_WITH_KNOTS((2,2),(3,3),(-0.0424709130040391,0.),(0.,1.0471975511966),
 .UNSPECIFIED.)
GEOMETRIC_REPRESENTATION_ITEM()
RATIONAL_B_SPLINE_SURFACE(((1.,0.866025403784439,1.),(1.,0.866025403784439,
1.)))
REPRESENTATION_ITEM('')
SURFACE()
);
#16=(
BOUNDED_SURFACE()
B_SPLINE_SURFACE(1,2,((#6629,#6630,#6631),(#6632,#6633,#6634)),
 .UNSPECIFIED.,.F.,.F.,.F.)
B_SPLINE_SURFACE_WITH_KNOTS((2,2),(3,3),(-0.0424709130040391,0.),(0.,1.04719755119651),
 .UNSPECIFIED.)
GEOMETRIC_REPRESENTATION_ITEM()
RATIONAL_B_SPLINE_SURFACE(((1.,0.866025403784461,1.),(1.,0.866025403784461,
1.)))
REPRESENTATION_ITEM('')
SURFACE()
);
#17=(
BOUNDED_SURFACE()
B_SPLINE_SURFACE(1,2,((#6654,#6655,#6656),(#6657,#6658,#6659)),
 .UNSPECIFIED.,.F.,.F.,.F.)
B_SPLINE_SURFACE_WITH_KNOTS((2,2),(3,3),(-0.0424709130040391,0.),(0.,1.04719755119642),
 .UNSPECIFIED.)
GEOMETRIC_REPRESENTATION_ITEM()
RATIONAL_B_SPLINE_SURFACE(((1.,0.866025403784482,1.),(1.,0.866025403784482,
1.)))
REPRESENTATION_ITEM('')
SURFACE()
);
#18=(
BOUNDED_SURFACE()
B_SPLINE_SURFACE(1,2,((#6679,#6680,#6681),(#6682,#6683,#6684)),
 .UNSPECIFIED.,.F.,.F.,.F.)
B_SPLINE_SURFACE_WITH_KNOTS((2,2),(3,3),(-0.0424709130040391,0.),(0.,1.04719755119661),
 .UNSPECIFIED.)
GEOMETRIC_REPRESENTATION_ITEM()
RATIONAL_B_SPLINE_SURFACE(((1.,0.866025403784437,1.),(1.,0.866025403784437,
1.)))
REPRESENTATION_ITEM('')
SURFACE()
);
#19=(
BOUNDED_SURFACE()
B_SPLINE_SURFACE(1,2,((#6698,#6699,#6700,#6701,#6702,#6703,#6704),(#6705,
#6706,#6707,#6708,#6709,#6710,#6711)),.UNSPECIFIED.,.F.,.F.,.F.)
B_SPLINE_SURFACE_WITH_KNOTS((2,2),(3,2,2,3),(-0.0424709130040391,0.),(0.,
1.04719793760656,2.09439587521313,3.14159381281969),.UNSPECIFIED.)
GEOMETRIC_REPRESENTATION_ITEM()
RATIONAL_B_SPLINE_SURFACE(((1.,0.866025307181931,1.,0.866025307181931,1.,
0.866025307181931,1.),(1.,0.866025307181931,1.,0.866025307181931,1.,0.866025307181931,
1.)))
REPRESENTATION_ITEM('')
SURFACE()
);
#20=(
BOUNDED_SURFACE()
B_SPLINE_SURFACE(1,2,((#6769,#6770,#6771,#6772,#6773,#6774,#6775,#6776,
#6777),(#6778,#6779,#6780,#6781,#6782,#6783,#6784,#6785,#6786)),
 .UNSPECIFIED.,.F.,.T.,.F.)
B_SPLINE_SURFACE_WITH_KNOTS((2,2),(3,2,2,2,3),(-0.0587037606105043,0.00921954798075962),
(0.,1.5707963267949,3.14159265358979,4.71238898038469,6.28318530717959),
 .UNSPECIFIED.)
GEOMETRIC_REPRESENTATION_ITEM()
RATIONAL_B_SPLINE_SURFACE(((1.,0.707106781186548,1.,0.707106781186548,1.,
0.707106781186548,1.,0.707106781186548,1.),(1.,0.707106781186548,1.,0.707106781186548,
1.,0.707106781186548,1.,0.707106781186548,1.)))
REPRESENTATION_ITEM('')
SURFACE()
);
#21=(
BOUNDED_SURFACE()
B_SPLINE_SURFACE(1,2,((#6854,#6855,#6856,#6857,#6858,#6859,#6860),(#6861,
#6862,#6863,#6864,#6865,#6866,#6867)),.UNSPECIFIED.,.F.,.F.,.F.)
B_SPLINE_SURFACE_WITH_KNOTS((2,2),(3,2,2,3),(-0.0566278840053825,0.),(0.,
1.04719793760656,2.09439587521313,3.14159381281969),.UNSPECIFIED.)
GEOMETRIC_REPRESENTATION_ITEM()
RATIONAL_B_SPLINE_SURFACE(((1.,0.866025307181931,1.,0.866025307181931,1.,
0.866025307181931,1.),(1.,0.866025307181931,1.,0.866025307181931,1.,0.866025307181931,
1.)))
REPRESENTATION_ITEM('')
SURFACE()
);
#22=(
BOUNDED_SURFACE()
B_SPLINE_SURFACE(1,2,((#6875,#6876,#6877),(#6878,#6879,#6880)),
 .UNSPECIFIED.,.F.,.F.,.F.)
B_SPLINE_SURFACE_WITH_KNOTS((2,2),(3,3),(-0.0566278840053825,0.),(0.,1.04719755119661),
 .UNSPECIFIED.)
GEOMETRIC_REPRESENTATION_ITEM()
RATIONAL_B_SPLINE_SURFACE(((1.,0.866025403784437,1.),(1.,0.866025403784437,
1.)))
REPRESENTATION_ITEM('')
SURFACE()
);
#23=(
BOUNDED_SURFACE()
B_SPLINE_SURFACE(1,2,((#6888,#6889,#6890),(#6891,#6892,#6893)),
 .UNSPECIFIED.,.F.,.F.,.F.)
B_SPLINE_SURFACE_WITH_KNOTS((2,2),(3,3),(-0.0566278840053825,0.),(0.,1.04719755119642),
 .UNSPECIFIED.)
GEOMETRIC_REPRESENTATION_ITEM()
RATIONAL_B_SPLINE_SURFACE(((1.,0.866025403784482,1.),(1.,0.866025403784482,
1.)))
REPRESENTATION_ITEM('')
SURFACE()
);
#24=(
BOUNDED_SURFACE()
B_SPLINE_SURFACE(1,2,((#6898,#6899,#6900),(#6901,#6902,#6903)),
 .UNSPECIFIED.,.F.,.F.,.F.)
B_SPLINE_SURFACE_WITH_KNOTS((2,2),(3,3),(-0.0566278840053825,0.),(0.,1.04719755119651),
 .UNSPECIFIED.)
GEOMETRIC_REPRESENTATION_ITEM()
RATIONAL_B_SPLINE_SURFACE(((1.,0.866025403784461,1.),(1.,0.866025403784461,
1.)))
REPRESENTATION_ITEM('')
SURFACE()
);
#25=(
BOUNDED_SURFACE()
B_SPLINE_SURFACE(1,2,((#6907,#6908,#6909),(#6910,#6911,#6912)),
 .UNSPECIFIED.,.F.,.F.,.F.)
B_SPLINE_SURFACE_WITH_KNOTS((2,2),(3,3),(-0.0566278840053825,0.),(0.,1.0471975511966),
 .UNSPECIFIED.)
GEOMETRIC_REPRESENTATION_ITEM()
RATIONAL_B_SPLINE_SURFACE(((1.,0.866025403784439,1.),(1.,0.866025403784439,
1.)))
REPRESENTATION_ITEM('')
SURFACE()
);
#26=(
BOUNDED_SURFACE()
B_SPLINE_SURFACE(1,2,((#6916,#6917,#6918,#6919,#6920,#6921,#6922,#6923,
#6924),(#6925,#6926,#6927,#6928,#6929,#6930,#6931,#6932,#6933)),
 .UNSPECIFIED.,.F.,.T.,.F.)
B_SPLINE_SURFACE_WITH_KNOTS((2,2),(3,2,2,2,3),(-0.067953460806459,0.0162328476064637),
(0.,1.5707963267949,3.14159265358979,4.71238898038469,6.28318530717959),
 .UNSPECIFIED.)
GEOMETRIC_REPRESENTATION_ITEM()
RATIONAL_B_SPLINE_SURFACE(((1.,0.707106781186548,1.,0.707106781186548,1.,
0.707106781186548,1.,0.707106781186548,1.),(1.,0.707106781186548,1.,0.707106781186548,
1.,0.707106781186548,1.,0.707106781186548,1.)))
REPRESENTATION_ITEM('')
SURFACE()
);
#27=(
BOUNDED_SURFACE()
B_SPLINE_SURFACE(1,2,((#6970,#6971,#6972),(#6973,#6974,#6975)),
 .UNSPECIFIED.,.F.,.F.,.F.)
B_SPLINE_SURFACE_WITH_KNOTS((2,2),(3,3),(-0.0424709130040391,0.),(0.,1.0471975511966),
 .UNSPECIFIED.)
GEOMETRIC_REPRESENTATION_ITEM()
RATIONAL_B_SPLINE_SURFACE(((1.,0.866025403784439,1.),(1.,0.866025403784439,
1.)))
REPRESENTATION_ITEM('')
SURFACE()
);
#28=(
BOUNDED_SURFACE()
B_SPLINE_SURFACE(1,2,((#6995,#6996,#6997),(#6998,#6999,#7000)),
 .UNSPECIFIED.,.F.,.F.,.F.)
B_SPLINE_SURFACE_WITH_KNOTS((2,2),(3,3),(-0.0424709130040391,0.),(0.,1.04719755119651),
 .UNSPECIFIED.)
GEOMETRIC_REPRESENTATION_ITEM()
RATIONAL_B_SPLINE_SURFACE(((1.,0.866025403784461,1.),(1.,0.866025403784461,
1.)))
REPRESENTATION_ITEM('')
SURFACE()
);
#29=(
BOUNDED_SURFACE()
B_SPLINE_SURFACE(1,2,((#7020,#7021,#7022),(#7023,#7024,#7025)),
 .UNSPECIFIED.,.F.,.F.,.F.)
B_SPLINE_SURFACE_WITH_KNOTS((2,2),(3,3),(-0.0424709130040391,0.),(0.,1.04719755119642),
 .UNSPECIFIED.)
GEOMETRIC_REPRESENTATION_ITEM()
RATIONAL_B_SPLINE_SURFACE(((1.,0.866025403784482,1.),(1.,0.866025403784482,
1.)))
REPRESENTATION_ITEM('')
SURFACE()
);
#30=(
BOUNDED_SURFACE()
B_SPLINE_SURFACE(1,2,((#7045,#7046,#7047),(#7048,#7049,#7050)),
 .UNSPECIFIED.,.F.,.F.,.F.)
B_SPLINE_SURFACE_WITH_KNOTS((2,2),(3,3),(-0.0424709130040391,0.),(0.,1.04719755119661),
 .UNSPECIFIED.)
GEOMETRIC_REPRESENTATION_ITEM()
RATIONAL_B_SPLINE_SURFACE(((1.,0.866025403784437,1.),(1.,0.866025403784437,
1.)))
REPRESENTATION_ITEM('')
SURFACE()
);
#31=(
BOUNDED_SURFACE()
B_SPLINE_SURFACE(1,2,((#7064,#7065,#7066,#7067,#7068,#7069,#7070),(#7071,
#7072,#7073,#7074,#7075,#7076,#7077)),.UNSPECIFIED.,.F.,.F.,.F.)
B_SPLINE_SURFACE_WITH_KNOTS((2,2),(3,2,2,3),(-0.0424709130040391,0.),(0.,
1.04719793760656,2.09439587521313,3.14159381281969),.UNSPECIFIED.)
GEOMETRIC_REPRESENTATION_ITEM()
RATIONAL_B_SPLINE_SURFACE(((1.,0.866025307181931,1.,0.866025307181931,1.,
0.866025307181931,1.),(1.,0.866025307181931,1.,0.866025307181931,1.,0.866025307181931,
1.)))
REPRESENTATION_ITEM('')
SURFACE()
);
#32=(
BOUNDED_SURFACE()
B_SPLINE_SURFACE(1,2,((#7135,#7136,#7137,#7138,#7139,#7140,#7141,#7142,
#7143),(#7144,#7145,#7146,#7147,#7148,#7149,#7150,#7151,#7152)),
 .UNSPECIFIED.,.F.,.T.,.F.)
B_SPLINE_SURFACE_WITH_KNOTS((2,2),(3,2,2,2,3),(-0.0587037606105043,0.00921954798075962),
(0.,1.5707963267949,3.14159265358979,4.71238898038469,6.28318530717959),
 .UNSPECIFIED.)
GEOMETRIC_REPRESENTATION_ITEM()
RATIONAL_B_SPLINE_SURFACE(((1.,0.707106781186548,1.,0.707106781186548,1.,
0.707106781186548,1.,0.707106781186548,1.),(1.,0.707106781186548,1.,0.707106781186548,
1.,0.707106781186548,1.,0.707106781186548,1.)))
REPRESENTATION_ITEM('')
SURFACE()
);
#33=(
BOUNDED_SURFACE()
B_SPLINE_SURFACE(1,2,((#7220,#7221,#7222,#7223,#7224,#7225,#7226),(#7227,
#7228,#7229,#7230,#7231,#7232,#7233)),.UNSPECIFIED.,.F.,.F.,.F.)
B_SPLINE_SURFACE_WITH_KNOTS((2,2),(3,2,2,3),(-0.0566278840053825,0.),(0.,
1.04719793760656,2.09439587521313,3.14159381281969),.UNSPECIFIED.)
GEOMETRIC_REPRESENTATION_ITEM()
RATIONAL_B_SPLINE_SURFACE(((1.,0.866025307181931,1.,0.866025307181931,1.,
0.866025307181931,1.),(1.,0.866025307181931,1.,0.866025307181931,1.,0.866025307181931,
1.)))
REPRESENTATION_ITEM('')
SURFACE()
);
#34=(
BOUNDED_SURFACE()
B_SPLINE_SURFACE(1,2,((#7241,#7242,#7243),(#7244,#7245,#7246)),
 .UNSPECIFIED.,.F.,.F.,.F.)
B_SPLINE_SURFACE_WITH_KNOTS((2,2),(3,3),(-0.0566278840053825,0.),(0.,1.04719755119661),
 .UNSPECIFIED.)
GEOMETRIC_REPRESENTATION_ITEM()
RATIONAL_B_SPLINE_SURFACE(((1.,0.866025403784437,1.),(1.,0.866025403784437,
1.)))
REPRESENTATION_ITEM('')
SURFACE()
);
#35=(
BOUNDED_SURFACE()
B_SPLINE_SURFACE(1,2,((#7254,#7255,#7256),(#7257,#7258,#7259)),
 .UNSPECIFIED.,.F.,.F.,.F.)
B_SPLINE_SURFACE_WITH_KNOTS((2,2),(3,3),(-0.0566278840053825,0.),(0.,1.04719755119642),
 .UNSPECIFIED.)
GEOMETRIC_REPRESENTATION_ITEM()
RATIONAL_B_SPLINE_SURFACE(((1.,0.866025403784482,1.),(1.,0.866025403784482,
1.)))
REPRESENTATION_ITEM('')
SURFACE()
);
#36=(
BOUNDED_SURFACE()
B_SPLINE_SURFACE(1,2,((#7264,#7265,#7266),(#7267,#7268,#7269)),
 .UNSPECIFIED.,.F.,.F.,.F.)
B_SPLINE_SURFACE_WITH_KNOTS((2,2),(3,3),(-0.0566278840053825,0.),(0.,1.04719755119651),
 .UNSPECIFIED.)
GEOMETRIC_REPRESENTATION_ITEM()
RATIONAL_B_SPLINE_SURFACE(((1.,0.866025403784461,1.),(1.,0.866025403784461,
1.)))
REPRESENTATION_ITEM('')
SURFACE()
);
#37=(
BOUNDED_SURFACE()
B_SPLINE_SURFACE(1,2,((#7273,#7274,#7275),(#7276,#7277,#7278)),
 .UNSPECIFIED.,.F.,.F.,.F.)
B_SPLINE_SURFACE_WITH_KNOTS((2,2),(3,3),(-0.0566278840053825,0.),(0.,1.0471975511966),
 .UNSPECIFIED.)
GEOMETRIC_REPRESENTATION_ITEM()
RATIONAL_B_SPLINE_SURFACE(((1.,0.866025403784439,1.),(1.,0.866025403784439,
1.)))
REPRESENTATION_ITEM('')
SURFACE()
);
#38=(
BOUNDED_SURFACE()
B_SPLINE_SURFACE(1,2,((#7282,#7283,#7284,#7285,#7286,#7287,#7288,#7289,
#7290),(#7291,#7292,#7293,#7294,#7295,#7296,#7297,#7298,#7299)),
 .UNSPECIFIED.,.F.,.T.,.F.)
B_SPLINE_SURFACE_WITH_KNOTS((2,2),(3,2,2,2,3),(-0.067953460806459,0.0162328476064637),
(0.,1.5707963267949,3.14159265358979,4.71238898038469,6.28318530717959),
 .UNSPECIFIED.)
GEOMETRIC_REPRESENTATION_ITEM()
RATIONAL_B_SPLINE_SURFACE(((1.,0.707106781186548,1.,0.707106781186548,1.,
0.707106781186548,1.,0.707106781186548,1.),(1.,0.707106781186548,1.,0.707106781186548,
1.,0.707106781186548,1.,0.707106781186548,1.)))
REPRESENTATION_ITEM('')
SURFACE()
);
#39=(
BOUNDED_CURVE()
B_SPLINE_CURVE(2,(#6424,#6425,#6426),.UNSPECIFIED.,.F.,.F.)
B_SPLINE_CURVE_WITH_KNOTS((3,3),(0.363445509022427,0.974188163140791),
 .UNSPECIFIED.)
CURVE()
GEOMETRIC_REPRESENTATION_ITEM()
RATIONAL_B_SPLINE_CURVE((0.970519115244883,0.954990066028354,0.970519115244886))
REPRESENTATION_ITEM('')
);
#40=(
BOUNDED_CURVE()
B_SPLINE_CURVE(2,(#6507,#6508,#6509),.UNSPECIFIED.,.F.,.F.)
B_SPLINE_CURVE_WITH_KNOTS((3,3),(0.,1.0471975511966),.UNSPECIFIED.)
CURVE()
GEOMETRIC_REPRESENTATION_ITEM()
RATIONAL_B_SPLINE_CURVE((1.,0.866025403784439,1.))
REPRESENTATION_ITEM('')
);
#41=(
BOUNDED_CURVE()
B_SPLINE_CURVE(2,(#6513,#6514,#6515),.UNSPECIFIED.,.F.,.F.)
B_SPLINE_CURVE_WITH_KNOTS((3,3),(0.,1.04719755119651),.UNSPECIFIED.)
CURVE()
GEOMETRIC_REPRESENTATION_ITEM()
RATIONAL_B_SPLINE_CURVE((1.,0.866025403784461,1.))
REPRESENTATION_ITEM('')
);
#42=(
BOUNDED_CURVE()
B_SPLINE_CURVE(2,(#6519,#6520,#6521),.UNSPECIFIED.,.F.,.F.)
B_SPLINE_CURVE_WITH_KNOTS((3,3),(0.,1.04719755119642),.UNSPECIFIED.)
CURVE()
GEOMETRIC_REPRESENTATION_ITEM()
RATIONAL_B_SPLINE_CURVE((1.,0.866025403784482,1.))
REPRESENTATION_ITEM('')
);
#43=(
BOUNDED_CURVE()
B_SPLINE_CURVE(2,(#6525,#6526,#6527),.UNSPECIFIED.,.F.,.F.)
B_SPLINE_CURVE_WITH_KNOTS((3,3),(0.,1.04719755119661),.UNSPECIFIED.)
CURVE()
GEOMETRIC_REPRESENTATION_ITEM()
RATIONAL_B_SPLINE_CURVE((1.,0.866025403784437,1.))
REPRESENTATION_ITEM('')
);
#44=(
BOUNDED_CURVE()
B_SPLINE_CURVE(2,(#6530,#6531,#6532,#6533,#6534),.UNSPECIFIED.,.F.,.F.)
B_SPLINE_CURVE_WITH_KNOTS((3,2,3),(0.,1.04719793760656,1.0809691308117),
 .UNSPECIFIED.)
CURVE()
GEOMETRIC_REPRESENTATION_ITEM()
RATIONAL_B_SPLINE_CURVE((1.,0.866025307181931,1.,0.995679436452961,0.991637541495807))
REPRESENTATION_ITEM('')
);
#45=(
BOUNDED_CURVE()
B_SPLINE_CURVE(2,(#6544,#6545,#6546),.UNSPECIFIED.,.F.,.F.)
B_SPLINE_CURVE_WITH_KNOTS((3,3),(0.,1.0471975511966),.UNSPECIFIED.)
CURVE()
GEOMETRIC_REPRESENTATION_ITEM()
RATIONAL_B_SPLINE_CURVE((1.,0.866025403784439,1.))
REPRESENTATION_ITEM('')
);
#46=(
BOUNDED_CURVE()
B_SPLINE_CURVE(2,(#6550,#6551,#6552),.UNSPECIFIED.,.F.,.F.)
B_SPLINE_CURVE_WITH_KNOTS((3,3),(0.,1.04719755119651),.UNSPECIFIED.)
CURVE()
GEOMETRIC_REPRESENTATION_ITEM()
RATIONAL_B_SPLINE_CURVE((1.,0.866025403784461,1.))
REPRESENTATION_ITEM('')
);
#47=(
BOUNDED_CURVE()
B_SPLINE_CURVE(2,(#6556,#6557,#6558),.UNSPECIFIED.,.F.,.F.)
B_SPLINE_CURVE_WITH_KNOTS((3,3),(0.,1.04719755119642),.UNSPECIFIED.)
CURVE()
GEOMETRIC_REPRESENTATION_ITEM()
RATIONAL_B_SPLINE_CURVE((1.,0.866025403784482,1.))
REPRESENTATION_ITEM('')
);
#48=(
BOUNDED_CURVE()
B_SPLINE_CURVE(2,(#6562,#6563,#6564),.UNSPECIFIED.,.F.,.F.)
B_SPLINE_CURVE_WITH_KNOTS((3,3),(0.,1.04719755119661),.UNSPECIFIED.)
CURVE()
GEOMETRIC_REPRESENTATION_ITEM()
RATIONAL_B_SPLINE_CURVE((1.,0.866025403784437,1.))
REPRESENTATION_ITEM('')
);
#49=(
BOUNDED_CURVE()
B_SPLINE_CURVE(2,(#6567,#6568,#6569,#6570,#6571),.UNSPECIFIED.,.F.,.F.)
B_SPLINE_CURVE_WITH_KNOTS((3,2,3),(0.,1.04719793760656,1.0809691308117),
 .UNSPECIFIED.)
CURVE()
GEOMETRIC_REPRESENTATION_ITEM()
RATIONAL_B_SPLINE_CURVE((1.,0.866025307181931,1.,0.995679436452961,0.991637541495807))
REPRESENTATION_ITEM('')
);
#50=B_SPLINE_CURVE_WITH_KNOTS('',3,(#6174,#6175,#6176,#6177,#6178,#6179,
#6180,#6181,#6182,#6183,#6184,#6185,#6186),.UNSPECIFIED.,.F.,.F.,(4,3,3,
3,4),(-0.315165711579713,-0.24763020195549,-0.180094692331264,-0.0900473461656278,
0.),.UNSPECIFIED.);
#51=B_SPLINE_CURVE_WITH_KNOTS('',3,(#6218,#6219,#6220,#6221,#6222,#6223,
#6224,#6225,#6226,#6227,#6228,#6229,#6230),.UNSPECIFIED.,.F.,.F.,(4,3,3,
3,4),(0.,0.0540284076993802,0.10805681539876,0.180094692331267,0.252132569263774),
 .UNSPECIFIED.);
#52=B_SPLINE_CURVE_WITH_KNOTS('',3,(#6231,#6232,#6233,#6234),
 .UNSPECIFIED.,.F.,.F.,(4,4),(0.799630512936569,0.845818144362812),
 .UNSPECIFIED.);
#53=B_SPLINE_CURVE_WITH_KNOTS('',3,(#6235,#6236,#6237,#6238),
 .UNSPECIFIED.,.F.,.F.,(4,4),(-0.845818144362812,-0.799630512936563),
 .UNSPECIFIED.);
#54=B_SPLINE_CURVE_WITH_KNOTS('',3,(#6306,#6307,#6308,#6309,#6310),
 .UNSPECIFIED.,.F.,.F.,(4,1,4),(0.,0.0303793017105462,0.0600933271907146),
 .UNSPECIFIED.);
#55=B_SPLINE_CURVE_WITH_KNOTS('',3,(#6312,#6313,#6314,#6315,#6316),
 .UNSPECIFIED.,.F.,.F.,(4,1,4),(0.,0.0330152827043279,0.0733578428799628),
 .UNSPECIFIED.);
#56=B_SPLINE_CURVE_WITH_KNOTS('',3,(#6320,#6321,#6322,#6323,#6324),
 .UNSPECIFIED.,.F.,.F.,(4,1,4),(0.,0.0619375808510957,0.115996623927542),
 .UNSPECIFIED.);
#57=B_SPLINE_CURVE_WITH_KNOTS('',3,(#6326,#6327,#6328,#6329,#6330),
 .UNSPECIFIED.,.F.,.F.,(4,1,4),(0.,0.0530189009878467,0.112280789288459),
 .UNSPECIFIED.);
#58=B_SPLINE_CURVE_WITH_KNOTS('',3,(#6332,#6333,#6334,#6335,#6336),
 .UNSPECIFIED.,.F.,.F.,(4,1,4),(0.,0.0738369418928981,0.145025261314343),
 .UNSPECIFIED.);
#59=B_SPLINE_CURVE_WITH_KNOTS('',3,(#6338,#6339,#6340,#6341,#6342),
 .UNSPECIFIED.,.F.,.F.,(4,1,4),(0.,0.0751274112915804,0.160543077379632),
 .UNSPECIFIED.);
#60=B_SPLINE_CURVE_WITH_KNOTS('',3,(#6344,#6345,#6346,#6347,#6348),
 .UNSPECIFIED.,.F.,.F.,(4,1,4),(0.,0.0896089553415874,0.166368026065211),
 .UNSPECIFIED.);
#61=B_SPLINE_CURVE_WITH_KNOTS('',3,(#6350,#6351,#6352,#6353,#6354),
 .UNSPECIFIED.,.F.,.F.,(4,1,4),(0.,0.0727196675163737,0.149893011364956),
 .UNSPECIFIED.);
#62=B_SPLINE_CURVE_WITH_KNOTS('',3,(#6356,#6357,#6358,#6359,#6360),
 .UNSPECIFIED.,.F.,.F.,(4,1,4),(0.,0.0673860391323528,0.129345610420327),
 .UNSPECIFIED.);
#63=B_SPLINE_CURVE_WITH_KNOTS('',3,(#6362,#6363,#6364,#6365,#6366),
 .UNSPECIFIED.,.F.,.F.,(4,1,4),(0.,0.0393194579725432,0.0850466833924757),
 .UNSPECIFIED.);
#64=B_SPLINE_CURVE_WITH_KNOTS('',3,(#6370,#6371,#6372,#6373,#6374),
 .UNSPECIFIED.,.F.,.F.,(4,1,4),(0.,0.0299193105392139,0.0582887312633441),
 .UNSPECIFIED.);
#65=B_SPLINE_CURVE_WITH_KNOTS('',3,(#6376,#6377,#6378,#6379,#6380),
 .UNSPECIFIED.,.F.,.F.,(4,1,4),(0.,0.0282651326304999,0.058344748799767),
 .UNSPECIFIED.);
#66=B_SPLINE_CURVE_WITH_KNOTS('',3,(#6382,#6383,#6384,#6385,#6386),
 .UNSPECIFIED.,.F.,.F.,(4,1,4),(0.,0.0410961751985643,0.0810552602873594),
 .UNSPECIFIED.);
#67=B_SPLINE_CURVE_WITH_KNOTS('',3,(#6388,#6389,#6390,#6391,#6392),
 .UNSPECIFIED.,.F.,.F.,(4,1,4),(0.,0.0466437071861836,0.108624001975921),
 .UNSPECIFIED.);
#68=B_SPLINE_CURVE_WITH_KNOTS('',3,(#6394,#6395,#6396,#6397,#6398),
 .UNSPECIFIED.,.F.,.F.,(4,1,4),(0.,0.0652958826301309,0.113016775939887),
 .UNSPECIFIED.);
#69=B_SPLINE_CURVE_WITH_KNOTS('',3,(#6399,#6400,#6401,#6402,#6403),
 .UNSPECIFIED.,.F.,.F.,(4,1,4),(0.,0.0395937624904683,0.0799676857458309),
 .UNSPECIFIED.);
#70=B_SPLINE_CURVE_WITH_KNOTS('',3,(#6429,#6430,#6431,#6432,#6433,#6434),
 .UNSPECIFIED.,.F.,.F.,(4,2,4),(0.,0.234930407428979,0.443915188608784),
 .UNSPECIFIED.);
#71=B_SPLINE_CURVE_WITH_KNOTS('',1,(#6500,#6501),.UNSPECIFIED.,.F.,.F.,
(2,2),(0.,0.290984488798856),.UNSPECIFIED.);
#72=B_SPLINE_CURVE_WITH_KNOTS('',1,(#6537,#6538),.UNSPECIFIED.,.F.,.F.,
(2,2),(0.,0.290984488798856),.UNSPECIFIED.);
#73=B_SPLINE_CURVE_WITH_KNOTS('',3,(#6714,#6715,#6716,#6717,#6718,#6719),
 .UNSPECIFIED.,.F.,.F.,(4,2,4),(-0.0419364103590933,-0.0207358205209526,
0.),.UNSPECIFIED.);
#74=B_SPLINE_CURVE_WITH_KNOTS('',3,(#6757,#6758,#6759,#6760,#6761,#6762),
 .UNSPECIFIED.,.F.,.F.,(4,2,4),(-0.0520705406661807,-0.0304248434205067,
-0.00921486943627227),.UNSPECIFIED.);
#75=B_SPLINE_CURVE_WITH_KNOTS('',3,(#6765,#6766,#6767,#6768),
 .UNSPECIFIED.,.F.,.F.,(4,4),(0.0435603150465554,0.0454968472580289),
 .UNSPECIFIED.);
#76=B_SPLINE_CURVE_WITH_KNOTS('',3,(#6842,#6843,#6844,#6845,#6846,#6847),
 .UNSPECIFIED.,.F.,.F.,(4,2,4),(-0.0721790444805022,-0.0448028562001842,
-0.0161977387480168),.UNSPECIFIED.);
#77=B_SPLINE_CURVE_WITH_KNOTS('',3,(#6848,#6849,#6850,#6851,#6852,#6853),
 .UNSPECIFIED.,.F.,.F.,(4,2,4),(-0.0538863622968949,-0.0275346509883987,
0.),.UNSPECIFIED.);
#78=B_SPLINE_CURVE_WITH_KNOTS('',3,(#7080,#7081,#7082,#7083,#7084,#7085),
 .UNSPECIFIED.,.F.,.F.,(4,2,4),(-0.0419364103590933,-0.0207358205209526,
0.),.UNSPECIFIED.);
#79=B_SPLINE_CURVE_WITH_KNOTS('',3,(#7123,#7124,#7125,#7126,#7127,#7128),
 .UNSPECIFIED.,.F.,.F.,(4,2,4),(-0.0520705406661807,-0.0304248434205067,
-0.00921486943627227),.UNSPECIFIED.);
#80=B_SPLINE_CURVE_WITH_KNOTS('',3,(#7131,#7132,#7133,#7134),
 .UNSPECIFIED.,.F.,.F.,(4,4),(0.0435603150465554,0.0454968472580289),
 .UNSPECIFIED.);
#81=B_SPLINE_CURVE_WITH_KNOTS('',3,(#7208,#7209,#7210,#7211,#7212,#7213),
 .UNSPECIFIED.,.F.,.F.,(4,2,4),(-0.0721790444805022,-0.0448028562001842,
-0.0161977387480168),.UNSPECIFIED.);
#82=B_SPLINE_CURVE_WITH_KNOTS('',3,(#7214,#7215,#7216,#7217,#7218,#7219),
 .UNSPECIFIED.,.F.,.F.,(4,2,4),(-0.0538863622968949,-0.0275346509883987,
0.),.UNSPECIFIED.);
#83=B_SPLINE_CURVE_WITH_KNOTS('',3,(#7311,#7312,#7313,#7314),
 .UNSPECIFIED.,.F.,.F.,(4,4),(0.,0.0872667030358843),.UNSPECIFIED.);
#84=B_SPLINE_CURVE_WITH_KNOTS('',3,(#7317,#7318,#7319,#7320),
 .UNSPECIFIED.,.F.,.F.,(4,4),(0.,0.086062538406363),.UNSPECIFIED.);
#85=B_SPLINE_CURVE_WITH_KNOTS('',3,(#7325,#7326,#7327,#7328),
 .UNSPECIFIED.,.F.,.F.,(4,4),(0.,0.0872667030274764),.UNSPECIFIED.);
#86=B_SPLINE_CURVE_WITH_KNOTS('',3,(#7329,#7330,#7331,#7332),
 .UNSPECIFIED.,.F.,.F.,(4,4),(0.,0.0860626595940154),.UNSPECIFIED.);
#87=B_SPLINE_CURVE_WITH_KNOTS('',3,(#7352,#7353,#7354,#7355),
 .UNSPECIFIED.,.F.,.F.,(4,4),(0.,0.0859674077446044),.UNSPECIFIED.);
#88=B_SPLINE_CURVE_WITH_KNOTS('',3,(#7357,#7358,#7359,#7360),
 .UNSPECIFIED.,.F.,.F.,(4,4),(0.,0.0859674077444595),.UNSPECIFIED.);
#89=B_SPLINE_CURVE_WITH_KNOTS('',3,(#7364,#7365,#7366,#7367),
 .UNSPECIFIED.,.F.,.F.,(4,4),(0.,0.087163540456637),.UNSPECIFIED.);
#90=B_SPLINE_CURVE_WITH_KNOTS('',3,(#7371,#7372,#7373,#7374),
 .UNSPECIFIED.,.F.,.F.,(4,4),(0.,0.0871635404568718),.UNSPECIFIED.);
#91=B_SPLINE_CURVE_WITH_KNOTS('',3,(#7462,#7463,#7464,#7465,#7466),
 .UNSPECIFIED.,.F.,.F.,(4,1,4),(0.,0.0330152827043279,0.0733578428799628),
 .UNSPECIFIED.);
#92=B_SPLINE_CURVE_WITH_KNOTS('',3,(#7468,#7469,#7470,#7471,#7472),
 .UNSPECIFIED.,.F.,.F.,(4,1,4),(0.,0.0303793017105462,0.0600933271907146),
 .UNSPECIFIED.);
#93=B_SPLINE_CURVE_WITH_KNOTS('',3,(#7474,#7475,#7476,#7477,#7478),
 .UNSPECIFIED.,.F.,.F.,(4,1,4),(0.,0.0395937624904683,0.0799676857458309),
 .UNSPECIFIED.);
#94=B_SPLINE_CURVE_WITH_KNOTS('',3,(#7480,#7481,#7482,#7483,#7484),
 .UNSPECIFIED.,.F.,.F.,(4,1,4),(0.,0.0652958826301309,0.113016775939887),
 .UNSPECIFIED.);
#95=B_SPLINE_CURVE_WITH_KNOTS('',3,(#7486,#7487,#7488,#7489,#7490),
 .UNSPECIFIED.,.F.,.F.,(4,1,4),(0.,0.0466437071861836,0.108624001975921),
 .UNSPECIFIED.);
#96=B_SPLINE_CURVE_WITH_KNOTS('',3,(#7492,#7493,#7494,#7495,#7496),
 .UNSPECIFIED.,.F.,.F.,(4,1,4),(0.,0.0410961751985643,0.0810552602873594),
 .UNSPECIFIED.);
#97=B_SPLINE_CURVE_WITH_KNOTS('',3,(#7498,#7499,#7500,#7501,#7502),
 .UNSPECIFIED.,.F.,.F.,(4,1,4),(0.,0.0282651326304999,0.058344748799767),
 .UNSPECIFIED.);
#98=B_SPLINE_CURVE_WITH_KNOTS('',3,(#7504,#7505,#7506,#7507,#7508),
 .UNSPECIFIED.,.F.,.F.,(4,1,4),(0.,0.0299193105392139,0.0582887312633441),
 .UNSPECIFIED.);
#99=B_SPLINE_CURVE_WITH_KNOTS('',3,(#7512,#7513,#7514,#7515,#7516),
 .UNSPECIFIED.,.F.,.F.,(4,1,4),(0.,0.0393194579725432,0.0850466833924757),
 .UNSPECIFIED.);
#100=B_SPLINE_CURVE_WITH_KNOTS('',3,(#7518,#7519,#7520,#7521,#7522),
 .UNSPECIFIED.,.F.,.F.,(4,1,4),(0.,0.0673860391323528,0.129345610420327),
 .UNSPECIFIED.);
#101=B_SPLINE_CURVE_WITH_KNOTS('',3,(#7524,#7525,#7526,#7527,#7528),
 .UNSPECIFIED.,.F.,.F.,(4,1,4),(0.,0.0727196675163737,0.149893011364956),
 .UNSPECIFIED.);
#102=B_SPLINE_CURVE_WITH_KNOTS('',3,(#7530,#7531,#7532,#7533,#7534),
 .UNSPECIFIED.,.F.,.F.,(4,1,4),(0.,0.0896089553415874,0.166368026065211),
 .UNSPECIFIED.);
#103=B_SPLINE_CURVE_WITH_KNOTS('',3,(#7536,#7537,#7538,#7539,#7540),
 .UNSPECIFIED.,.F.,.F.,(4,1,4),(0.,0.0751274112915804,0.160543077379632),
 .UNSPECIFIED.);
#104=B_SPLINE_CURVE_WITH_KNOTS('',3,(#7542,#7543,#7544,#7545,#7546),
 .UNSPECIFIED.,.F.,.F.,(4,1,4),(0.,0.0738369418928981,0.145025261314343),
 .UNSPECIFIED.);
#105=B_SPLINE_CURVE_WITH_KNOTS('',3,(#7548,#7549,#7550,#7551,#7552),
 .UNSPECIFIED.,.F.,.F.,(4,1,4),(0.,0.0530189009878467,0.112280789288459),
 .UNSPECIFIED.);
#106=B_SPLINE_CURVE_WITH_KNOTS('',3,(#7554,#7555,#7556,#7557,#7558),
 .UNSPECIFIED.,.F.,.F.,(4,1,4),(0.,0.0619375808510957,0.115996623927542),
 .UNSPECIFIED.);
#107=B_SPLINE_SURFACE_WITH_KNOTS('',3,3,((#6086,#6087,#6088,#6089,#6090,
#6091),(#6092,#6093,#6094,#6095,#6096,#6097),(#6098,#6099,#6100,#6101,#6102,
#6103),(#6104,#6105,#6106,#6107,#6108,#6109),(#6110,#6111,#6112,#6113,#6114,
#6115)),.UNSPECIFIED.,.F.,.F.,.F.,(4,1,4),(4,1,1,4),(0.,0.571428571428571,
1.),(-6.28318530717959,-5.60998688141034,-5.16118793089752,-4.71238898038469),
 .UNSPECIFIED.);
#108=B_SPLINE_SURFACE_WITH_KNOTS('',3,3,((#6188,#6189,#6190,#6191),(#6192,
#6193,#6194,#6195),(#6196,#6197,#6198,#6199),(#6200,#6201,#6202,#6203),
(#6204,#6205,#6206,#6207),(#6208,#6209,#6210,#6211),(#6212,#6213,#6214,
#6215)),.UNSPECIFIED.,.F.,.F.,.F.,(4,1,1,1,4),(4,4),(0.,0.285714285714286,
0.571428571428571,0.785714285714286,1.),(-0.845818144362812,-0.799629732715401),
 .UNSPECIFIED.);
#109=B_SPLINE_SURFACE_WITH_KNOTS('',3,1,((#6730,#6731),(#6732,#6733),(#6734,
#6735),(#6736,#6737),(#6738,#6739),(#6740,#6741),(#6742,#6743),(#6744,#6745),
(#6746,#6747),(#6748,#6749),(#6750,#6751),(#6752,#6753)),.UNSPECIFIED.,
 .F.,.F.,.F.,(4,3,2,3,4),(2,2),(-0.0629116022195802,-0.0419364103590933,
-0.0207358205209526,0.,0.0162158368756146),(-8.20523878876378E-13,0.821509617928504),
 .UNSPECIFIED.);
#110=B_SPLINE_SURFACE_WITH_KNOTS('',3,1,((#6818,#6819),(#6820,#6821),(#6822,
#6823),(#6824,#6825),(#6826,#6827),(#6828,#6829),(#6830,#6831),(#6832,#6833),
(#6834,#6835),(#6836,#6837),(#6838,#6839),(#6840,#6841)),.UNSPECIFIED.,
 .F.,.F.,.F.,(4,3,2,3,4),(2,2),(-0.0695466126697656,-0.0538863622968949,
-0.0275346509883987,0.,0.0219864411979014),(0.,0.821509617928504),
 .UNSPECIFIED.);
#111=B_SPLINE_SURFACE_WITH_KNOTS('',3,1,((#7096,#7097),(#7098,#7099),(#7100,
#7101),(#7102,#7103),(#7104,#7105),(#7106,#7107),(#7108,#7109),(#7110,#7111),
(#7112,#7113),(#7114,#7115),(#7116,#7117),(#7118,#7119)),.UNSPECIFIED.,
 .F.,.F.,.F.,(4,3,2,3,4),(2,2),(-0.0629116022195802,-0.0419364103590933,
-0.0207358205209526,0.,0.0162158368756146),(-8.20523878876378E-13,0.821509617928504),
 .UNSPECIFIED.);
#112=B_SPLINE_SURFACE_WITH_KNOTS('',3,1,((#7184,#7185),(#7186,#7187),(#7188,
#7189),(#7190,#7191),(#7192,#7193),(#7194,#7195),(#7196,#7197),(#7198,#7199),
(#7200,#7201),(#7202,#7203),(#7204,#7205),(#7206,#7207)),.UNSPECIFIED.,
 .F.,.F.,.F.,(4,3,2,3,4),(2,2),(-0.0695466126697656,-0.0538863622968949,
-0.0275346509883987,0.,0.0219864411979014),(0.,0.821509617928504),
 .UNSPECIFIED.);
#113=B_SPLINE_SURFACE_WITH_KNOTS('',3,1,((#7662,#7663),(#7664,#7665),(#7666,
#7667),(#7668,#7669),(#7670,#7671)),.UNSPECIFIED.,.F.,.F.,.F.,(4,1,4),(2,
2),(0.,0.0395937624904683,0.0799676857458309),(0.,0.0399999999999991),
 .UNSPECIFIED.);
#114=B_SPLINE_SURFACE_WITH_KNOTS('',3,1,((#7674,#7675),(#7676,#7677),(#7678,
#7679),(#7680,#7681),(#7682,#7683)),.UNSPECIFIED.,.F.,.F.,.F.,(4,1,4),(2,
2),(0.,0.0652958826301309,0.113016775939887),(0.,0.0399999999999991),
 .UNSPECIFIED.);
#115=B_SPLINE_SURFACE_WITH_KNOTS('',3,1,((#7685,#7686),(#7687,#7688),(#7689,
#7690),(#7691,#7692),(#7693,#7694)),.UNSPECIFIED.,.F.,.F.,.F.,(4,1,4),(2,
2),(0.,0.0466437071861836,0.108624001975921),(0.,0.0399999999999991),
 .UNSPECIFIED.);
#116=B_SPLINE_SURFACE_WITH_KNOTS('',3,1,((#7696,#7697),(#7698,#7699),(#7700,
#7701),(#7702,#7703),(#7704,#7705)),.UNSPECIFIED.,.F.,.F.,.F.,(4,1,4),(2,
2),(0.,0.0410961751985643,0.0810552602873594),(0.,0.0399999999999991),
 .UNSPECIFIED.);
#117=B_SPLINE_SURFACE_WITH_KNOTS('',3,1,((#7707,#7708),(#7709,#7710),(#7711,
#7712),(#7713,#7714),(#7715,#7716)),.UNSPECIFIED.,.F.,.F.,.F.,(4,1,4),(2,
2),(0.,0.0282651326304999,0.058344748799767),(0.,0.0399999999999991),
 .UNSPECIFIED.);
#118=B_SPLINE_SURFACE_WITH_KNOTS('',3,1,((#7718,#7719),(#7720,#7721),(#7722,
#7723),(#7724,#7725),(#7726,#7727)),.UNSPECIFIED.,.F.,.F.,.F.,(4,1,4),(2,
2),(0.,0.0299193105392139,0.0582887312633441),(0.,0.0399999999999991),
 .UNSPECIFIED.);
#119=B_SPLINE_SURFACE_WITH_KNOTS('',3,1,((#7731,#7732),(#7733,#7734),(#7735,
#7736),(#7737,#7738),(#7739,#7740)),.UNSPECIFIED.,.F.,.F.,.F.,(4,1,4),(2,
2),(0.,0.0393194579725432,0.0850466833924757),(0.,0.0399999999999991),
 .UNSPECIFIED.);
#120=B_SPLINE_SURFACE_WITH_KNOTS('',3,1,((#7742,#7743),(#7744,#7745),(#7746,
#7747),(#7748,#7749),(#7750,#7751)),.UNSPECIFIED.,.F.,.F.,.F.,(4,1,4),(2,
2),(0.,0.0673860391323528,0.129345610420327),(0.,0.0399999999999991),
 .UNSPECIFIED.);
#121=B_SPLINE_SURFACE_WITH_KNOTS('',3,1,((#7753,#7754),(#7755,#7756),(#7757,
#7758),(#7759,#7760),(#7761,#7762)),.UNSPECIFIED.,.F.,.F.,.F.,(4,1,4),(2,
2),(0.,0.0727196675163737,0.149893011364956),(0.,0.0399999999999991),
 .UNSPECIFIED.);
#122=B_SPLINE_SURFACE_WITH_KNOTS('',3,1,((#7764,#7765),(#7766,#7767),(#7768,
#7769),(#7770,#7771),(#7772,#7773)),.UNSPECIFIED.,.F.,.F.,.F.,(4,1,4),(2,
2),(0.,0.0896089553415874,0.166368026065211),(0.,0.0399999999999991),
 .UNSPECIFIED.);
#123=B_SPLINE_SURFACE_WITH_KNOTS('',3,1,((#7775,#7776),(#7777,#7778),(#7779,
#7780),(#7781,#7782),(#7783,#7784)),.UNSPECIFIED.,.F.,.F.,.F.,(4,1,4),(2,
2),(0.,0.0751274112915804,0.160543077379632),(0.,0.0399999999999991),
 .UNSPECIFIED.);
#124=B_SPLINE_SURFACE_WITH_KNOTS('',3,1,((#7786,#7787),(#7788,#7789),(#7790,
#7791),(#7792,#7793),(#7794,#7795)),.UNSPECIFIED.,.F.,.F.,.F.,(4,1,4),(2,
2),(0.,0.0738369418928981,0.145025261314343),(0.,0.0399999999999991),
 .UNSPECIFIED.);
#125=B_SPLINE_SURFACE_WITH_KNOTS('',3,1,((#7797,#7798),(#7799,#7800),(#7801,
#7802),(#7803,#7804),(#7805,#7806)),.UNSPECIFIED.,.F.,.F.,.F.,(4,1,4),(2,
2),(0.,0.0530189009878467,0.112280789288459),(0.,0.0399999999999991),
 .UNSPECIFIED.);
#126=B_SPLINE_SURFACE_WITH_KNOTS('',3,1,((#7808,#7809),(#7810,#7811),(#7812,
#7813),(#7814,#7815),(#7816,#7817)),.UNSPECIFIED.,.F.,.F.,.F.,(4,1,4),(2,
2),(0.,0.0619375808510957,0.115996623927542),(0.,0.0399999999999991),
 .UNSPECIFIED.);
#127=B_SPLINE_SURFACE_WITH_KNOTS('',3,1,((#7821,#7822),(#7823,#7824),(#7825,
#7826),(#7827,#7828),(#7829,#7830)),.UNSPECIFIED.,.F.,.F.,.F.,(4,1,4),(2,
2),(0.,0.0330152827043279,0.0733578428799628),(0.,0.0399999999999991),
 .UNSPECIFIED.);
#128=B_SPLINE_SURFACE_WITH_KNOTS('',3,1,((#7832,#7833),(#7834,#7835),(#7836,
#7837),(#7838,#7839),(#7840,#7841)),.UNSPECIFIED.,.F.,.F.,.F.,(4,1,4),(2,
2),(0.,0.0303793017105462,0.0600933271907146),(0.,0.0399999999999991),
 .UNSPECIFIED.);
#129=B_SPLINE_SURFACE_WITH_KNOTS('',3,3,((#7882,#7883,#7884,#7885,#7886,
#7887),(#7888,#7889,#7890,#7891,#7892,#7893),(#7894,#7895,#7896,#7897,#7898,
#7899),(#7900,#7901,#7902,#7903,#7904,#7905),(#7906,#7907,#7908,#7909,#7910,
#7911)),.UNSPECIFIED.,.F.,.F.,.F.,(4,1,4),(4,1,1,4),(0.,0.571428571428571,
1.),(-1.5707963267949,-0.897597901025656,-0.448798950512828,1.38777878078145E-16),
 .UNSPECIFIED.);
#130=TOROIDAL_SURFACE('',#4465,6.00000000000001,2.00000000000001);
#131=TOROIDAL_SURFACE('',#4470,6.,2.);
#132=CYLINDRICAL_SURFACE('',#4454,2.35);
#133=CYLINDRICAL_SURFACE('',#4459,2.35000000000001);
#134=CYLINDRICAL_SURFACE('',#4475,2.);
#135=CYLINDRICAL_SURFACE('',#4476,2.);
#136=CYLINDRICAL_SURFACE('',#4480,2.);
#137=CYLINDRICAL_SURFACE('',#4482,8.);
#138=CYLINDRICAL_SURFACE('',#4485,2.);
#139=CYLINDRICAL_SURFACE('',#4487,8.);
#140=CYLINDRICAL_SURFACE('',#4490,2.);
#141=CYLINDRICAL_SURFACE('',#4509,8.);
#142=CYLINDRICAL_SURFACE('',#4513,8.);
#143=CYLINDRICAL_SURFACE('',#4521,2.);
#144=CYLINDRICAL_SURFACE('',#4540,0.700269837376939);
#145=CYLINDRICAL_SURFACE('',#4545,0.700269837376938);
#146=CYLINDRICAL_SURFACE('',#4551,0.700269837376936);
#147=CYLINDRICAL_SURFACE('',#4557,0.700269837376846);
#148=CYLINDRICAL_SURFACE('',#4563,0.700269837376834);
#149=CYLINDRICAL_SURFACE('',#4571,0.700269837376845);
#150=CYLINDRICAL_SURFACE('',#4578,0.4);
#151=CYLINDRICAL_SURFACE('',#4581,0.4);
#152=CYLINDRICAL_SURFACE('',#4584,0.4);
#153=CYLINDRICAL_SURFACE('',#4595,0.4);
#154=CYLINDRICAL_SURFACE('',#4597,0.4);
#155=CYLINDRICAL_SURFACE('',#4599,0.4);
#156=CYLINDRICAL_SURFACE('',#4600,0.700269837376939);
#157=CYLINDRICAL_SURFACE('',#4605,0.700269837376938);
#158=CYLINDRICAL_SURFACE('',#4611,0.700269837376936);
#159=CYLINDRICAL_SURFACE('',#4617,0.700269837376846);
#160=CYLINDRICAL_SURFACE('',#4623,0.700269837376834);
#161=CYLINDRICAL_SURFACE('',#4631,0.700269837376845);
#162=CYLINDRICAL_SURFACE('',#4638,0.4);
#163=CYLINDRICAL_SURFACE('',#4641,0.4);
#164=CYLINDRICAL_SURFACE('',#4644,0.4);
#165=CYLINDRICAL_SURFACE('',#4655,0.4);
#166=CYLINDRICAL_SURFACE('',#4657,0.4);
#167=CYLINDRICAL_SURFACE('',#4659,0.4);
#168=CYLINDRICAL_SURFACE('',#4666,13.125);
#169=CYLINDRICAL_SURFACE('',#4677,11.125);
#170=CYLINDRICAL_SURFACE('',#4696,2.35);
#171=CYLINDRICAL_SURFACE('',#4698,2.35);
#172=CYLINDRICAL_SURFACE('',#4700,2.34999999999999);
#173=CYLINDRICAL_SURFACE('',#4702,2.34999999999999);
#174=CYLINDRICAL_SURFACE('',#4712,2.35);
#175=CYLINDRICAL_SURFACE('',#4714,2.35);
#176=CYLINDRICAL_SURFACE('',#4718,2.);
#177=CYLINDRICAL_SURFACE('',#4720,2.35);
#178=CYLINDRICAL_SURFACE('',#4722,2.35);
#179=CYLINDRICAL_SURFACE('',#4730,2.);
#180=CYLINDRICAL_SURFACE('',#4732,2.);
#181=CYLINDRICAL_SURFACE('',#4765,2.);
#182=CYLINDRICAL_SURFACE('',#4771,2.);
#183=CYLINDRICAL_SURFACE('',#4774,2.);
#184=CYLINDRICAL_SURFACE('',#4778,2.);
#185=CYLINDRICAL_SURFACE('',#4781,2.);
#186=CYLINDRICAL_SURFACE('',#4784,1.);
#187=CYLINDRICAL_SURFACE('',#4787,1.);
#188=CYLINDRICAL_SURFACE('',#4790,10.);
#189=CYLINDRICAL_SURFACE('',#4793,10.);
#190=CYLINDRICAL_SURFACE('',#4796,1.);
#191=CYLINDRICAL_SURFACE('',#4799,1.);
#192=FACE_BOUND('',#620,.T.);
#193=FACE_BOUND('',#621,.T.);
#194=FACE_BOUND('',#643,.T.);
#195=FACE_BOUND('',#644,.T.);
#196=FACE_BOUND('',#646,.T.);
#197=FACE_BOUND('',#647,.T.);
#198=FACE_BOUND('',#648,.T.);
#199=FACE_BOUND('',#649,.T.);
#200=FACE_BOUND('',#650,.T.);
#201=FACE_BOUND('',#660,.T.);
#202=FACE_BOUND('',#661,.T.);
#203=FACE_BOUND('',#662,.T.);
#204=FACE_BOUND('',#805,.T.);
#205=FACE_BOUND('',#806,.T.);
#206=FACE_BOUND('',#869,.T.);
#207=FACE_BOUND('',#870,.T.);
#208=ELLIPSE('',#4452,5.65685424949242,4.);
#209=ELLIPSE('',#4479,4.47213595499962,1.99999999999999);
#210=ELLIPSE('',#4483,8.03055870034678,8.);
#211=ELLIPSE('',#4515,11.3137084989849,8.);
#212=ELLIPSE('',#4516,11.3137084989848,8.);
#213=ELLIPSE('',#4518,2.82842712474622,2.);
#214=ELLIPSE('',#4522,2.82842712474619,2.);
#215=ELLIPSE('',#4573,0.727557693028578,0.600391212232978);
#216=ELLIPSE('',#4633,0.727557693028579,0.600391212232978);
#217=ELLIPSE('',#4719,4.47213595499954,1.99999999999999);
#218=ELLIPSE('',#4763,5.65685424949234,3.99999999999999);
#219=PLANE('',#4451);
#220=PLANE('',#4461);
#221=PLANE('',#4462);
#222=PLANE('',#4463);
#223=PLANE('',#4464);
#224=PLANE('',#4484);
#225=PLANE('',#4489);
#226=PLANE('',#4492);
#227=PLANE('',#4495);
#228=PLANE('',#4508);
#229=PLANE('',#4517);
#230=PLANE('',#4519);
#231=PLANE('',#4520);
#232=PLANE('',#4524);
#233=PLANE('',#4538);
#234=PLANE('',#4539);
#235=PLANE('',#4543);
#236=PLANE('',#4544);
#237=PLANE('',#4549);
#238=PLANE('',#4550);
#239=PLANE('',#4555);
#240=PLANE('',#4556);
#241=PLANE('',#4561);
#242=PLANE('',#4562);
#243=PLANE('',#4567);
#244=PLANE('',#4568);
#245=PLANE('',#4574);
#246=PLANE('',#4575);
#247=PLANE('',#4577);
#248=PLANE('',#4580);
#249=PLANE('',#4583);
#250=PLANE('',#4586);
#251=PLANE('',#4588);
#252=PLANE('',#4590);
#253=PLANE('',#4592);
#254=PLANE('',#4593);
#255=PLANE('',#4594);
#256=PLANE('',#4596);
#257=PLANE('',#4598);
#258=PLANE('',#4603);
#259=PLANE('',#4604);
#260=PLANE('',#4609);
#261=PLANE('',#4610);
#262=PLANE('',#4615);
#263=PLANE('',#4616);
#264=PLANE('',#4621);
#265=PLANE('',#4622);
#266=PLANE('',#4627);
#267=PLANE('',#4628);
#268=PLANE('',#4634);
#269=PLANE('',#4635);
#270=PLANE('',#4637);
#271=PLANE('',#4640);
#272=PLANE('',#4643);
#273=PLANE('',#4646);
#274=PLANE('',#4648);
#275=PLANE('',#4650);
#276=PLANE('',#4652);
#277=PLANE('',#4653);
#278=PLANE('',#4654);
#279=PLANE('',#4656);
#280=PLANE('',#4658);
#281=PLANE('',#4660);
#282=PLANE('',#4661);
#283=PLANE('',#4668);
#284=PLANE('',#4672);
#285=PLANE('',#4675);
#286=PLANE('',#4676);
#287=PLANE('',#4678);
#288=PLANE('',#4679);
#289=PLANE('',#4681);
#290=PLANE('',#4683);
#291=PLANE('',#4685);
#292=PLANE('',#4687);
#293=PLANE('',#4688);
#294=PLANE('',#4690);
#295=PLANE('',#4692);
#296=PLANE('',#4694);
#297=PLANE('',#4704);
#298=PLANE('',#4705);
#299=PLANE('',#4706);
#300=PLANE('',#4707);
#301=PLANE('',#4708);
#302=PLANE('',#4709);
#303=PLANE('',#4710);
#304=PLANE('',#4711);
#305=PLANE('',#4716);
#306=PLANE('',#4717);
#307=PLANE('',#4724);
#308=PLANE('',#4729);
#309=PLANE('',#4736);
#310=PLANE('',#4737);
#311=PLANE('',#4738);
#312=PLANE('',#4739);
#313=PLANE('',#4740);
#314=PLANE('',#4741);
#315=PLANE('',#4742);
#316=PLANE('',#4743);
#317=PLANE('',#4744);
#318=PLANE('',#4745);
#319=PLANE('',#4746);
#320=PLANE('',#4747);
#321=PLANE('',#4750);
#322=PLANE('',#4751);
#323=PLANE('',#4752);
#324=PLANE('',#4753);
#325=PLANE('',#4754);
#326=PLANE('',#4755);
#327=PLANE('',#4756);
#328=PLANE('',#4757);
#329=PLANE('',#4758);
#330=PLANE('',#4759);
#331=PLANE('',#4760);
#332=PLANE('',#4761);
#333=PLANE('',#4762);
#334=PLANE('',#4770);
#335=PLANE('',#4773);
#336=PLANE('',#4776);
#337=PLANE('',#4777);
#338=PLANE('',#4780);
#339=PLANE('',#4783);
#340=PLANE('',#4786);
#341=PLANE('',#4789);
#342=PLANE('',#4792);
#343=PLANE('',#4795);
#344=PLANE('',#4798);
#345=PLANE('',#4802);
#346=PLANE('',#4804);
#347=PLANE('',#4806);
#348=PLANE('',#4808);
#349=PLANE('',#4810);
#350=PLANE('',#4812);
#351=PLANE('',#4814);
#352=PLANE('',#4816);
#353=FACE_OUTER_BOUND('',#618,.T.);
#354=FACE_OUTER_BOUND('',#619,.T.);
#355=FACE_OUTER_BOUND('',#622,.T.);
#356=FACE_OUTER_BOUND('',#623,.T.);
#357=FACE_OUTER_BOUND('',#624,.T.);
#358=FACE_OUTER_BOUND('',#625,.T.);
#359=FACE_OUTER_BOUND('',#626,.T.);
#360=FACE_OUTER_BOUND('',#627,.T.);
#361=FACE_OUTER_BOUND('',#628,.T.);
#362=FACE_OUTER_BOUND('',#629,.T.);
#363=FACE_OUTER_BOUND('',#630,.T.);
#364=FACE_OUTER_BOUND('',#631,.T.);
#365=FACE_OUTER_BOUND('',#632,.T.);
#366=FACE_OUTER_BOUND('',#633,.T.);
#367=FACE_OUTER_BOUND('',#634,.T.);
#368=FACE_OUTER_BOUND('',#635,.T.);
#369=FACE_OUTER_BOUND('',#636,.T.);
#370=FACE_OUTER_BOUND('',#637,.T.);
#371=FACE_OUTER_BOUND('',#638,.T.);
#372=FACE_OUTER_BOUND('',#639,.T.);
#373=FACE_OUTER_BOUND('',#640,.T.);
#374=FACE_OUTER_BOUND('',#641,.T.);
#375=FACE_OUTER_BOUND('',#642,.T.);
#376=FACE_OUTER_BOUND('',#645,.T.);
#377=FACE_OUTER_BOUND('',#651,.T.);
#378=FACE_OUTER_BOUND('',#652,.T.);
#379=FACE_OUTER_BOUND('',#653,.T.);
#380=FACE_OUTER_BOUND('',#654,.T.);
#381=FACE_OUTER_BOUND('',#655,.T.);
#382=FACE_OUTER_BOUND('',#656,.T.);
#383=FACE_OUTER_BOUND('',#657,.T.);
#384=FACE_OUTER_BOUND('',#658,.T.);
#385=FACE_OUTER_BOUND('',#659,.T.);
#386=FACE_OUTER_BOUND('',#663,.T.);
#387=FACE_OUTER_BOUND('',#664,.T.);
#388=FACE_OUTER_BOUND('',#665,.T.);
#389=FACE_OUTER_BOUND('',#666,.T.);
#390=FACE_OUTER_BOUND('',#667,.T.);
#391=FACE_OUTER_BOUND('',#668,.T.);
#392=FACE_OUTER_BOUND('',#669,.T.);
#393=FACE_OUTER_BOUND('',#670,.T.);
#394=FACE_OUTER_BOUND('',#671,.T.);
#395=FACE_OUTER_BOUND('',#672,.T.);
#396=FACE_OUTER_BOUND('',#673,.T.);
#397=FACE_OUTER_BOUND('',#674,.T.);
#398=FACE_OUTER_BOUND('',#675,.T.);
#399=FACE_OUTER_BOUND('',#676,.T.);
#400=FACE_OUTER_BOUND('',#677,.T.);
#401=FACE_OUTER_BOUND('',#678,.T.);
#402=FACE_OUTER_BOUND('',#679,.T.);
#403=FACE_OUTER_BOUND('',#680,.T.);
#404=FACE_OUTER_BOUND('',#681,.T.);
#405=FACE_OUTER_BOUND('',#682,.T.);
#406=FACE_OUTER_BOUND('',#683,.T.);
#407=FACE_OUTER_BOUND('',#684,.T.);
#408=FACE_OUTER_BOUND('',#685,.T.);
#409=FACE_OUTER_BOUND('',#686,.T.);
#410=FACE_OUTER_BOUND('',#687,.T.);
#411=FACE_OUTER_BOUND('',#688,.T.);
#412=FACE_OUTER_BOUND('',#689,.T.);
#413=FACE_OUTER_BOUND('',#690,.T.);
#414=FACE_OUTER_BOUND('',#691,.T.);
#415=FACE_OUTER_BOUND('',#692,.T.);
#416=FACE_OUTER_BOUND('',#693,.T.);
#417=FACE_OUTER_BOUND('',#694,.T.);
#418=FACE_OUTER_BOUND('',#695,.T.);
#419=FACE_OUTER_BOUND('',#696,.T.);
#420=FACE_OUTER_BOUND('',#697,.T.);
#421=FACE_OUTER_BOUND('',#698,.T.);
#422=FACE_OUTER_BOUND('',#699,.T.);
#423=FACE_OUTER_BOUND('',#700,.T.);
#424=FACE_OUTER_BOUND('',#701,.T.);
#425=FACE_OUTER_BOUND('',#702,.T.);
#426=FACE_OUTER_BOUND('',#703,.T.);
#427=FACE_OUTER_BOUND('',#704,.T.);
#428=FACE_OUTER_BOUND('',#705,.T.);
#429=FACE_OUTER_BOUND('',#706,.T.);
#430=FACE_OUTER_BOUND('',#707,.T.);
#431=FACE_OUTER_BOUND('',#708,.T.);
#432=FACE_OUTER_BOUND('',#709,.T.);
#433=FACE_OUTER_BOUND('',#710,.T.);
#434=FACE_OUTER_BOUND('',#711,.T.);
#435=FACE_OUTER_BOUND('',#712,.T.);
#436=FACE_OUTER_BOUND('',#713,.T.);
#437=FACE_OUTER_BOUND('',#714,.T.);
#438=FACE_OUTER_BOUND('',#715,.T.);
#439=FACE_OUTER_BOUND('',#716,.T.);
#440=FACE_OUTER_BOUND('',#717,.T.);
#441=FACE_OUTER_BOUND('',#718,.T.);
#442=FACE_OUTER_BOUND('',#719,.T.);
#443=FACE_OUTER_BOUND('',#720,.T.);
#444=FACE_OUTER_BOUND('',#721,.T.);
#445=FACE_OUTER_BOUND('',#722,.T.);
#446=FACE_OUTER_BOUND('',#723,.T.);
#447=FACE_OUTER_BOUND('',#724,.T.);
#448=FACE_OUTER_BOUND('',#725,.T.);
#449=FACE_OUTER_BOUND('',#726,.T.);
#450=FACE_OUTER_BOUND('',#727,.T.);
#451=FACE_OUTER_BOUND('',#728,.T.);
#452=FACE_OUTER_BOUND('',#729,.T.);
#453=FACE_OUTER_BOUND('',#730,.T.);
#454=FACE_OUTER_BOUND('',#731,.T.);
#455=FACE_OUTER_BOUND('',#732,.T.);
#456=FACE_OUTER_BOUND('',#733,.T.);
#457=FACE_OUTER_BOUND('',#734,.T.);
#458=FACE_OUTER_BOUND('',#735,.T.);
#459=FACE_OUTER_BOUND('',#736,.T.);
#460=FACE_OUTER_BOUND('',#737,.T.);
#461=FACE_OUTER_BOUND('',#738,.T.);
#462=FACE_OUTER_BOUND('',#739,.T.);
#463=FACE_OUTER_BOUND('',#740,.T.);
#464=FACE_OUTER_BOUND('',#741,.T.);
#465=FACE_OUTER_BOUND('',#742,.T.);
#466=FACE_OUTER_BOUND('',#743,.T.);
#467=FACE_OUTER_BOUND('',#744,.T.);
#468=FACE_OUTER_BOUND('',#745,.T.);
#469=FACE_OUTER_BOUND('',#746,.T.);
#470=FACE_OUTER_BOUND('',#747,.T.);
#471=FACE_OUTER_BOUND('',#748,.T.);
#472=FACE_OUTER_BOUND('',#749,.T.);
#473=FACE_OUTER_BOUND('',#750,.T.);
#474=FACE_OUTER_BOUND('',#751,.T.);
#475=FACE_OUTER_BOUND('',#752,.T.);
#476=FACE_OUTER_BOUND('',#753,.T.);
#477=FACE_OUTER_BOUND('',#754,.T.);
#478=FACE_OUTER_BOUND('',#755,.T.);
#479=FACE_OUTER_BOUND('',#756,.T.);
#480=FACE_OUTER_BOUND('',#757,.T.);
#481=FACE_OUTER_BOUND('',#758,.T.);
#482=FACE_OUTER_BOUND('',#759,.T.);
#483=FACE_OUTER_BOUND('',#760,.T.);
#484=FACE_OUTER_BOUND('',#761,.T.);
#485=FACE_OUTER_BOUND('',#762,.T.);
#486=FACE_OUTER_BOUND('',#763,.T.);
#487=FACE_OUTER_BOUND('',#764,.T.);
#488=FACE_OUTER_BOUND('',#765,.T.);
#489=FACE_OUTER_BOUND('',#766,.T.);
#490=FACE_OUTER_BOUND('',#767,.T.);
#491=FACE_OUTER_BOUND('',#768,.T.);
#492=FACE_OUTER_BOUND('',#769,.T.);
#493=FACE_OUTER_BOUND('',#770,.T.);
#494=FACE_OUTER_BOUND('',#771,.T.);
#495=FACE_OUTER_BOUND('',#772,.T.);
#496=FACE_OUTER_BOUND('',#773,.T.);
#497=FACE_OUTER_BOUND('',#774,.T.);
#498=FACE_OUTER_BOUND('',#775,.T.);
#499=FACE_OUTER_BOUND('',#776,.T.);
#500=FACE_OUTER_BOUND('',#777,.T.);
#501=FACE_OUTER_BOUND('',#778,.T.);
#502=FACE_OUTER_BOUND('',#779,.T.);
#503=FACE_OUTER_BOUND('',#780,.T.);
#504=FACE_OUTER_BOUND('',#781,.T.);
#505=FACE_OUTER_BOUND('',#782,.T.);
#506=FACE_OUTER_BOUND('',#783,.T.);
#507=FACE_OUTER_BOUND('',#784,.T.);
#508=FACE_OUTER_BOUND('',#785,.T.);
#509=FACE_OUTER_BOUND('',#786,.T.);
#510=FACE_OUTER_BOUND('',#787,.T.);
#511=FACE_OUTER_BOUND('',#788,.T.);
#512=FACE_OUTER_BOUND('',#789,.T.);
#513=FACE_OUTER_BOUND('',#790,.T.);
#514=FACE_OUTER_BOUND('',#791,.T.);
#515=FACE_OUTER_BOUND('',#792,.T.);
#516=FACE_OUTER_BOUND('',#793,.T.);
#517=FACE_OUTER_BOUND('',#794,.T.);
#518=FACE_OUTER_BOUND('',#795,.T.);
#519=FACE_OUTER_BOUND('',#796,.T.);
#520=FACE_OUTER_BOUND('',#797,.T.);
#521=FACE_OUTER_BOUND('',#798,.T.);
#522=FACE_OUTER_BOUND('',#799,.T.);
#523=FACE_OUTER_BOUND('',#800,.T.);
#524=FACE_OUTER_BOUND('',#801,.T.);
#525=FACE_OUTER_BOUND('',#802,.T.);
#526=FACE_OUTER_BOUND('',#803,.T.);
#527=FACE_OUTER_BOUND('',#804,.T.);
#528=FACE_OUTER_BOUND('',#807,.T.);
#529=FACE_OUTER_BOUND('',#808,.T.);
#530=FACE_OUTER_BOUND('',#809,.T.);
#531=FACE_OUTER_BOUND('',#810,.T.);
#532=FACE_OUTER_BOUND('',#811,.T.);
#533=FACE_OUTER_BOUND('',#812,.T.);
#534=FACE_OUTER_BOUND('',#813,.T.);
#535=FACE_OUTER_BOUND('',#814,.T.);
#536=FACE_OUTER_BOUND('',#815,.T.);
#537=FACE_OUTER_BOUND('',#816,.T.);
#538=FACE_OUTER_BOUND('',#817,.T.);
#539=FACE_OUTER_BOUND('',#818,.T.);
#540=FACE_OUTER_BOUND('',#819,.T.);
#541=FACE_OUTER_BOUND('',#820,.T.);
#542=FACE_OUTER_BOUND('',#821,.T.);
#543=FACE_OUTER_BOUND('',#822,.T.);
#544=FACE_OUTER_BOUND('',#823,.T.);
#545=FACE_OUTER_BOUND('',#824,.T.);
#546=FACE_OUTER_BOUND('',#825,.T.);
#547=FACE_OUTER_BOUND('',#826,.T.);
#548=FACE_OUTER_BOUND('',#827,.T.);
#549=FACE_OUTER_BOUND('',#828,.T.);
#550=FACE_OUTER_BOUND('',#829,.T.);
#551=FACE_OUTER_BOUND('',#830,.T.);
#552=FACE_OUTER_BOUND('',#831,.T.);
#553=FACE_OUTER_BOUND('',#832,.T.);
#554=FACE_OUTER_BOUND('',#833,.T.);
#555=FACE_OUTER_BOUND('',#834,.T.);
#556=FACE_OUTER_BOUND('',#835,.T.);
#557=FACE_OUTER_BOUND('',#836,.T.);
#558=FACE_OUTER_BOUND('',#837,.T.);
#559=FACE_OUTER_BOUND('',#838,.T.);
#560=FACE_OUTER_BOUND('',#839,.T.);
#561=FACE_OUTER_BOUND('',#840,.T.);
#562=FACE_OUTER_BOUND('',#841,.T.);
#563=FACE_OUTER_BOUND('',#842,.T.);
#564=FACE_OUTER_BOUND('',#843,.T.);
#565=FACE_OUTER_BOUND('',#844,.T.);
#566=FACE_OUTER_BOUND('',#845,.T.);
#567=FACE_OUTER_BOUND('',#846,.T.);
#568=FACE_OUTER_BOUND('',#847,.T.);
#569=FACE_OUTER_BOUND('',#848,.T.);
#570=FACE_OUTER_BOUND('',#849,.T.);
#571=FACE_OUTER_BOUND('',#850,.T.);
#572=FACE_OUTER_BOUND('',#851,.T.);
#573=FACE_OUTER_BOUND('',#852,.T.);
#574=FACE_OUTER_BOUND('',#853,.T.);
#575=FACE_OUTER_BOUND('',#854,.T.);
#576=FACE_OUTER_BOUND('',#855,.T.);
#577=FACE_OUTER_BOUND('',#856,.T.);
#578=FACE_OUTER_BOUND('',#857,.T.);
#579=FACE_OUTER_BOUND('',#858,.T.);
#580=FACE_OUTER_BOUND('',#859,.T.);
#581=FACE_OUTER_BOUND('',#860,.T.);
#582=FACE_OUTER_BOUND('',#861,.T.);
#583=FACE_OUTER_BOUND('',#862,.T.);
#584=FACE_OUTER_BOUND('',#863,.T.);
#585=FACE_OUTER_BOUND('',#864,.T.);
#586=FACE_OUTER_BOUND('',#865,.T.);
#587=FACE_OUTER_BOUND('',#866,.T.);
#588=FACE_OUTER_BOUND('',#867,.T.);
#589=FACE_OUTER_BOUND('',#868,.T.);
#590=FACE_OUTER_BOUND('',#871,.T.);
#591=FACE_OUTER_BOUND('',#872,.T.);
#592=FACE_OUTER_BOUND('',#873,.T.);
#593=FACE_OUTER_BOUND('',#874,.T.);
#594=FACE_OUTER_BOUND('',#875,.T.);
#595=FACE_OUTER_BOUND('',#876,.T.);
#596=FACE_OUTER_BOUND('',#877,.T.);
#597=FACE_OUTER_BOUND('',#878,.T.);
#598=FACE_OUTER_BOUND('',#879,.T.);
#599=FACE_OUTER_BOUND('',#880,.T.);
#600=FACE_OUTER_BOUND('',#881,.T.);
#601=FACE_OUTER_BOUND('',#882,.T.);
#602=FACE_OUTER_BOUND('',#883,.T.);
#603=FACE_OUTER_BOUND('',#884,.T.);
#604=FACE_OUTER_BOUND('',#885,.T.);
#605=FACE_OUTER_BOUND('',#886,.T.);
#606=FACE_OUTER_BOUND('',#887,.T.);
#607=FACE_OUTER_BOUND('',#888,.T.);
#608=FACE_OUTER_BOUND('',#889,.T.);
#609=FACE_OUTER_BOUND('',#890,.T.);
#610=FACE_OUTER_BOUND('',#891,.T.);
#611=FACE_OUTER_BOUND('',#892,.T.);
#612=FACE_OUTER_BOUND('',#893,.T.);
#613=FACE_OUTER_BOUND('',#894,.T.);
#614=FACE_OUTER_BOUND('',#895,.T.);
#615=FACE_OUTER_BOUND('',#896,.T.);
#616=FACE_OUTER_BOUND('',#897,.T.);
#617=FACE_OUTER_BOUND('',#898,.T.);
#618=EDGE_LOOP('',(#2880,#2881,#2882,#2883,#2884));
#619=EDGE_LOOP('',(#2885,#2886,#2887,#2888,#2889,#2890,#2891,#2892,#2893,
#2894,#2895,#2896,#2897,#2898,#2899));
#620=EDGE_LOOP('',(#2900));
#621=EDGE_LOOP('',(#2901));
#622=EDGE_LOOP('',(#2902,#2903,#2904,#2905,#2906));
#623=EDGE_LOOP('',(#2907,#2908,#2909,#2910,#2911));
#624=EDGE_LOOP('',(#2912,#2913,#2914,#2915,#2916));
#625=EDGE_LOOP('',(#2917,#2918,#2919,#2920));
#626=EDGE_LOOP('',(#2921,#2922,#2923,#2924,#2925,#2926));
#627=EDGE_LOOP('',(#2927,#2928,#2929,#2930));
#628=EDGE_LOOP('',(#2931,#2932,#2933,#2934,#2935,#2936));
#629=EDGE_LOOP('',(#2937,#2938,#2939,#2940));
#630=EDGE_LOOP('',(#2941,#2942,#2943,#2944));
#631=EDGE_LOOP('',(#2945,#2946,#2947,#2948));
#632=EDGE_LOOP('',(#2949,#2950,#2951,#2952));
#633=EDGE_LOOP('',(#2953,#2954,#2955,#2956));
#634=EDGE_LOOP('',(#2957,#2958,#2959,#2960));
#635=EDGE_LOOP('',(#2961,#2962,#2963,#2964));
#636=EDGE_LOOP('',(#2965,#2966,#2967,#2968,#2969,#2970));
#637=EDGE_LOOP('',(#2971,#2972,#2973,#2974));
#638=EDGE_LOOP('',(#2975,#2976,#2977,#2978));
#639=EDGE_LOOP('',(#2979,#2980,#2981,#2982,#2983,#2984,#2985,#2986,#2987,
#2988,#2989,#2990,#2991,#2992,#2993,#2994));
#640=EDGE_LOOP('',(#2995,#2996,#2997,#2998));
#641=EDGE_LOOP('',(#2999,#3000,#3001,#3002));
#642=EDGE_LOOP('',(#3003,#3004,#3005,#3006));
#643=EDGE_LOOP('',(#3007));
#644=EDGE_LOOP('',(#3008));
#645=EDGE_LOOP('',(#3009,#3010,#3011,#3012,#3013,#3014,#3015,#3016,#3017,
#3018,#3019,#3020,#3021,#3022,#3023,#3024,#3025,#3026,#3027,#3028,#3029,
#3030,#3031,#3032));
#646=EDGE_LOOP('',(#3033));
#647=EDGE_LOOP('',(#3034));
#648=EDGE_LOOP('',(#3035,#3036,#3037,#3038,#3039,#3040));
#649=EDGE_LOOP('',(#3041,#3042,#3043,#3044,#3045,#3046,#3047,#3048,#3049,
#3050,#3051,#3052,#3053,#3054,#3055,#3056,#3057,#3058));
#650=EDGE_LOOP('',(#3059,#3060,#3061,#3062));
#651=EDGE_LOOP('',(#3063,#3064,#3065,#3066));
#652=EDGE_LOOP('',(#3067,#3068,#3069,#3070));
#653=EDGE_LOOP('',(#3071,#3072,#3073,#3074));
#654=EDGE_LOOP('',(#3075,#3076,#3077,#3078,#3079,#3080));
#655=EDGE_LOOP('',(#3081,#3082,#3083,#3084,#3085));
#656=EDGE_LOOP('',(#3086,#3087,#3088,#3089));
#657=EDGE_LOOP('',(#3090,#3091,#3092,#3093,#3094));
#658=EDGE_LOOP('',(#3095,#3096,#3097,#3098,#3099,#3100));
#659=EDGE_LOOP('',(#3101,#3102,#3103,#3104,#3105,#3106,#3107,#3108,#3109,
#3110,#3111,#3112,#3113,#3114,#3115,#3116,#3117,#3118,#3119,#3120,#3121,
#3122,#3123,#3124));
#660=EDGE_LOOP('',(#3125,#3126,#3127,#3128));
#661=EDGE_LOOP('',(#3129,#3130,#3131,#3132,#3133,#3134,#3135,#3136,#3137,
#3138,#3139,#3140));
#662=EDGE_LOOP('',(#3141,#3142,#3143,#3144,#3145,#3146,#3147,#3148,#3149,
#3150,#3151,#3152));
#663=EDGE_LOOP('',(#3153,#3154,#3155,#3156));
#664=EDGE_LOOP('',(#3157,#3158,#3159,#3160));
#665=EDGE_LOOP('',(#3161,#3162,#3163,#3164));
#666=EDGE_LOOP('',(#3165,#3166,#3167,#3168));
#667=EDGE_LOOP('',(#3169,#3170,#3171,#3172));
#668=EDGE_LOOP('',(#3173,#3174,#3175,#3176));
#669=EDGE_LOOP('',(#3177,#3178,#3179,#3180));
#670=EDGE_LOOP('',(#3181,#3182,#3183,#3184));
#671=EDGE_LOOP('',(#3185,#3186,#3187,#3188));
#672=EDGE_LOOP('',(#3189,#3190,#3191,#3192));
#673=EDGE_LOOP('',(#3193,#3194,#3195,#3196));
#674=EDGE_LOOP('',(#3197,#3198,#3199,#3200));
#675=EDGE_LOOP('',(#3201,#3202,#3203,#3204));
#676=EDGE_LOOP('',(#3205,#3206,#3207,#3208));
#677=EDGE_LOOP('',(#3209,#3210,#3211,#3212));
#678=EDGE_LOOP('',(#3213,#3214,#3215,#3216));
#679=EDGE_LOOP('',(#3217,#3218,#3219,#3220));
#680=EDGE_LOOP('',(#3221,#3222,#3223,#3224));
#681=EDGE_LOOP('',(#3225,#3226,#3227,#3228));
#682=EDGE_LOOP('',(#3229,#3230,#3231,#3232));
#683=EDGE_LOOP('',(#3233,#3234,#3235,#3236));
#684=EDGE_LOOP('',(#3237,#3238,#3239,#3240));
#685=EDGE_LOOP('',(#3241,#3242,#3243,#3244,#3245));
#686=EDGE_LOOP('',(#3246,#3247,#3248,#3249,#3250,#3251,#3252,#3253,#3254,
#3255,#3256,#3257));
#687=EDGE_LOOP('',(#3258,#3259,#3260,#3261,#3262));
#688=EDGE_LOOP('',(#3263,#3264,#3265,#3266,#3267));
#689=EDGE_LOOP('',(#3268,#3269,#3270,#3271,#3272));
#690=EDGE_LOOP('',(#3273,#3274,#3275,#3276));
#691=EDGE_LOOP('',(#3277,#3278,#3279,#3280));
#692=EDGE_LOOP('',(#3281,#3282,#3283,#3284));
#693=EDGE_LOOP('',(#3285,#3286,#3287,#3288));
#694=EDGE_LOOP('',(#3289,#3290,#3291,#3292));
#695=EDGE_LOOP('',(#3293,#3294,#3295,#3296));
#696=EDGE_LOOP('',(#3297,#3298,#3299,#3300));
#697=EDGE_LOOP('',(#3301,#3302,#3303,#3304));
#698=EDGE_LOOP('',(#3305,#3306,#3307,#3308));
#699=EDGE_LOOP('',(#3309,#3310,#3311,#3312));
#700=EDGE_LOOP('',(#3313,#3314,#3315,#3316));
#701=EDGE_LOOP('',(#3317,#3318,#3319,#3320));
#702=EDGE_LOOP('',(#3321,#3322,#3323,#3324));
#703=EDGE_LOOP('',(#3325,#3326,#3327,#3328));
#704=EDGE_LOOP('',(#3329,#3330,#3331,#3332));
#705=EDGE_LOOP('',(#3333,#3334,#3335,#3336));
#706=EDGE_LOOP('',(#3337,#3338,#3339,#3340));
#707=EDGE_LOOP('',(#3341,#3342,#3343,#3344));
#708=EDGE_LOOP('',(#3345,#3346,#3347,#3348));
#709=EDGE_LOOP('',(#3349,#3350,#3351,#3352));
#710=EDGE_LOOP('',(#3353,#3354,#3355,#3356));
#711=EDGE_LOOP('',(#3357,#3358,#3359,#3360));
#712=EDGE_LOOP('',(#3361,#3362,#3363,#3364));
#713=EDGE_LOOP('',(#3365,#3366,#3367,#3368));
#714=EDGE_LOOP('',(#3369,#3370,#3371,#3372));
#715=EDGE_LOOP('',(#3373,#3374,#3375,#3376));
#716=EDGE_LOOP('',(#3377,#3378,#3379,#3380));
#717=EDGE_LOOP('',(#3381,#3382,#3383,#3384));
#718=EDGE_LOOP('',(#3385,#3386,#3387,#3388));
#719=EDGE_LOOP('',(#3389,#3390,#3391,#3392));
#720=EDGE_LOOP('',(#3393,#3394,#3395,#3396));
#721=EDGE_LOOP('',(#3397,#3398,#3399,#3400));
#722=EDGE_LOOP('',(#3401,#3402,#3403,#3404));
#723=EDGE_LOOP('',(#3405,#3406,#3407,#3408));
#724=EDGE_LOOP('',(#3409,#3410,#3411,#3412));
#725=EDGE_LOOP('',(#3413,#3414,#3415,#3416));
#726=EDGE_LOOP('',(#3417,#3418,#3419,#3420));
#727=EDGE_LOOP('',(#3421,#3422,#3423,#3424));
#728=EDGE_LOOP('',(#3425,#3426,#3427,#3428));
#729=EDGE_LOOP('',(#3429,#3430,#3431,#3432));
#730=EDGE_LOOP('',(#3433,#3434,#3435,#3436));
#731=EDGE_LOOP('',(#3437,#3438,#3439,#3440));
#732=EDGE_LOOP('',(#3441,#3442,#3443,#3444));
#733=EDGE_LOOP('',(#3445,#3446,#3447,#3448));
#734=EDGE_LOOP('',(#3449,#3450,#3451,#3452,#3453));
#735=EDGE_LOOP('',(#3454,#3455,#3456,#3457,#3458,#3459,#3460,#3461,#3462,
#3463,#3464,#3465));
#736=EDGE_LOOP('',(#3466,#3467,#3468,#3469,#3470));
#737=EDGE_LOOP('',(#3471,#3472,#3473,#3474,#3475));
#738=EDGE_LOOP('',(#3476,#3477,#3478,#3479,#3480));
#739=EDGE_LOOP('',(#3481,#3482,#3483,#3484));
#740=EDGE_LOOP('',(#3485,#3486,#3487,#3488));
#741=EDGE_LOOP('',(#3489,#3490,#3491,#3492));
#742=EDGE_LOOP('',(#3493,#3494,#3495,#3496));
#743=EDGE_LOOP('',(#3497,#3498,#3499,#3500));
#744=EDGE_LOOP('',(#3501,#3502,#3503,#3504));
#745=EDGE_LOOP('',(#3505,#3506,#3507,#3508));
#746=EDGE_LOOP('',(#3509,#3510,#3511,#3512));
#747=EDGE_LOOP('',(#3513,#3514,#3515,#3516));
#748=EDGE_LOOP('',(#3517,#3518,#3519,#3520));
#749=EDGE_LOOP('',(#3521,#3522,#3523,#3524));
#750=EDGE_LOOP('',(#3525,#3526,#3527,#3528));
#751=EDGE_LOOP('',(#3529,#3530,#3531,#3532));
#752=EDGE_LOOP('',(#3533,#3534,#3535,#3536));
#753=EDGE_LOOP('',(#3537,#3538,#3539,#3540));
#754=EDGE_LOOP('',(#3541,#3542,#3543,#3544));
#755=EDGE_LOOP('',(#3545,#3546,#3547,#3548));
#756=EDGE_LOOP('',(#3549,#3550,#3551,#3552));
#757=EDGE_LOOP('',(#3553,#3554,#3555,#3556));
#758=EDGE_LOOP('',(#3557,#3558,#3559,#3560));
#759=EDGE_LOOP('',(#3561,#3562,#3563,#3564));
#760=EDGE_LOOP('',(#3565,#3566,#3567,#3568));
#761=EDGE_LOOP('',(#3569,#3570,#3571,#3572));
#762=EDGE_LOOP('',(#3573,#3574,#3575,#3576));
#763=EDGE_LOOP('',(#3577,#3578,#3579,#3580));
#764=EDGE_LOOP('',(#3581,#3582,#3583,#3584));
#765=EDGE_LOOP('',(#3585,#3586,#3587,#3588));
#766=EDGE_LOOP('',(#3589,#3590,#3591,#3592));
#767=EDGE_LOOP('',(#3593,#3594,#3595,#3596));
#768=EDGE_LOOP('',(#3597,#3598,#3599,#3600));
#769=EDGE_LOOP('',(#3601,#3602,#3603,#3604));
#770=EDGE_LOOP('',(#3605,#3606,#3607,#3608));
#771=EDGE_LOOP('',(#3609,#3610,#3611,#3612));
#772=EDGE_LOOP('',(#3613,#3614,#3615,#3616));
#773=EDGE_LOOP('',(#3617,#3618,#3619,#3620));
#774=EDGE_LOOP('',(#3621,#3622,#3623,#3624));
#775=EDGE_LOOP('',(#3625,#3626,#3627,#3628));
#776=EDGE_LOOP('',(#3629));
#777=EDGE_LOOP('',(#3630));
#778=EDGE_LOOP('',(#3631));
#779=EDGE_LOOP('',(#3632));
#780=EDGE_LOOP('',(#3633,#3634,#3635,#3636,#3637,#3638));
#781=EDGE_LOOP('',(#3639));
#782=EDGE_LOOP('',(#3640));
#783=EDGE_LOOP('',(#3641));
#784=EDGE_LOOP('',(#3642));
#785=EDGE_LOOP('',(#3643,#3644,#3645,#3646));
#786=EDGE_LOOP('',(#3647,#3648,#3649,#3650));
#787=EDGE_LOOP('',(#3651,#3652,#3653,#3654));
#788=EDGE_LOOP('',(#3655,#3656,#3657,#3658));
#789=EDGE_LOOP('',(#3659,#3660,#3661,#3662));
#790=EDGE_LOOP('',(#3663,#3664,#3665,#3666));
#791=EDGE_LOOP('',(#3667,#3668,#3669,#3670));
#792=EDGE_LOOP('',(#3671,#3672,#3673,#3674));
#793=EDGE_LOOP('',(#3675,#3676,#3677,#3678));
#794=EDGE_LOOP('',(#3679,#3680,#3681,#3682));
#795=EDGE_LOOP('',(#3683,#3684,#3685,#3686,#3687,#3688,#3689,#3690,#3691,
#3692,#3693,#3694,#3695,#3696,#3697,#3698,#3699,#3700));
#796=EDGE_LOOP('',(#3701,#3702,#3703,#3704));
#797=EDGE_LOOP('',(#3705,#3706,#3707,#3708));
#798=EDGE_LOOP('',(#3709,#3710,#3711,#3712));
#799=EDGE_LOOP('',(#3713));
#800=EDGE_LOOP('',(#3714));
#801=EDGE_LOOP('',(#3715,#3716,#3717,#3718));
#802=EDGE_LOOP('',(#3719,#3720,#3721,#3722));
#803=EDGE_LOOP('',(#3723,#3724,#3725,#3726));
#804=EDGE_LOOP('',(#3727,#3728,#3729,#3730,#3731,#3732,#3733,#3734,#3735,
#3736,#3737,#3738,#3739,#3740,#3741,#3742,#3743,#3744,#3745,#3746,#3747,
#3748,#3749,#3750));
#805=EDGE_LOOP('',(#3751));
#806=EDGE_LOOP('',(#3752));
#807=EDGE_LOOP('',(#3753,#3754,#3755,#3756));
#808=EDGE_LOOP('',(#3757,#3758,#3759,#3760));
#809=EDGE_LOOP('',(#3761,#3762,#3763,#3764));
#810=EDGE_LOOP('',(#3765,#3766,#3767,#3768));
#811=EDGE_LOOP('',(#3769,#3770,#3771,#3772));
#812=EDGE_LOOP('',(#3773,#3774,#3775,#3776));
#813=EDGE_LOOP('',(#3777,#3778,#3779,#3780));
#814=EDGE_LOOP('',(#3781,#3782,#3783,#3784));
#815=EDGE_LOOP('',(#3785,#3786,#3787,#3788));
#816=EDGE_LOOP('',(#3789,#3790,#3791,#3792));
#817=EDGE_LOOP('',(#3793,#3794,#3795,#3796));
#818=EDGE_LOOP('',(#3797,#3798,#3799,#3800));
#819=EDGE_LOOP('',(#3801,#3802,#3803,#3804));
#820=EDGE_LOOP('',(#3805,#3806,#3807,#3808));
#821=EDGE_LOOP('',(#3809,#3810,#3811,#3812));
#822=EDGE_LOOP('',(#3813,#3814,#3815,#3816));
#823=EDGE_LOOP('',(#3817,#3818,#3819,#3820));
#824=EDGE_LOOP('',(#3821,#3822,#3823,#3824));
#825=EDGE_LOOP('',(#3825,#3826,#3827,#3828));
#826=EDGE_LOOP('',(#3829,#3830,#3831,#3832));
#827=EDGE_LOOP('',(#3833,#3834,#3835,#3836));
#828=EDGE_LOOP('',(#3837,#3838,#3839,#3840));
#829=EDGE_LOOP('',(#3841,#3842,#3843,#3844));
#830=EDGE_LOOP('',(#3845,#3846,#3847,#3848));
#831=EDGE_LOOP('',(#3849,#3850,#3851,#3852));
#832=EDGE_LOOP('',(#3853,#3854,#3855,#3856));
#833=EDGE_LOOP('',(#3857,#3858,#3859,#3860));
#834=EDGE_LOOP('',(#3861,#3862,#3863,#3864));
#835=EDGE_LOOP('',(#3865,#3866,#3867,#3868));
#836=EDGE_LOOP('',(#3869,#3870,#3871,#3872));
#837=EDGE_LOOP('',(#3873,#3874,#3875,#3876));
#838=EDGE_LOOP('',(#3877,#3878,#3879,#3880));
#839=EDGE_LOOP('',(#3881,#3882,#3883,#3884));
#840=EDGE_LOOP('',(#3885,#3886,#3887,#3888));
#841=EDGE_LOOP('',(#3889,#3890,#3891,#3892));
#842=EDGE_LOOP('',(#3893,#3894,#3895,#3896,#3897,#3898,#3899));
#843=EDGE_LOOP('',(#3900,#3901,#3902,#3903));
#844=EDGE_LOOP('',(#3904,#3905,#3906,#3907,#3908,#3909,#3910));
#845=EDGE_LOOP('',(#3911,#3912,#3913,#3914));
#846=EDGE_LOOP('',(#3915,#3916,#3917,#3918));
#847=EDGE_LOOP('',(#3919,#3920,#3921,#3922));
#848=EDGE_LOOP('',(#3923,#3924,#3925,#3926,#3927,#3928,#3929));
#849=EDGE_LOOP('',(#3930,#3931,#3932,#3933,#3934,#3935,#3936,#3937,#3938,
#3939,#3940,#3941));
#850=EDGE_LOOP('',(#3942,#3943,#3944,#3945));
#851=EDGE_LOOP('',(#3946,#3947,#3948,#3949,#3950,#3951,#3952));
#852=EDGE_LOOP('',(#3953,#3954,#3955,#3956));
#853=EDGE_LOOP('',(#3957,#3958,#3959,#3960));
#854=EDGE_LOOP('',(#3961,#3962,#3963,#3964));
#855=EDGE_LOOP('',(#3965,#3966,#3967,#3968));
#856=EDGE_LOOP('',(#3969,#3970,#3971,#3972));
#857=EDGE_LOOP('',(#3973,#3974,#3975,#3976));
#858=EDGE_LOOP('',(#3977,#3978,#3979,#3980));
#859=EDGE_LOOP('',(#3981,#3982,#3983,#3984));
#860=EDGE_LOOP('',(#3985,#3986,#3987,#3988));
#861=EDGE_LOOP('',(#3989,#3990,#3991,#3992));
#862=EDGE_LOOP('',(#3993,#3994,#3995,#3996));
#863=EDGE_LOOP('',(#3997,#3998,#3999,#4000,#4001,#4002));
#864=EDGE_LOOP('',(#4003,#4004,#4005,#4006,#4007,#4008,#4009));
#865=EDGE_LOOP('',(#4010,#4011,#4012,#4013));
#866=EDGE_LOOP('',(#4014,#4015,#4016,#4017));
#867=EDGE_LOOP('',(#4018,#4019,#4020,#4021));
#868=EDGE_LOOP('',(#4022,#4023,#4024,#4025));
#869=EDGE_LOOP('',(#4026));
#870=EDGE_LOOP('',(#4027));
#871=EDGE_LOOP('',(#4028,#4029,#4030,#4031));
#872=EDGE_LOOP('',(#4032,#4033,#4034,#4035));
#873=EDGE_LOOP('',(#4036,#4037,#4038,#4039,#4040,#4041));
#874=EDGE_LOOP('',(#4042,#4043,#4044,#4045,#4046,#4047));
#875=EDGE_LOOP('',(#4048,#4049,#4050,#4051,#4052,#4053));
#876=EDGE_LOOP('',(#4054,#4055,#4056,#4057));
#877=EDGE_LOOP('',(#4058,#4059,#4060,#4061));
#878=EDGE_LOOP('',(#4062,#4063,#4064,#4065));
#879=EDGE_LOOP('',(#4066,#4067,#4068,#4069));
#880=EDGE_LOOP('',(#4070,#4071,#4072,#4073));
#881=EDGE_LOOP('',(#4074,#4075,#4076,#4077));
#882=EDGE_LOOP('',(#4078,#4079,#4080,#4081));
#883=EDGE_LOOP('',(#4082,#4083,#4084,#4085));
#884=EDGE_LOOP('',(#4086,#4087,#4088,#4089));
#885=EDGE_LOOP('',(#4090,#4091,#4092,#4093));
#886=EDGE_LOOP('',(#4094,#4095,#4096,#4097));
#887=EDGE_LOOP('',(#4098,#4099,#4100,#4101));
#888=EDGE_LOOP('',(#4102,#4103,#4104,#4105));
#889=EDGE_LOOP('',(#4106,#4107,#4108,#4109));
#890=EDGE_LOOP('',(#4110,#4111,#4112,#4113));
#891=EDGE_LOOP('',(#4114,#4115,#4116,#4117));
#892=EDGE_LOOP('',(#4118,#4119,#4120,#4121));
#893=EDGE_LOOP('',(#4122,#4123,#4124,#4125));
#894=EDGE_LOOP('',(#4126,#4127,#4128,#4129));
#895=EDGE_LOOP('',(#4130,#4131,#4132,#4133));
#896=EDGE_LOOP('',(#4134,#4135,#4136,#4137));
#897=EDGE_LOOP('',(#4138,#4139,#4140,#4141));
#898=EDGE_LOOP('',(#4142,#4143,#4144,#4145));
#899=LINE('',#5981,#1311);
#900=LINE('',#5986,#1312);
#901=LINE('',#5988,#1313);
#902=LINE('',#5990,#1314);
#903=LINE('',#5992,#1315);
#904=LINE('',#5996,#1316);
#905=LINE('',#5998,#1317);
#906=LINE('',#6000,#1318);
#907=LINE('',#6002,#1319);
#908=LINE('',#6004,#1320);
#909=LINE('',#6006,#1321);
#910=LINE('',#6008,#1322);
#911=LINE('',#6010,#1323);
#912=LINE('',#6012,#1324);
#913=LINE('',#6013,#1325);
#914=LINE('',#6018,#1326);
#915=LINE('',#6025,#1327);
#916=LINE('',#6028,#1328);
#917=LINE('',#6033,#1329);
#918=LINE('',#6035,#1330);
#919=LINE('',#6037,#1331);
#920=LINE('',#6038,#1332);
#921=LINE('',#6040,#1333);
#922=LINE('',#6042,#1334);
#923=LINE('',#6044,#1335);
#924=LINE('',#6045,#1336);
#925=LINE('',#6049,#1337);
#926=LINE('',#6051,#1338);
#927=LINE('',#6053,#1339);
#928=LINE('',#6054,#1340);
#929=LINE('',#6056,#1341);
#930=LINE('',#6058,#1342);
#931=LINE('',#6060,#1343);
#932=LINE('',#6061,#1344);
#933=LINE('',#6080,#1345);
#934=LINE('',#6081,#1346);
#935=LINE('',#6085,#1347);
#936=LINE('',#6122,#1348);
#937=LINE('',#6126,#1349);
#938=LINE('',#6129,#1350);
#939=LINE('',#6130,#1351);
#940=LINE('',#6133,#1352);
#941=LINE('',#6137,#1353);
#942=LINE('',#6140,#1354);
#943=LINE('',#6143,#1355);
#944=LINE('',#6145,#1356);
#945=LINE('',#6147,#1357);
#946=LINE('',#6149,#1358);
#947=LINE('',#6151,#1359);
#948=LINE('',#6153,#1360);
#949=LINE('',#6155,#1361);
#950=LINE('',#6157,#1362);
#951=LINE('',#6159,#1363);
#952=LINE('',#6161,#1364);
#953=LINE('',#6163,#1365);
#954=LINE('',#6165,#1366);
#955=LINE('',#6166,#1367);
#956=LINE('',#6172,#1368);
#957=LINE('',#6187,#1369);
#958=LINE('',#6241,#1370);
#959=LINE('',#6243,#1371);
#960=LINE('',#6244,#1372);
#961=LINE('',#6251,#1373);
#962=LINE('',#6254,#1374);
#963=LINE('',#6258,#1375);
#964=LINE('',#6262,#1376);
#965=LINE('',#6266,#1377);
#966=LINE('',#6270,#1378);
#967=LINE('',#6274,#1379);
#968=LINE('',#6278,#1380);
#969=LINE('',#6282,#1381);
#970=LINE('',#6286,#1382);
#971=LINE('',#6294,#1383);
#972=LINE('',#6296,#1384);
#973=LINE('',#6298,#1385);
#974=LINE('',#6300,#1386);
#975=LINE('',#6302,#1387);
#976=LINE('',#6303,#1388);
#977=LINE('',#6318,#1389);
#978=LINE('',#6368,#1390);
#979=LINE('',#6406,#1391);
#980=LINE('',#6408,#1392);
#981=LINE('',#6410,#1393);
#982=LINE('',#6411,#1394);
#983=LINE('',#6414,#1395);
#984=LINE('',#6415,#1396);
#985=LINE('',#6422,#1397);
#986=LINE('',#6428,#1398);
#987=LINE('',#6442,#1399);
#988=LINE('',#6445,#1400);
#989=LINE('',#6446,#1401);
#990=LINE('',#6449,#1402);
#991=LINE('',#6450,#1403);
#992=LINE('',#6459,#1404);
#993=LINE('',#6463,#1405);
#994=LINE('',#6467,#1406);
#995=LINE('',#6471,#1407);
#996=LINE('',#6475,#1408);
#997=LINE('',#6479,#1409);
#998=LINE('',#6483,#1410);
#999=LINE('',#6487,#1411);
#1000=LINE('',#6489,#1412);
#1001=LINE('',#6492,#1413);
#1002=LINE('',#6496,#1414);
#1003=LINE('',#6505,#1415);
#1004=LINE('',#6511,#1416);
#1005=LINE('',#6517,#1417);
#1006=LINE('',#6523,#1418);
#1007=LINE('',#6529,#1419);
#1008=LINE('',#6542,#1420);
#1009=LINE('',#6548,#1421);
#1010=LINE('',#6554,#1422);
#1011=LINE('',#6560,#1423);
#1012=LINE('',#6566,#1424);
#1013=LINE('',#6575,#1425);
#1014=LINE('',#6576,#1426);
#1015=LINE('',#6582,#1427);
#1016=LINE('',#6585,#1428);
#1017=LINE('',#6588,#1429);
#1018=LINE('',#6590,#1430);
#1019=LINE('',#6591,#1431);
#1020=LINE('',#6594,#1432);
#1021=LINE('',#6596,#1433);
#1022=LINE('',#6597,#1434);
#1023=LINE('',#6602,#1435);
#1024=LINE('',#6611,#1436);
#1025=LINE('',#6615,#1437);
#1026=LINE('',#6617,#1438);
#1027=LINE('',#6618,#1439);
#1028=LINE('',#6621,#1440);
#1029=LINE('',#6622,#1441);
#1030=LINE('',#6627,#1442);
#1031=LINE('',#6636,#1443);
#1032=LINE('',#6640,#1444);
#1033=LINE('',#6642,#1445);
#1034=LINE('',#6643,#1446);
#1035=LINE('',#6646,#1447);
#1036=LINE('',#6647,#1448);
#1037=LINE('',#6652,#1449);
#1038=LINE('',#6661,#1450);
#1039=LINE('',#6665,#1451);
#1040=LINE('',#6667,#1452);
#1041=LINE('',#6668,#1453);
#1042=LINE('',#6671,#1454);
#1043=LINE('',#6672,#1455);
#1044=LINE('',#6677,#1456);
#1045=LINE('',#6686,#1457);
#1046=LINE('',#6690,#1458);
#1047=LINE('',#6692,#1459);
#1048=LINE('',#6693,#1460);
#1049=LINE('',#6696,#1461);
#1050=LINE('',#6697,#1462);
#1051=LINE('',#6726,#1463);
#1052=LINE('',#6729,#1464);
#1053=LINE('',#6755,#1465);
#1054=LINE('',#6763,#1466);
#1055=LINE('',#6790,#1467);
#1056=LINE('',#6792,#1468);
#1057=LINE('',#6793,#1469);
#1058=LINE('',#6796,#1470);
#1059=LINE('',#6800,#1471);
#1060=LINE('',#6801,#1472);
#1061=LINE('',#6804,#1473);
#1062=LINE('',#6808,#1474);
#1063=LINE('',#6809,#1475);
#1064=LINE('',#6812,#1476);
#1065=LINE('',#6816,#1477);
#1066=LINE('',#6817,#1478);
#1067=LINE('',#6869,#1479);
#1068=LINE('',#6873,#1480);
#1069=LINE('',#6874,#1481);
#1070=LINE('',#6882,#1482);
#1071=LINE('',#6886,#1483);
#1072=LINE('',#6887,#1484);
#1073=LINE('',#6894,#1485);
#1074=LINE('',#6897,#1486);
#1075=LINE('',#6904,#1487);
#1076=LINE('',#6906,#1488);
#1077=LINE('',#6913,#1489);
#1078=LINE('',#6915,#1490);
#1079=LINE('',#6935,#1491);
#1080=LINE('',#6937,#1492);
#1081=LINE('',#6939,#1493);
#1082=LINE('',#6941,#1494);
#1083=LINE('',#6948,#1495);
#1084=LINE('',#6951,#1496);
#1085=LINE('',#6954,#1497);
#1086=LINE('',#6956,#1498);
#1087=LINE('',#6957,#1499);
#1088=LINE('',#6960,#1500);
#1089=LINE('',#6962,#1501);
#1090=LINE('',#6963,#1502);
#1091=LINE('',#6968,#1503);
#1092=LINE('',#6977,#1504);
#1093=LINE('',#6981,#1505);
#1094=LINE('',#6983,#1506);
#1095=LINE('',#6984,#1507);
#1096=LINE('',#6987,#1508);
#1097=LINE('',#6988,#1509);
#1098=LINE('',#6993,#1510);
#1099=LINE('',#7002,#1511);
#1100=LINE('',#7006,#1512);
#1101=LINE('',#7008,#1513);
#1102=LINE('',#7009,#1514);
#1103=LINE('',#7012,#1515);
#1104=LINE('',#7013,#1516);
#1105=LINE('',#7018,#1517);
#1106=LINE('',#7027,#1518);
#1107=LINE('',#7031,#1519);
#1108=LINE('',#7033,#1520);
#1109=LINE('',#7034,#1521);
#1110=LINE('',#7037,#1522);
#1111=LINE('',#7038,#1523);
#1112=LINE('',#7043,#1524);
#1113=LINE('',#7052,#1525);
#1114=LINE('',#7056,#1526);
#1115=LINE('',#7058,#1527);
#1116=LINE('',#7059,#1528);
#1117=LINE('',#7062,#1529);
#1118=LINE('',#7063,#1530);
#1119=LINE('',#7092,#1531);
#1120=LINE('',#7095,#1532);
#1121=LINE('',#7121,#1533);
#1122=LINE('',#7129,#1534);
#1123=LINE('',#7156,#1535);
#1124=LINE('',#7158,#1536);
#1125=LINE('',#7159,#1537);
#1126=LINE('',#7162,#1538);
#1127=LINE('',#7166,#1539);
#1128=LINE('',#7167,#1540);
#1129=LINE('',#7170,#1541);
#1130=LINE('',#7174,#1542);
#1131=LINE('',#7175,#1543);
#1132=LINE('',#7178,#1544);
#1133=LINE('',#7182,#1545);
#1134=LINE('',#7183,#1546);
#1135=LINE('',#7235,#1547);
#1136=LINE('',#7239,#1548);
#1137=LINE('',#7240,#1549);
#1138=LINE('',#7248,#1550);
#1139=LINE('',#7252,#1551);
#1140=LINE('',#7253,#1552);
#1141=LINE('',#7260,#1553);
#1142=LINE('',#7263,#1554);
#1143=LINE('',#7270,#1555);
#1144=LINE('',#7272,#1556);
#1145=LINE('',#7279,#1557);
#1146=LINE('',#7281,#1558);
#1147=LINE('',#7301,#1559);
#1148=LINE('',#7303,#1560);
#1149=LINE('',#7305,#1561);
#1150=LINE('',#7307,#1562);
#1151=LINE('',#7316,#1563);
#1152=LINE('',#7324,#1564);
#1153=LINE('',#7339,#1565);
#1154=LINE('',#7342,#1566);
#1155=LINE('',#7345,#1567);
#1156=LINE('',#7346,#1568);
#1157=LINE('',#7363,#1569);
#1158=LINE('',#7376,#1570);
#1159=LINE('',#7377,#1571);
#1160=LINE('',#7379,#1572);
#1161=LINE('',#7397,#1573);
#1162=LINE('',#7399,#1574);
#1163=LINE('',#7401,#1575);
#1164=LINE('',#7403,#1576);
#1165=LINE('',#7405,#1577);
#1166=LINE('',#7406,#1578);
#1167=LINE('',#7422,#1579);
#1168=LINE('',#7426,#1580);
#1169=LINE('',#7430,#1581);
#1170=LINE('',#7434,#1582);
#1171=LINE('',#7438,#1583);
#1172=LINE('',#7439,#1584);
#1173=LINE('',#7440,#1585);
#1174=LINE('',#7443,#1586);
#1175=LINE('',#7444,#1587);
#1176=LINE('',#7447,#1588);
#1177=LINE('',#7448,#1589);
#1178=LINE('',#7451,#1590);
#1179=LINE('',#7452,#1591);
#1180=LINE('',#7455,#1592);
#1181=LINE('',#7456,#1593);
#1182=LINE('',#7458,#1594);
#1183=LINE('',#7510,#1595);
#1184=LINE('',#7559,#1596);
#1185=LINE('',#7563,#1597);
#1186=LINE('',#7565,#1598);
#1187=LINE('',#7567,#1599);
#1188=LINE('',#7568,#1600);
#1189=LINE('',#7572,#1601);
#1190=LINE('',#7576,#1602);
#1191=LINE('',#7583,#1603);
#1192=LINE('',#7587,#1604);
#1193=LINE('',#7591,#1605);
#1194=LINE('',#7593,#1606);
#1195=LINE('',#7595,#1607);
#1196=LINE('',#7597,#1608);
#1197=LINE('',#7599,#1609);
#1198=LINE('',#7601,#1610);
#1199=LINE('',#7602,#1611);
#1200=LINE('',#7604,#1612);
#1201=LINE('',#7608,#1613);
#1202=LINE('',#7612,#1614);
#1203=LINE('',#7616,#1615);
#1204=LINE('',#7620,#1616);
#1205=LINE('',#7622,#1617);
#1206=LINE('',#7624,#1618);
#1207=LINE('',#7626,#1619);
#1208=LINE('',#7628,#1620);
#1209=LINE('',#7630,#1621);
#1210=LINE('',#7631,#1622);
#1211=LINE('',#7634,#1623);
#1212=LINE('',#7636,#1624);
#1213=LINE('',#7637,#1625);
#1214=LINE('',#7641,#1626);
#1215=LINE('',#7644,#1627);
#1216=LINE('',#7647,#1628);
#1217=LINE('',#7649,#1629);
#1218=LINE('',#7651,#1630);
#1219=LINE('',#7652,#1631);
#1220=LINE('',#7654,#1632);
#1221=LINE('',#7656,#1633);
#1222=LINE('',#7658,#1634);
#1223=LINE('',#7660,#1635);
#1224=LINE('',#7672,#1636);
#1225=LINE('',#7673,#1637);
#1226=LINE('',#7684,#1638);
#1227=LINE('',#7695,#1639);
#1228=LINE('',#7706,#1640);
#1229=LINE('',#7717,#1641);
#1230=LINE('',#7728,#1642);
#1231=LINE('',#7730,#1643);
#1232=LINE('',#7741,#1644);
#1233=LINE('',#7752,#1645);
#1234=LINE('',#7763,#1646);
#1235=LINE('',#7774,#1647);
#1236=LINE('',#7785,#1648);
#1237=LINE('',#7796,#1649);
#1238=LINE('',#7807,#1650);
#1239=LINE('',#7818,#1651);
#1240=LINE('',#7820,#1652);
#1241=LINE('',#7831,#1653);
#1242=LINE('',#7843,#1654);
#1243=LINE('',#7844,#1655);
#1244=LINE('',#7846,#1656);
#1245=LINE('',#7848,#1657);
#1246=LINE('',#7851,#1658);
#1247=LINE('',#7853,#1659);
#1248=LINE('',#7855,#1660);
#1249=LINE('',#7857,#1661);
#1250=LINE('',#7858,#1662);
#1251=LINE('',#7860,#1663);
#1252=LINE('',#7862,#1664);
#1253=LINE('',#7864,#1665);
#1254=LINE('',#7867,#1666);
#1255=LINE('',#7869,#1667);
#1256=LINE('',#7871,#1668);
#1257=LINE('',#7872,#1669);
#1258=LINE('',#7874,#1670);
#1259=LINE('',#7876,#1671);
#1260=LINE('',#7878,#1672);
#1261=LINE('',#7880,#1673);
#1262=LINE('',#7916,#1674);
#1263=LINE('',#7919,#1675);
#1264=LINE('',#7923,#1676);
#1265=LINE('',#7927,#1677);
#1266=LINE('',#7928,#1678);
#1267=LINE('',#7932,#1679);
#1268=LINE('',#7935,#1680);
#1269=LINE('',#7936,#1681);
#1270=LINE('',#7940,#1682);
#1271=LINE('',#7941,#1683);
#1272=LINE('',#7944,#1684);
#1273=LINE('',#7945,#1685);
#1274=LINE('',#7948,#1686);
#1275=LINE('',#7952,#1687);
#1276=LINE('',#7953,#1688);
#1277=LINE('',#7956,#1689);
#1278=LINE('',#7960,#1690);
#1279=LINE('',#7961,#1691);
#1280=LINE('',#7965,#1692);
#1281=LINE('',#7968,#1693);
#1282=LINE('',#7969,#1694);
#1283=LINE('',#7973,#1695);
#1284=LINE('',#7976,#1696);
#1285=LINE('',#7977,#1697);
#1286=LINE('',#7981,#1698);
#1287=LINE('',#7984,#1699);
#1288=LINE('',#7985,#1700);
#1289=LINE('',#7989,#1701);
#1290=LINE('',#7992,#1702);
#1291=LINE('',#7993,#1703);
#1292=LINE('',#7997,#1704);
#1293=LINE('',#8000,#1705);
#1294=LINE('',#8001,#1706);
#1295=LINE('',#8005,#1707);
#1296=LINE('',#8007,#1708);
#1297=LINE('',#8009,#1709);
#1298=LINE('',#8011,#1710);
#1299=LINE('',#8013,#1711);
#1300=LINE('',#8015,#1712);
#1301=LINE('',#8017,#1713);
#1302=LINE('',#8019,#1714);
#1303=LINE('',#8021,#1715);
#1304=LINE('',#8023,#1716);
#1305=LINE('',#8025,#1717);
#1306=LINE('',#8027,#1718);
#1307=LINE('',#8029,#1719);
#1308=LINE('',#8031,#1720);
#1309=LINE('',#8033,#1721);
#1310=LINE('',#8035,#1722);
#1311=VECTOR('',#4826,2.55);
#1312=VECTOR('',#4831,10.);
#1313=VECTOR('',#4832,10.);
#1314=VECTOR('',#4833,10.);
#1315=VECTOR('',#4834,10.);
#1316=VECTOR('',#4837,10.);
#1317=VECTOR('',#4838,10.);
#1318=VECTOR('',#4839,2.);
#1319=VECTOR('',#4840,10.);
#1320=VECTOR('',#4841,10.);
#1321=VECTOR('',#4842,10.);
#1322=VECTOR('',#4843,10.);
#1323=VECTOR('',#4844,10.);
#1324=VECTOR('',#4845,10.);
#1325=VECTOR('',#4846,10.);
#1326=VECTOR('',#4851,2.35);
#1327=VECTOR('',#4860,2.55000000000001);
#1328=VECTOR('',#4863,2.35000000000001);
#1329=VECTOR('',#4868,10.);
#1330=VECTOR('',#4869,10.);
#1331=VECTOR('',#4870,10.);
#1332=VECTOR('',#4871,10.);
#1333=VECTOR('',#4874,10.);
#1334=VECTOR('',#4875,10.);
#1335=VECTOR('',#4876,10.);
#1336=VECTOR('',#4877,10.);
#1337=VECTOR('',#4880,10.);
#1338=VECTOR('',#4881,10.);
#1339=VECTOR('',#4882,10.);
#1340=VECTOR('',#4883,10.);
#1341=VECTOR('',#4886,10.);
#1342=VECTOR('',#4887,10.);
#1343=VECTOR('',#4888,10.);
#1344=VECTOR('',#4889,10.);
#1345=VECTOR('',#4912,10.);
#1346=VECTOR('',#4913,10.);
#1347=VECTOR('',#4918,10.);
#1348=VECTOR('',#4927,10.);
#1349=VECTOR('',#4932,10.);
#1350=VECTOR('',#4935,10.);
#1351=VECTOR('',#4936,10.);
#1352=VECTOR('',#4939,10.);
#1353=VECTOR('',#4944,10.);
#1354=VECTOR('',#4947,10.);
#1355=VECTOR('',#4950,10.);
#1356=VECTOR('',#4951,10.);
#1357=VECTOR('',#4952,10.);
#1358=VECTOR('',#4953,10.);
#1359=VECTOR('',#4954,10.);
#1360=VECTOR('',#4955,10.);
#1361=VECTOR('',#4956,10.);
#1362=VECTOR('',#4957,10.);
#1363=VECTOR('',#4958,10.);
#1364=VECTOR('',#4959,10.);
#1365=VECTOR('',#4960,10.);
#1366=VECTOR('',#4961,10.);
#1367=VECTOR('',#4962,10.);
#1368=VECTOR('',#4967,10.);
#1369=VECTOR('',#4968,10.);
#1370=VECTOR('',#4971,10.);
#1371=VECTOR('',#4972,10.);
#1372=VECTOR('',#4973,10.);
#1373=VECTOR('',#4980,10.);
#1374=VECTOR('',#4983,10.);
#1375=VECTOR('',#4986,10.);
#1376=VECTOR('',#4989,10.);
#1377=VECTOR('',#4992,10.);
#1378=VECTOR('',#4995,10.);
#1379=VECTOR('',#4998,10.);
#1380=VECTOR('',#5001,10.);
#1381=VECTOR('',#5004,10.);
#1382=VECTOR('',#5007,10.);
#1383=VECTOR('',#5014,10.);
#1384=VECTOR('',#5015,10.);
#1385=VECTOR('',#5016,10.);
#1386=VECTOR('',#5017,10.);
#1387=VECTOR('',#5018,10.);
#1388=VECTOR('',#5019,10.);
#1389=VECTOR('',#5020,10.);
#1390=VECTOR('',#5021,10.);
#1391=VECTOR('',#5022,10.);
#1392=VECTOR('',#5023,10.);
#1393=VECTOR('',#5024,10.);
#1394=VECTOR('',#5025,10.);
#1395=VECTOR('',#5028,10.);
#1396=VECTOR('',#5029,10.);
#1397=VECTOR('',#5038,12.4331026165852);
#1398=VECTOR('',#5039,12.4331026165852);
#1399=VECTOR('',#5052,10.);
#1400=VECTOR('',#5055,10.);
#1401=VECTOR('',#5056,10.);
#1402=VECTOR('',#5059,10.);
#1403=VECTOR('',#5060,10.);
#1404=VECTOR('',#5071,10.);
#1405=VECTOR('',#5074,10.);
#1406=VECTOR('',#5077,10.);
#1407=VECTOR('',#5080,10.);
#1408=VECTOR('',#5083,10.);
#1409=VECTOR('',#5086,10.);
#1410=VECTOR('',#5089,10.);
#1411=VECTOR('',#5092,10.);
#1412=VECTOR('',#5095,10.);
#1413=VECTOR('',#5096,10.);
#1414=VECTOR('',#5099,10.);
#1415=VECTOR('',#5104,10.);
#1416=VECTOR('',#5105,10.);
#1417=VECTOR('',#5106,10.);
#1418=VECTOR('',#5107,10.);
#1419=VECTOR('',#5108,10.);
#1420=VECTOR('',#5111,10.);
#1421=VECTOR('',#5112,10.);
#1422=VECTOR('',#5113,10.);
#1423=VECTOR('',#5114,10.);
#1424=VECTOR('',#5115,10.);
#1425=VECTOR('',#5120,10.);
#1426=VECTOR('',#5121,10.);
#1427=VECTOR('',#5126,10.);
#1428=VECTOR('',#5129,10.);
#1429=VECTOR('',#5132,10.);
#1430=VECTOR('',#5133,10.);
#1431=VECTOR('',#5134,10.);
#1432=VECTOR('',#5137,10.);
#1433=VECTOR('',#5138,10.);
#1434=VECTOR('',#5139,10.);
#1435=VECTOR('',#5144,10.);
#1436=VECTOR('',#5147,10.);
#1437=VECTOR('',#5152,10.);
#1438=VECTOR('',#5153,10.);
#1439=VECTOR('',#5154,10.);
#1440=VECTOR('',#5157,10.);
#1441=VECTOR('',#5158,10.);
#1442=VECTOR('',#5163,10.);
#1443=VECTOR('',#5166,10.);
#1444=VECTOR('',#5171,10.);
#1445=VECTOR('',#5172,10.);
#1446=VECTOR('',#5173,10.);
#1447=VECTOR('',#5176,10.);
#1448=VECTOR('',#5177,10.);
#1449=VECTOR('',#5182,10.);
#1450=VECTOR('',#5185,10.);
#1451=VECTOR('',#5190,10.);
#1452=VECTOR('',#5191,10.);
#1453=VECTOR('',#5192,10.);
#1454=VECTOR('',#5195,10.);
#1455=VECTOR('',#5196,10.);
#1456=VECTOR('',#5201,10.);
#1457=VECTOR('',#5204,10.);
#1458=VECTOR('',#5209,10.);
#1459=VECTOR('',#5210,10.);
#1460=VECTOR('',#5211,10.);
#1461=VECTOR('',#5214,10.);
#1462=VECTOR('',#5215,10.);
#1463=VECTOR('',#5224,10.);
#1464=VECTOR('',#5229,10.);
#1465=VECTOR('',#5230,10.);
#1466=VECTOR('',#5231,10.);
#1467=VECTOR('',#5238,0.4);
#1468=VECTOR('',#5239,10.);
#1469=VECTOR('',#5240,10.);
#1470=VECTOR('',#5243,10.);
#1471=VECTOR('',#5248,10.);
#1472=VECTOR('',#5249,10.);
#1473=VECTOR('',#5252,10.);
#1474=VECTOR('',#5257,0.4);
#1475=VECTOR('',#5258,10.);
#1476=VECTOR('',#5261,0.4);
#1477=VECTOR('',#5266,0.4);
#1478=VECTOR('',#5267,10.);
#1479=VECTOR('',#5268,10.);
#1480=VECTOR('',#5273,10.);
#1481=VECTOR('',#5274,10.);
#1482=VECTOR('',#5275,10.);
#1483=VECTOR('',#5280,10.);
#1484=VECTOR('',#5281,10.);
#1485=VECTOR('',#5282,10.);
#1486=VECTOR('',#5287,10.);
#1487=VECTOR('',#5288,10.);
#1488=VECTOR('',#5291,10.);
#1489=VECTOR('',#5292,10.);
#1490=VECTOR('',#5295,10.);
#1491=VECTOR('',#5298,0.4);
#1492=VECTOR('',#5301,10.);
#1493=VECTOR('',#5304,10.);
#1494=VECTOR('',#5307,10.);
#1495=VECTOR('',#5314,10.);
#1496=VECTOR('',#5317,10.);
#1497=VECTOR('',#5320,10.);
#1498=VECTOR('',#5321,10.);
#1499=VECTOR('',#5322,10.);
#1500=VECTOR('',#5325,10.);
#1501=VECTOR('',#5326,10.);
#1502=VECTOR('',#5327,10.);
#1503=VECTOR('',#5332,10.);
#1504=VECTOR('',#5335,10.);
#1505=VECTOR('',#5340,10.);
#1506=VECTOR('',#5341,10.);
#1507=VECTOR('',#5342,10.);
#1508=VECTOR('',#5345,10.);
#1509=VECTOR('',#5346,10.);
#1510=VECTOR('',#5351,10.);
#1511=VECTOR('',#5354,10.);
#1512=VECTOR('',#5359,10.);
#1513=VECTOR('',#5360,10.);
#1514=VECTOR('',#5361,10.);
#1515=VECTOR('',#5364,10.);
#1516=VECTOR('',#5365,10.);
#1517=VECTOR('',#5370,10.);
#1518=VECTOR('',#5373,10.);
#1519=VECTOR('',#5378,10.);
#1520=VECTOR('',#5379,10.);
#1521=VECTOR('',#5380,10.);
#1522=VECTOR('',#5383,10.);
#1523=VECTOR('',#5384,10.);
#1524=VECTOR('',#5389,10.);
#1525=VECTOR('',#5392,10.);
#1526=VECTOR('',#5397,10.);
#1527=VECTOR('',#5398,10.);
#1528=VECTOR('',#5399,10.);
#1529=VECTOR('',#5402,10.);
#1530=VECTOR('',#5403,10.);
#1531=VECTOR('',#5412,10.);
#1532=VECTOR('',#5417,10.);
#1533=VECTOR('',#5418,10.);
#1534=VECTOR('',#5419,10.);
#1535=VECTOR('',#5426,0.4);
#1536=VECTOR('',#5427,10.);
#1537=VECTOR('',#5428,10.);
#1538=VECTOR('',#5431,10.);
#1539=VECTOR('',#5436,10.);
#1540=VECTOR('',#5437,10.);
#1541=VECTOR('',#5440,10.);
#1542=VECTOR('',#5445,0.4);
#1543=VECTOR('',#5446,10.);
#1544=VECTOR('',#5449,0.4);
#1545=VECTOR('',#5454,0.4);
#1546=VECTOR('',#5455,10.);
#1547=VECTOR('',#5456,10.);
#1548=VECTOR('',#5461,10.);
#1549=VECTOR('',#5462,10.);
#1550=VECTOR('',#5463,10.);
#1551=VECTOR('',#5468,10.);
#1552=VECTOR('',#5469,10.);
#1553=VECTOR('',#5470,10.);
#1554=VECTOR('',#5475,10.);
#1555=VECTOR('',#5476,10.);
#1556=VECTOR('',#5479,10.);
#1557=VECTOR('',#5480,10.);
#1558=VECTOR('',#5483,10.);
#1559=VECTOR('',#5486,0.4);
#1560=VECTOR('',#5489,10.);
#1561=VECTOR('',#5492,10.);
#1562=VECTOR('',#5495,10.);
#1563=VECTOR('',#5500,10.);
#1564=VECTOR('',#5503,10.);
#1565=VECTOR('',#5514,10.);
#1566=VECTOR('',#5517,10.);
#1567=VECTOR('',#5520,10.);
#1568=VECTOR('',#5521,10.);
#1569=VECTOR('',#5530,10.);
#1570=VECTOR('',#5537,10.);
#1571=VECTOR('',#5538,10.);
#1572=VECTOR('',#5541,10.);
#1573=VECTOR('',#5564,10.);
#1574=VECTOR('',#5565,10.);
#1575=VECTOR('',#5566,10.);
#1576=VECTOR('',#5567,10.);
#1577=VECTOR('',#5568,10.);
#1578=VECTOR('',#5569,10.);
#1579=VECTOR('',#5590,2.35);
#1580=VECTOR('',#5595,2.35);
#1581=VECTOR('',#5600,2.34999999999999);
#1582=VECTOR('',#5605,2.34999999999999);
#1583=VECTOR('',#5608,10.);
#1584=VECTOR('',#5609,10.);
#1585=VECTOR('',#5610,10.);
#1586=VECTOR('',#5613,10.);
#1587=VECTOR('',#5614,10.);
#1588=VECTOR('',#5617,10.);
#1589=VECTOR('',#5618,10.);
#1590=VECTOR('',#5621,10.);
#1591=VECTOR('',#5622,10.);
#1592=VECTOR('',#5625,10.);
#1593=VECTOR('',#5626,10.);
#1594=VECTOR('',#5629,10.);
#1595=VECTOR('',#5632,10.);
#1596=VECTOR('',#5633,10.);
#1597=VECTOR('',#5636,10.);
#1598=VECTOR('',#5637,10.);
#1599=VECTOR('',#5638,10.);
#1600=VECTOR('',#5639,10.);
#1601=VECTOR('',#5644,2.35);
#1602=VECTOR('',#5649,2.35);
#1603=VECTOR('',#5660,2.35);
#1604=VECTOR('',#5665,2.35);
#1605=VECTOR('',#5670,10.);
#1606=VECTOR('',#5671,10.);
#1607=VECTOR('',#5672,10.);
#1608=VECTOR('',#5673,10.);
#1609=VECTOR('',#5674,10.);
#1610=VECTOR('',#5675,10.);
#1611=VECTOR('',#5676,10.);
#1612=VECTOR('',#5677,10.);
#1613=VECTOR('',#5680,10.);
#1614=VECTOR('',#5683,10.);
#1615=VECTOR('',#5686,10.);
#1616=VECTOR('',#5689,10.);
#1617=VECTOR('',#5690,10.);
#1618=VECTOR('',#5691,10.);
#1619=VECTOR('',#5692,10.);
#1620=VECTOR('',#5693,10.);
#1621=VECTOR('',#5694,10.);
#1622=VECTOR('',#5695,10.);
#1623=VECTOR('',#5698,10.);
#1624=VECTOR('',#5699,10.);
#1625=VECTOR('',#5700,10.);
#1626=VECTOR('',#5705,10.);
#1627=VECTOR('',#5708,10.);
#1628=VECTOR('',#5713,2.54999999999999);
#1629=VECTOR('',#5716,2.54999999999999);
#1630=VECTOR('',#5719,10.);
#1631=VECTOR('',#5720,10.);
#1632=VECTOR('',#5723,10.);
#1633=VECTOR('',#5726,10.);
#1634=VECTOR('',#5729,10.);
#1635=VECTOR('',#5732,10.);
#1636=VECTOR('',#5735,10.);
#1637=VECTOR('',#5736,10.);
#1638=VECTOR('',#5737,10.);
#1639=VECTOR('',#5738,10.);
#1640=VECTOR('',#5739,10.);
#1641=VECTOR('',#5740,10.);
#1642=VECTOR('',#5741,10.);
#1643=VECTOR('',#5744,10.);
#1644=VECTOR('',#5745,10.);
#1645=VECTOR('',#5746,10.);
#1646=VECTOR('',#5747,10.);
#1647=VECTOR('',#5748,10.);
#1648=VECTOR('',#5749,10.);
#1649=VECTOR('',#5750,10.);
#1650=VECTOR('',#5751,10.);
#1651=VECTOR('',#5752,10.);
#1652=VECTOR('',#5755,10.);
#1653=VECTOR('',#5756,10.);
#1654=VECTOR('',#5759,10.);
#1655=VECTOR('',#5760,10.);
#1656=VECTOR('',#5763,10.);
#1657=VECTOR('',#5766,10.);
#1658=VECTOR('',#5771,2.45);
#1659=VECTOR('',#5774,2.45);
#1660=VECTOR('',#5777,10.);
#1661=VECTOR('',#5780,10.);
#1662=VECTOR('',#5781,10.);
#1663=VECTOR('',#5784,10.);
#1664=VECTOR('',#5787,10.);
#1665=VECTOR('',#5790,10.);
#1666=VECTOR('',#5795,10.);
#1667=VECTOR('',#5798,10.);
#1668=VECTOR('',#5799,10.);
#1669=VECTOR('',#5800,10.);
#1670=VECTOR('',#5803,10.);
#1671=VECTOR('',#5806,10.);
#1672=VECTOR('',#5809,10.);
#1673=VECTOR('',#5812,10.);
#1674=VECTOR('',#5821,10.);
#1675=VECTOR('',#5824,2.45);
#1676=VECTOR('',#5829,2.45);
#1677=VECTOR('',#5834,10.);
#1678=VECTOR('',#5835,10.);
#1679=VECTOR('',#5840,10.);
#1680=VECTOR('',#5843,10.);
#1681=VECTOR('',#5844,10.);
#1682=VECTOR('',#5851,10.);
#1683=VECTOR('',#5852,10.);
#1684=VECTOR('',#5855,10.);
#1685=VECTOR('',#5856,10.);
#1686=VECTOR('',#5859,2.);
#1687=VECTOR('',#5864,10.);
#1688=VECTOR('',#5865,10.);
#1689=VECTOR('',#5868,10.);
#1690=VECTOR('',#5873,10.);
#1691=VECTOR('',#5874,10.);
#1692=VECTOR('',#5879,10.);
#1693=VECTOR('',#5882,10.);
#1694=VECTOR('',#5883,10.);
#1695=VECTOR('',#5888,10.);
#1696=VECTOR('',#5891,10.);
#1697=VECTOR('',#5892,10.);
#1698=VECTOR('',#5897,10.);
#1699=VECTOR('',#5900,10.);
#1700=VECTOR('',#5901,10.);
#1701=VECTOR('',#5906,10.);
#1702=VECTOR('',#5909,10.);
#1703=VECTOR('',#5910,10.);
#1704=VECTOR('',#5915,1.);
#1705=VECTOR('',#5918,10.);
#1706=VECTOR('',#5919,10.);
#1707=VECTOR('',#5926,10.);
#1708=VECTOR('',#5929,10.);
#1709=VECTOR('',#5932,10.);
#1710=VECTOR('',#5935,10.);
#1711=VECTOR('',#5938,10.);
#1712=VECTOR('',#5941,10.);
#1713=VECTOR('',#5944,10.);
#1714=VECTOR('',#5947,10.);
#1715=VECTOR('',#5950,10.);
#1716=VECTOR('',#5953,10.);
#1717=VECTOR('',#5956,10.);
#1718=VECTOR('',#5959,10.);
#1719=VECTOR('',#5962,10.);
#1720=VECTOR('',#5965,10.);
#1721=VECTOR('',#5968,10.);
#1722=VECTOR('',#5971,10.);
#1723=CIRCLE('',#4448,2.35);
#1724=CIRCLE('',#4449,2.35);
#1725=CIRCLE('',#4450,2.75000000000001);
#1726=CIRCLE('',#4453,2.75000000000002);
#1727=CIRCLE('',#4455,2.35);
#1728=CIRCLE('',#4457,2.35000000000001);
#1729=CIRCLE('',#4458,2.35000000000001);
#1730=CIRCLE('',#4460,2.35000000000001);
#1731=CIRCLE('',#4466,8.);
#1732=CIRCLE('',#4467,1.99999999999999);
#1733=CIRCLE('',#4468,6.00000000000001);
#1734=CIRCLE('',#4469,2.00000000000001);
#1735=CIRCLE('',#4471,2.);
#1736=CIRCLE('',#4472,6.);
#1737=CIRCLE('',#4473,1.99999999999999);
#1738=CIRCLE('',#4474,8.);
#1739=CIRCLE('',#4477,1.99999999999999);
#1740=CIRCLE('',#4478,2.);
#1741=CIRCLE('',#4481,2.);
#1742=CIRCLE('',#4486,1.99999999999999);
#1743=CIRCLE('',#4488,8.);
#1744=CIRCLE('',#4491,2.);
#1745=CIRCLE('',#4493,2.55);
#1746=CIRCLE('',#4494,2.55);
#1747=CIRCLE('',#4496,2.);
#1748=CIRCLE('',#4497,2.);
#1749=CIRCLE('',#4498,2.);
#1750=CIRCLE('',#4499,2.);
#1751=CIRCLE('',#4500,1.);
#1752=CIRCLE('',#4501,1.);
#1753=CIRCLE('',#4502,10.);
#1754=CIRCLE('',#4503,10.);
#1755=CIRCLE('',#4504,1.);
#1756=CIRCLE('',#4505,1.);
#1757=CIRCLE('',#4506,2.74999999999999);
#1758=CIRCLE('',#4507,2.74999999999999);
#1759=CIRCLE('',#4510,8.);
#1760=CIRCLE('',#4511,8.);
#1761=CIRCLE('',#4514,8.);
#1762=CIRCLE('',#4523,2.);
#1763=CIRCLE('',#4525,1.39999999999999);
#1764=CIRCLE('',#4526,0.600000000000008);
#1765=CIRCLE('',#4527,9.59999999999999);
#1766=CIRCLE('',#4528,9.59999999999999);
#1767=CIRCLE('',#4529,0.600000000000008);
#1768=CIRCLE('',#4530,1.39999999999999);
#1769=CIRCLE('',#4531,1.60000000000001);
#1770=CIRCLE('',#4532,1.60000000000001);
#1771=CIRCLE('',#4533,8.40000000000001);
#1772=CIRCLE('',#4534,10.6249999920473);
#1773=CIRCLE('',#4535,13.6250000079527);
#1774=CIRCLE('',#4536,0.800419717831207);
#1775=CIRCLE('',#4537,0.800419717831207);
#1776=CIRCLE('',#4541,0.700269837376912);
#1777=CIRCLE('',#4542,0.700269837376961);
#1778=CIRCLE('',#4546,0.700269837376909);
#1779=CIRCLE('',#4547,0.700269837376959);
#1780=CIRCLE('',#4548,0.400000000000238);
#1781=CIRCLE('',#4552,0.700269837376907);
#1782=CIRCLE('',#4553,0.700269837376957);
#1783=CIRCLE('',#4554,0.400000000000237);
#1784=CIRCLE('',#4558,0.700269837376823);
#1785=CIRCLE('',#4559,0.700269837376874);
#1786=CIRCLE('',#4560,0.400000000000148);
#1787=CIRCLE('',#4564,0.700269837376806);
#1788=CIRCLE('',#4565,0.700269837376857);
#1789=CIRCLE('',#4566,0.400000000000138);
#1790=CIRCLE('',#4569,0.400000000000144);
#1791=CIRCLE('',#4570,0.700269837376867);
#1792=CIRCLE('',#4572,0.700269837376817);
#1793=CIRCLE('',#4576,0.400000000000237);
#1794=CIRCLE('',#4579,0.400000000000235);
#1795=CIRCLE('',#4582,0.400000000000235);
#1796=CIRCLE('',#4585,0.400000000000234);
#1797=CIRCLE('',#4587,0.400000000000141);
#1798=CIRCLE('',#4589,0.400000000000137);
#1799=CIRCLE('',#4591,0.400000000000147);
#1800=CIRCLE('',#4601,0.700269837376912);
#1801=CIRCLE('',#4602,0.700269837376961);
#1802=CIRCLE('',#4606,0.700269837376909);
#1803=CIRCLE('',#4607,0.700269837376959);
#1804=CIRCLE('',#4608,0.400000000000238);
#1805=CIRCLE('',#4612,0.700269837376907);
#1806=CIRCLE('',#4613,0.700269837376957);
#1807=CIRCLE('',#4614,0.400000000000237);
#1808=CIRCLE('',#4618,0.700269837376823);
#1809=CIRCLE('',#4619,0.700269837376874);
#1810=CIRCLE('',#4620,0.400000000000148);
#1811=CIRCLE('',#4624,0.700269837376806);
#1812=CIRCLE('',#4625,0.700269837376857);
#1813=CIRCLE('',#4626,0.400000000000138);
#1814=CIRCLE('',#4629,0.400000000000144);
#1815=CIRCLE('',#4630,0.700269837376867);
#1816=CIRCLE('',#4632,0.700269837376817);
#1817=CIRCLE('',#4636,0.400000000000237);
#1818=CIRCLE('',#4639,0.400000000000235);
#1819=CIRCLE('',#4642,0.400000000000235);
#1820=CIRCLE('',#4645,0.400000000000234);
#1821=CIRCLE('',#4647,0.400000000000141);
#1822=CIRCLE('',#4649,0.400000000000137);
#1823=CIRCLE('',#4651,0.400000000000147);
#1824=CIRCLE('',#4663,13.125);
#1825=CIRCLE('',#4665,11.125);
#1826=CIRCLE('',#4667,13.125);
#1827=CIRCLE('',#4670,11.625);
#1828=CIRCLE('',#4671,11.125);
#1829=CIRCLE('',#4674,12.625);
#1830=CIRCLE('',#4680,2.35);
#1831=CIRCLE('',#4682,2.35);
#1832=CIRCLE('',#4684,2.34999999999999);
#1833=CIRCLE('',#4686,2.34999999999999);
#1834=CIRCLE('',#4689,2.35);
#1835=CIRCLE('',#4691,2.35);
#1836=CIRCLE('',#4693,2.35);
#1837=CIRCLE('',#4695,2.35);
#1838=CIRCLE('',#4697,2.35);
#1839=CIRCLE('',#4699,2.35);
#1840=CIRCLE('',#4701,2.34999999999999);
#1841=CIRCLE('',#4703,2.34999999999999);
#1842=CIRCLE('',#4713,2.35);
#1843=CIRCLE('',#4715,2.35);
#1844=CIRCLE('',#4721,2.35);
#1845=CIRCLE('',#4723,2.35);
#1846=CIRCLE('',#4725,2.);
#1847=CIRCLE('',#4726,2.);
#1848=CIRCLE('',#4727,2.);
#1849=CIRCLE('',#4728,2.);
#1850=CIRCLE('',#4731,2.);
#1851=CIRCLE('',#4733,2.);
#1852=CIRCLE('',#4764,2.);
#1853=CIRCLE('',#4767,2.55);
#1854=CIRCLE('',#4769,2.55);
#1855=CIRCLE('',#4772,2.);
#1856=CIRCLE('',#4775,2.);
#1857=CIRCLE('',#4779,2.);
#1858=CIRCLE('',#4782,2.);
#1859=CIRCLE('',#4785,1.);
#1860=CIRCLE('',#4788,1.);
#1861=CIRCLE('',#4791,10.);
#1862=CIRCLE('',#4794,10.);
#1863=CIRCLE('',#4797,1.);
#1864=CIRCLE('',#4800,1.);
#1865=VERTEX_POINT('',#5976);
#1866=VERTEX_POINT('',#5977);
#1867=VERTEX_POINT('',#5980);
#1868=VERTEX_POINT('',#5984);
#1869=VERTEX_POINT('',#5985);
#1870=VERTEX_POINT('',#5987);
#1871=VERTEX_POINT('',#5989);
#1872=VERTEX_POINT('',#5991);
#1873=VERTEX_POINT('',#5993);
#1874=VERTEX_POINT('',#5995);
#1875=VERTEX_POINT('',#5997);
#1876=VERTEX_POINT('',#5999);
#1877=VERTEX_POINT('',#6001);
#1878=VERTEX_POINT('',#6003);
#1879=VERTEX_POINT('',#6005);
#1880=VERTEX_POINT('',#6007);
#1881=VERTEX_POINT('',#6009);
#1882=VERTEX_POINT('',#6011);
#1883=VERTEX_POINT('',#6014);
#1884=VERTEX_POINT('',#6017);
#1885=VERTEX_POINT('',#6021);
#1886=VERTEX_POINT('',#6022);
#1887=VERTEX_POINT('',#6027);
#1888=VERTEX_POINT('',#6031);
#1889=VERTEX_POINT('',#6032);
#1890=VERTEX_POINT('',#6034);
#1891=VERTEX_POINT('',#6036);
#1892=VERTEX_POINT('',#6041);
#1893=VERTEX_POINT('',#6043);
#1894=VERTEX_POINT('',#6047);
#1895=VERTEX_POINT('',#6048);
#1896=VERTEX_POINT('',#6050);
#1897=VERTEX_POINT('',#6052);
#1898=VERTEX_POINT('',#6057);
#1899=VERTEX_POINT('',#6059);
#1900=VERTEX_POINT('',#6063);
#1901=VERTEX_POINT('',#6065);
#1902=VERTEX_POINT('',#6067);
#1903=VERTEX_POINT('',#6071);
#1904=VERTEX_POINT('',#6072);
#1905=VERTEX_POINT('',#6074);
#1906=VERTEX_POINT('',#6076);
#1907=VERTEX_POINT('',#6083);
#1908=VERTEX_POINT('',#6116);
#1909=VERTEX_POINT('',#6120);
#1910=VERTEX_POINT('',#6124);
#1911=VERTEX_POINT('',#6128);
#1912=VERTEX_POINT('',#6132);
#1913=VERTEX_POINT('',#6136);
#1914=VERTEX_POINT('',#6138);
#1915=VERTEX_POINT('',#6142);
#1916=VERTEX_POINT('',#6144);
#1917=VERTEX_POINT('',#6146);
#1918=VERTEX_POINT('',#6148);
#1919=VERTEX_POINT('',#6150);
#1920=VERTEX_POINT('',#6152);
#1921=VERTEX_POINT('',#6154);
#1922=VERTEX_POINT('',#6156);
#1923=VERTEX_POINT('',#6158);
#1924=VERTEX_POINT('',#6160);
#1925=VERTEX_POINT('',#6162);
#1926=VERTEX_POINT('',#6164);
#1927=VERTEX_POINT('',#6168);
#1928=VERTEX_POINT('',#6169);
#1929=VERTEX_POINT('',#6171);
#1930=VERTEX_POINT('',#6173);
#1931=VERTEX_POINT('',#6216);
#1932=VERTEX_POINT('',#6217);
#1933=VERTEX_POINT('',#6240);
#1934=VERTEX_POINT('',#6242);
#1935=VERTEX_POINT('',#6245);
#1936=VERTEX_POINT('',#6247);
#1937=VERTEX_POINT('',#6250);
#1938=VERTEX_POINT('',#6253);
#1939=VERTEX_POINT('',#6255);
#1940=VERTEX_POINT('',#6257);
#1941=VERTEX_POINT('',#6259);
#1942=VERTEX_POINT('',#6261);
#1943=VERTEX_POINT('',#6263);
#1944=VERTEX_POINT('',#6265);
#1945=VERTEX_POINT('',#6267);
#1946=VERTEX_POINT('',#6269);
#1947=VERTEX_POINT('',#6271);
#1948=VERTEX_POINT('',#6273);
#1949=VERTEX_POINT('',#6275);
#1950=VERTEX_POINT('',#6277);
#1951=VERTEX_POINT('',#6279);
#1952=VERTEX_POINT('',#6281);
#1953=VERTEX_POINT('',#6283);
#1954=VERTEX_POINT('',#6285);
#1955=VERTEX_POINT('',#6288);
#1956=VERTEX_POINT('',#6290);
#1957=VERTEX_POINT('',#6292);
#1958=VERTEX_POINT('',#6293);
#1959=VERTEX_POINT('',#6295);
#1960=VERTEX_POINT('',#6297);
#1961=VERTEX_POINT('',#6299);
#1962=VERTEX_POINT('',#6301);
#1963=VERTEX_POINT('',#6304);
#1964=VERTEX_POINT('',#6305);
#1965=VERTEX_POINT('',#6311);
#1966=VERTEX_POINT('',#6317);
#1967=VERTEX_POINT('',#6319);
#1968=VERTEX_POINT('',#6325);
#1969=VERTEX_POINT('',#6331);
#1970=VERTEX_POINT('',#6337);
#1971=VERTEX_POINT('',#6343);
#1972=VERTEX_POINT('',#6349);
#1973=VERTEX_POINT('',#6355);
#1974=VERTEX_POINT('',#6361);
#1975=VERTEX_POINT('',#6367);
#1976=VERTEX_POINT('',#6369);
#1977=VERTEX_POINT('',#6375);
#1978=VERTEX_POINT('',#6381);
#1979=VERTEX_POINT('',#6387);
#1980=VERTEX_POINT('',#6393);
#1981=VERTEX_POINT('',#6404);
#1982=VERTEX_POINT('',#6405);
#1983=VERTEX_POINT('',#6407);
#1984=VERTEX_POINT('',#6409);
#1985=VERTEX_POINT('',#6413);
#1986=VERTEX_POINT('',#6420);
#1987=VERTEX_POINT('',#6421);
#1988=VERTEX_POINT('',#6423);
#1989=VERTEX_POINT('',#6427);
#1990=VERTEX_POINT('',#6440);
#1991=VERTEX_POINT('',#6444);
#1992=VERTEX_POINT('',#6448);
#1993=VERTEX_POINT('',#6452);
#1994=VERTEX_POINT('',#6456);
#1995=VERTEX_POINT('',#6458);
#1996=VERTEX_POINT('',#6460);
#1997=VERTEX_POINT('',#6462);
#1998=VERTEX_POINT('',#6464);
#1999=VERTEX_POINT('',#6466);
#2000=VERTEX_POINT('',#6468);
#2001=VERTEX_POINT('',#6470);
#2002=VERTEX_POINT('',#6472);
#2003=VERTEX_POINT('',#6474);
#2004=VERTEX_POINT('',#6476);
#2005=VERTEX_POINT('',#6478);
#2006=VERTEX_POINT('',#6480);
#2007=VERTEX_POINT('',#6482);
#2008=VERTEX_POINT('',#6484);
#2009=VERTEX_POINT('',#6486);
#2010=VERTEX_POINT('',#6490);
#2011=VERTEX_POINT('',#6491);
#2012=VERTEX_POINT('',#6493);
#2013=VERTEX_POINT('',#6495);
#2014=VERTEX_POINT('',#6498);
#2015=VERTEX_POINT('',#6499);
#2016=VERTEX_POINT('',#6502);
#2017=VERTEX_POINT('',#6504);
#2018=VERTEX_POINT('',#6506);
#2019=VERTEX_POINT('',#6510);
#2020=VERTEX_POINT('',#6512);
#2021=VERTEX_POINT('',#6516);
#2022=VERTEX_POINT('',#6518);
#2023=VERTEX_POINT('',#6522);
#2024=VERTEX_POINT('',#6524);
#2025=VERTEX_POINT('',#6528);
#2026=VERTEX_POINT('',#6535);
#2027=VERTEX_POINT('',#6536);
#2028=VERTEX_POINT('',#6539);
#2029=VERTEX_POINT('',#6541);
#2030=VERTEX_POINT('',#6543);
#2031=VERTEX_POINT('',#6547);
#2032=VERTEX_POINT('',#6549);
#2033=VERTEX_POINT('',#6553);
#2034=VERTEX_POINT('',#6555);
#2035=VERTEX_POINT('',#6559);
#2036=VERTEX_POINT('',#6561);
#2037=VERTEX_POINT('',#6565);
#2038=VERTEX_POINT('',#6574);
#2039=VERTEX_POINT('',#6578);
#2040=VERTEX_POINT('',#6579);
#2041=VERTEX_POINT('',#6581);
#2042=VERTEX_POINT('',#6583);
#2043=VERTEX_POINT('',#6587);
#2044=VERTEX_POINT('',#6589);
#2045=VERTEX_POINT('',#6593);
#2046=VERTEX_POINT('',#6595);
#2047=VERTEX_POINT('',#6599);
#2048=VERTEX_POINT('',#6601);
#2049=VERTEX_POINT('',#6610);
#2050=VERTEX_POINT('',#6614);
#2051=VERTEX_POINT('',#6616);
#2052=VERTEX_POINT('',#6620);
#2053=VERTEX_POINT('',#6624);
#2054=VERTEX_POINT('',#6626);
#2055=VERTEX_POINT('',#6635);
#2056=VERTEX_POINT('',#6639);
#2057=VERTEX_POINT('',#6641);
#2058=VERTEX_POINT('',#6645);
#2059=VERTEX_POINT('',#6649);
#2060=VERTEX_POINT('',#6651);
#2061=VERTEX_POINT('',#6660);
#2062=VERTEX_POINT('',#6664);
#2063=VERTEX_POINT('',#6666);
#2064=VERTEX_POINT('',#6670);
#2065=VERTEX_POINT('',#6674);
#2066=VERTEX_POINT('',#6676);
#2067=VERTEX_POINT('',#6685);
#2068=VERTEX_POINT('',#6689);
#2069=VERTEX_POINT('',#6691);
#2070=VERTEX_POINT('',#6695);
#2071=VERTEX_POINT('',#6712);
#2072=VERTEX_POINT('',#6713);
#2073=VERTEX_POINT('',#6723);
#2074=VERTEX_POINT('',#6725);
#2075=VERTEX_POINT('',#6754);
#2076=VERTEX_POINT('',#6756);
#2077=VERTEX_POINT('',#6789);
#2078=VERTEX_POINT('',#6791);
#2079=VERTEX_POINT('',#6795);
#2080=VERTEX_POINT('',#6799);
#2081=VERTEX_POINT('',#6803);
#2082=VERTEX_POINT('',#6807);
#2083=VERTEX_POINT('',#6811);
#2084=VERTEX_POINT('',#6815);
#2085=VERTEX_POINT('',#6868);
#2086=VERTEX_POINT('',#6872);
#2087=VERTEX_POINT('',#6881);
#2088=VERTEX_POINT('',#6885);
#2089=VERTEX_POINT('',#6944);
#2090=VERTEX_POINT('',#6945);
#2091=VERTEX_POINT('',#6947);
#2092=VERTEX_POINT('',#6949);
#2093=VERTEX_POINT('',#6953);
#2094=VERTEX_POINT('',#6955);
#2095=VERTEX_POINT('',#6959);
#2096=VERTEX_POINT('',#6961);
#2097=VERTEX_POINT('',#6965);
#2098=VERTEX_POINT('',#6967);
#2099=VERTEX_POINT('',#6976);
#2100=VERTEX_POINT('',#6980);
#2101=VERTEX_POINT('',#6982);
#2102=VERTEX_POINT('',#6986);
#2103=VERTEX_POINT('',#6990);
#2104=VERTEX_POINT('',#6992);
#2105=VERTEX_POINT('',#7001);
#2106=VERTEX_POINT('',#7005);
#2107=VERTEX_POINT('',#7007);
#2108=VERTEX_POINT('',#7011);
#2109=VERTEX_POINT('',#7015);
#2110=VERTEX_POINT('',#7017);
#2111=VERTEX_POINT('',#7026);
#2112=VERTEX_POINT('',#7030);
#2113=VERTEX_POINT('',#7032);
#2114=VERTEX_POINT('',#7036);
#2115=VERTEX_POINT('',#7040);
#2116=VERTEX_POINT('',#7042);
#2117=VERTEX_POINT('',#7051);
#2118=VERTEX_POINT('',#7055);
#2119=VERTEX_POINT('',#7057);
#2120=VERTEX_POINT('',#7061);
#2121=VERTEX_POINT('',#7078);
#2122=VERTEX_POINT('',#7079);
#2123=VERTEX_POINT('',#7089);
#2124=VERTEX_POINT('',#7091);
#2125=VERTEX_POINT('',#7120);
#2126=VERTEX_POINT('',#7122);
#2127=VERTEX_POINT('',#7155);
#2128=VERTEX_POINT('',#7157);
#2129=VERTEX_POINT('',#7161);
#2130=VERTEX_POINT('',#7165);
#2131=VERTEX_POINT('',#7169);
#2132=VERTEX_POINT('',#7173);
#2133=VERTEX_POINT('',#7177);
#2134=VERTEX_POINT('',#7181);
#2135=VERTEX_POINT('',#7234);
#2136=VERTEX_POINT('',#7238);
#2137=VERTEX_POINT('',#7247);
#2138=VERTEX_POINT('',#7251);
#2139=VERTEX_POINT('',#7310);
#2140=VERTEX_POINT('',#7315);
#2141=VERTEX_POINT('',#7322);
#2142=VERTEX_POINT('',#7323);
#2143=VERTEX_POINT('',#7338);
#2144=VERTEX_POINT('',#7340);
#2145=VERTEX_POINT('',#7344);
#2146=VERTEX_POINT('',#7348);
#2147=VERTEX_POINT('',#7349);
#2148=VERTEX_POINT('',#7351);
#2149=VERTEX_POINT('',#7362);
#2150=VERTEX_POINT('',#7369);
#2151=VERTEX_POINT('',#7383);
#2152=VERTEX_POINT('',#7386);
#2153=VERTEX_POINT('',#7389);
#2154=VERTEX_POINT('',#7392);
#2155=VERTEX_POINT('',#7395);
#2156=VERTEX_POINT('',#7396);
#2157=VERTEX_POINT('',#7398);
#2158=VERTEX_POINT('',#7400);
#2159=VERTEX_POINT('',#7402);
#2160=VERTEX_POINT('',#7404);
#2161=VERTEX_POINT('',#7408);
#2162=VERTEX_POINT('',#7411);
#2163=VERTEX_POINT('',#7414);
#2164=VERTEX_POINT('',#7417);
#2165=VERTEX_POINT('',#7420);
#2166=VERTEX_POINT('',#7424);
#2167=VERTEX_POINT('',#7428);
#2168=VERTEX_POINT('',#7432);
#2169=VERTEX_POINT('',#7436);
#2170=VERTEX_POINT('',#7437);
#2171=VERTEX_POINT('',#7442);
#2172=VERTEX_POINT('',#7446);
#2173=VERTEX_POINT('',#7450);
#2174=VERTEX_POINT('',#7454);
#2175=VERTEX_POINT('',#7460);
#2176=VERTEX_POINT('',#7461);
#2177=VERTEX_POINT('',#7467);
#2178=VERTEX_POINT('',#7473);
#2179=VERTEX_POINT('',#7479);
#2180=VERTEX_POINT('',#7485);
#2181=VERTEX_POINT('',#7491);
#2182=VERTEX_POINT('',#7497);
#2183=VERTEX_POINT('',#7503);
#2184=VERTEX_POINT('',#7509);
#2185=VERTEX_POINT('',#7511);
#2186=VERTEX_POINT('',#7517);
#2187=VERTEX_POINT('',#7523);
#2188=VERTEX_POINT('',#7529);
#2189=VERTEX_POINT('',#7535);
#2190=VERTEX_POINT('',#7541);
#2191=VERTEX_POINT('',#7547);
#2192=VERTEX_POINT('',#7553);
#2193=VERTEX_POINT('',#7561);
#2194=VERTEX_POINT('',#7562);
#2195=VERTEX_POINT('',#7564);
#2196=VERTEX_POINT('',#7566);
#2197=VERTEX_POINT('',#7570);
#2198=VERTEX_POINT('',#7574);
#2199=VERTEX_POINT('',#7582);
#2200=VERTEX_POINT('',#7586);
#2201=VERTEX_POINT('',#7590);
#2202=VERTEX_POINT('',#7592);
#2203=VERTEX_POINT('',#7594);
#2204=VERTEX_POINT('',#7596);
#2205=VERTEX_POINT('',#7598);
#2206=VERTEX_POINT('',#7600);
#2207=VERTEX_POINT('',#7603);
#2208=VERTEX_POINT('',#7605);
#2209=VERTEX_POINT('',#7607);
#2210=VERTEX_POINT('',#7609);
#2211=VERTEX_POINT('',#7611);
#2212=VERTEX_POINT('',#7613);
#2213=VERTEX_POINT('',#7615);
#2214=VERTEX_POINT('',#7617);
#2215=VERTEX_POINT('',#7619);
#2216=VERTEX_POINT('',#7621);
#2217=VERTEX_POINT('',#7623);
#2218=VERTEX_POINT('',#7625);
#2219=VERTEX_POINT('',#7627);
#2220=VERTEX_POINT('',#7629);
#2221=VERTEX_POINT('',#7633);
#2222=VERTEX_POINT('',#7635);
#2223=VERTEX_POINT('',#7639);
#2224=VERTEX_POINT('',#7643);
#2225=VERTEX_POINT('',#7870);
#2226=VERTEX_POINT('',#7912);
#2227=VERTEX_POINT('',#7918);
#2228=VERTEX_POINT('',#7922);
#2229=VERTEX_POINT('',#7926);
#2230=VERTEX_POINT('',#7930);
#2231=VERTEX_POINT('',#7934);
#2232=VERTEX_POINT('',#7943);
#2233=VERTEX_POINT('',#7947);
#2234=VERTEX_POINT('',#7951);
#2235=VERTEX_POINT('',#7955);
#2236=VERTEX_POINT('',#7959);
#2237=VERTEX_POINT('',#7963);
#2238=VERTEX_POINT('',#7967);
#2239=VERTEX_POINT('',#7971);
#2240=VERTEX_POINT('',#7975);
#2241=VERTEX_POINT('',#7979);
#2242=VERTEX_POINT('',#7983);
#2243=VERTEX_POINT('',#7987);
#2244=VERTEX_POINT('',#7991);
#2245=VERTEX_POINT('',#7995);
#2246=VERTEX_POINT('',#7999);
#2247=EDGE_CURVE('',#1865,#1866,#1723,.T.);
#2248=EDGE_CURVE('',#1866,#1865,#1724,.T.);
#2249=EDGE_CURVE('',#1865,#1867,#899,.T.);
#2250=EDGE_CURVE('',#1867,#1867,#1725,.T.);
#2251=EDGE_CURVE('',#1868,#1869,#900,.T.);
#2252=EDGE_CURVE('',#1868,#1870,#901,.T.);
#2253=EDGE_CURVE('',#1871,#1870,#902,.T.);
#2254=EDGE_CURVE('',#1872,#1871,#903,.T.);
#2255=EDGE_CURVE('',#1873,#1872,#208,.T.);
#2256=EDGE_CURVE('',#1874,#1873,#904,.T.);
#2257=EDGE_CURVE('',#1874,#1875,#905,.T.);
#2258=EDGE_CURVE('',#1875,#1876,#906,.T.);
#2259=EDGE_CURVE('',#1876,#1877,#907,.T.);
#2260=EDGE_CURVE('',#1878,#1877,#908,.T.);
#2261=EDGE_CURVE('',#1878,#1879,#909,.T.);
#2262=EDGE_CURVE('',#1880,#1879,#910,.T.);
#2263=EDGE_CURVE('',#1880,#1881,#911,.T.);
#2264=EDGE_CURVE('',#1882,#1881,#912,.T.);
#2265=EDGE_CURVE('',#1882,#1869,#913,.T.);
#2266=EDGE_CURVE('',#1883,#1883,#1726,.T.);
#2267=EDGE_CURVE('',#1866,#1884,#914,.T.);
#2268=EDGE_CURVE('',#1884,#1884,#1727,.T.);
#2269=EDGE_CURVE('',#1885,#1886,#1728,.T.);
#2270=EDGE_CURVE('',#1886,#1885,#1729,.T.);
#2271=EDGE_CURVE('',#1885,#1883,#915,.T.);
#2272=EDGE_CURVE('',#1886,#1887,#916,.T.);
#2273=EDGE_CURVE('',#1887,#1887,#1730,.T.);
#2274=EDGE_CURVE('',#1888,#1889,#917,.F.);
#2275=EDGE_CURVE('',#1890,#1888,#918,.T.);
#2276=EDGE_CURVE('',#1890,#1891,#919,.F.);
#2277=EDGE_CURVE('',#1889,#1891,#920,.T.);
#2278=EDGE_CURVE('',#1868,#1889,#921,.T.);
#2279=EDGE_CURVE('',#1869,#1892,#922,.F.);
#2280=EDGE_CURVE('',#1893,#1892,#923,.T.);
#2281=EDGE_CURVE('',#1888,#1893,#924,.T.);
#2282=EDGE_CURVE('',#1894,#1895,#925,.F.);
#2283=EDGE_CURVE('',#1896,#1894,#926,.T.);
#2284=EDGE_CURVE('',#1896,#1897,#927,.T.);
#2285=EDGE_CURVE('',#1895,#1897,#928,.T.);
#2286=EDGE_CURVE('',#1880,#1895,#929,.T.);
#2287=EDGE_CURVE('',#1879,#1898,#930,.F.);
#2288=EDGE_CURVE('',#1899,#1898,#931,.T.);
#2289=EDGE_CURVE('',#1894,#1899,#932,.T.);
#2290=EDGE_CURVE('',#1900,#1871,#1731,.F.);
#2291=EDGE_CURVE('',#1901,#1900,#1732,.T.);
#2292=EDGE_CURVE('',#1901,#1902,#1733,.T.);
#2293=EDGE_CURVE('',#1871,#1902,#1734,.T.);
#2294=EDGE_CURVE('',#1903,#1904,#1735,.T.);
#2295=EDGE_CURVE('',#1904,#1905,#1736,.T.);
#2296=EDGE_CURVE('',#1905,#1906,#1737,.T.);
#2297=EDGE_CURVE('',#1906,#1903,#1738,.T.);
#2298=EDGE_CURVE('',#1900,#1906,#933,.T.);
#2299=EDGE_CURVE('',#1905,#1901,#934,.T.);
#2300=EDGE_CURVE('',#1907,#1872,#1739,.T.);
#2301=EDGE_CURVE('',#1902,#1907,#935,.T.);
#2302=EDGE_CURVE('',#1908,#1873,#1740,.T.);
#2303=EDGE_CURVE('',#1907,#1908,#209,.T.);
#2304=EDGE_CURVE('',#1909,#1874,#1741,.T.);
#2305=EDGE_CURVE('',#1908,#1909,#936,.T.);
#2306=EDGE_CURVE('',#1870,#1910,#210,.T.);
#2307=EDGE_CURVE('',#1910,#1900,#937,.T.);
#2308=EDGE_CURVE('',#1904,#1911,#938,.T.);
#2309=EDGE_CURVE('',#1911,#1907,#939,.T.);
#2310=EDGE_CURVE('',#1912,#1903,#940,.T.);
#2311=EDGE_CURVE('',#1911,#1912,#1742,.T.);
#2312=EDGE_CURVE('',#1913,#1906,#941,.T.);
#2313=EDGE_CURVE('',#1913,#1914,#1743,.T.);
#2314=EDGE_CURVE('',#1903,#1914,#942,.T.);
#2315=EDGE_CURVE('',#1910,#1915,#943,.F.);
#2316=EDGE_CURVE('',#1915,#1916,#944,.F.);
#2317=EDGE_CURVE('',#1916,#1917,#945,.T.);
#2318=EDGE_CURVE('',#1917,#1918,#946,.T.);
#2319=EDGE_CURVE('',#1918,#1919,#947,.T.);
#2320=EDGE_CURVE('',#1920,#1919,#948,.T.);
#2321=EDGE_CURVE('',#1920,#1921,#949,.T.);
#2322=EDGE_CURVE('',#1921,#1922,#950,.T.);
#2323=EDGE_CURVE('',#1922,#1923,#951,.T.);
#2324=EDGE_CURVE('',#1923,#1924,#952,.T.);
#2325=EDGE_CURVE('',#1924,#1925,#953,.T.);
#2326=EDGE_CURVE('',#1926,#1925,#954,.T.);
#2327=EDGE_CURVE('',#1926,#1913,#955,.T.);
#2328=EDGE_CURVE('',#1927,#1928,#1744,.T.);
#2329=EDGE_CURVE('',#1928,#1929,#956,.T.);
#2330=EDGE_CURVE('',#1929,#1930,#50,.T.);
#2331=EDGE_CURVE('',#1930,#1927,#957,.T.);
#2332=EDGE_CURVE('',#1931,#1932,#51,.T.);
#2333=EDGE_CURVE('',#1932,#1930,#52,.T.);
#2334=EDGE_CURVE('',#1929,#1931,#53,.T.);
#2335=EDGE_CURVE('',#1933,#1928,#958,.T.);
#2336=EDGE_CURVE('',#1933,#1934,#959,.T.);
#2337=EDGE_CURVE('',#1934,#1929,#960,.T.);
#2338=EDGE_CURVE('',#1935,#1935,#1745,.T.);
#2339=EDGE_CURVE('',#1936,#1936,#1746,.T.);
#2340=EDGE_CURVE('',#1937,#1927,#961,.T.);
#2341=EDGE_CURVE('',#1875,#1937,#1747,.T.);
#2342=EDGE_CURVE('',#1938,#1909,#962,.T.);
#2343=EDGE_CURVE('',#1939,#1938,#1748,.T.);
#2344=EDGE_CURVE('',#1940,#1939,#963,.T.);
#2345=EDGE_CURVE('',#1941,#1940,#1749,.T.);
#2346=EDGE_CURVE('',#1942,#1941,#964,.T.);
#2347=EDGE_CURVE('',#1943,#1942,#1750,.T.);
#2348=EDGE_CURVE('',#1943,#1944,#965,.T.);
#2349=EDGE_CURVE('',#1944,#1945,#1751,.T.);
#2350=EDGE_CURVE('',#1945,#1946,#966,.T.);
#2351=EDGE_CURVE('',#1946,#1947,#1752,.T.);
#2352=EDGE_CURVE('',#1947,#1948,#967,.T.);
#2353=EDGE_CURVE('',#1948,#1949,#1753,.T.);
#2354=EDGE_CURVE('',#1949,#1950,#968,.T.);
#2355=EDGE_CURVE('',#1950,#1951,#1754,.T.);
#2356=EDGE_CURVE('',#1951,#1952,#969,.T.);
#2357=EDGE_CURVE('',#1952,#1953,#1755,.T.);
#2358=EDGE_CURVE('',#1953,#1954,#970,.T.);
#2359=EDGE_CURVE('',#1954,#1933,#1756,.T.);
#2360=EDGE_CURVE('',#1955,#1955,#1757,.T.);
#2361=EDGE_CURVE('',#1956,#1956,#1758,.T.);
#2362=EDGE_CURVE('',#1957,#1958,#971,.T.);
#2363=EDGE_CURVE('',#1958,#1959,#972,.T.);
#2364=EDGE_CURVE('',#1959,#1960,#973,.T.);
#2365=EDGE_CURVE('',#1960,#1961,#974,.T.);
#2366=EDGE_CURVE('',#1961,#1962,#975,.T.);
#2367=EDGE_CURVE('',#1962,#1957,#976,.T.);
#2368=EDGE_CURVE('',#1963,#1964,#54,.T.);
#2369=EDGE_CURVE('',#1964,#1965,#55,.T.);
#2370=EDGE_CURVE('',#1965,#1966,#977,.T.);
#2371=EDGE_CURVE('',#1966,#1967,#56,.T.);
#2372=EDGE_CURVE('',#1967,#1968,#57,.T.);
#2373=EDGE_CURVE('',#1968,#1969,#58,.T.);
#2374=EDGE_CURVE('',#1969,#1970,#59,.T.);
#2375=EDGE_CURVE('',#1970,#1971,#60,.T.);
#2376=EDGE_CURVE('',#1971,#1972,#61,.T.);
#2377=EDGE_CURVE('',#1972,#1973,#62,.T.);
#2378=EDGE_CURVE('',#1973,#1974,#63,.T.);
#2379=EDGE_CURVE('',#1974,#1975,#978,.T.);
#2380=EDGE_CURVE('',#1975,#1976,#64,.T.);
#2381=EDGE_CURVE('',#1976,#1977,#65,.T.);
#2382=EDGE_CURVE('',#1977,#1978,#66,.T.);
#2383=EDGE_CURVE('',#1978,#1979,#67,.T.);
#2384=EDGE_CURVE('',#1979,#1980,#68,.T.);
#2385=EDGE_CURVE('',#1980,#1963,#69,.T.);
#2386=EDGE_CURVE('',#1981,#1982,#979,.T.);
#2387=EDGE_CURVE('',#1982,#1983,#980,.T.);
#2388=EDGE_CURVE('',#1983,#1984,#981,.T.);
#2389=EDGE_CURVE('',#1984,#1981,#982,.T.);
#2390=EDGE_CURVE('',#1930,#1985,#983,.T.);
#2391=EDGE_CURVE('',#1937,#1985,#984,.T.);
#2392=EDGE_CURVE('',#1882,#1919,#1759,.F.);
#2393=EDGE_CURVE('',#1881,#1920,#1760,.T.);
#2394=EDGE_CURVE('',#1986,#1987,#985,.T.);
#2395=EDGE_CURVE('',#1987,#1988,#39,.T.);
#2396=EDGE_CURVE('',#1988,#1989,#986,.T.);
#2397=EDGE_CURVE('',#1989,#1986,#70,.T.);
#2398=EDGE_CURVE('',#1878,#1925,#1761,.F.);
#2399=EDGE_CURVE('',#1877,#1986,#211,.T.);
#2400=EDGE_CURVE('',#1989,#1926,#212,.T.);
#2401=EDGE_CURVE('',#1876,#1990,#213,.T.);
#2402=EDGE_CURVE('',#1987,#1990,#987,.T.);
#2403=EDGE_CURVE('',#1991,#1934,#988,.T.);
#2404=EDGE_CURVE('',#1931,#1991,#989,.T.);
#2405=EDGE_CURVE('',#1992,#1988,#990,.T.);
#2406=EDGE_CURVE('',#1992,#1913,#991,.T.);
#2407=EDGE_CURVE('',#1993,#1985,#214,.T.);
#2408=EDGE_CURVE('',#1990,#1993,#1762,.T.);
#2409=EDGE_CURVE('',#1991,#1994,#1763,.T.);
#2410=EDGE_CURVE('',#1994,#1995,#992,.T.);
#2411=EDGE_CURVE('',#1995,#1996,#1764,.T.);
#2412=EDGE_CURVE('',#1996,#1997,#993,.T.);
#2413=EDGE_CURVE('',#1997,#1998,#1765,.T.);
#2414=EDGE_CURVE('',#1998,#1999,#994,.T.);
#2415=EDGE_CURVE('',#1999,#2000,#1766,.T.);
#2416=EDGE_CURVE('',#2000,#2001,#995,.T.);
#2417=EDGE_CURVE('',#2001,#2002,#1767,.T.);
#2418=EDGE_CURVE('',#2002,#2003,#996,.T.);
#2419=EDGE_CURVE('',#2003,#2004,#1768,.T.);
#2420=EDGE_CURVE('',#2004,#2005,#997,.T.);
#2421=EDGE_CURVE('',#2005,#2006,#1769,.T.);
#2422=EDGE_CURVE('',#2006,#2007,#998,.T.);
#2423=EDGE_CURVE('',#2007,#2008,#1770,.T.);
#2424=EDGE_CURVE('',#2008,#2009,#999,.T.);
#2425=EDGE_CURVE('',#2009,#1992,#1771,.T.);
#2426=EDGE_CURVE('',#1993,#1932,#1000,.T.);
#2427=EDGE_CURVE('',#2010,#2011,#1001,.T.);
#2428=EDGE_CURVE('',#2011,#2012,#1772,.T.);
#2429=EDGE_CURVE('',#2012,#2013,#1002,.T.);
#2430=EDGE_CURVE('',#2013,#2010,#1773,.T.);
#2431=EDGE_CURVE('',#2014,#2015,#71,.T.);
#2432=EDGE_CURVE('',#2015,#2016,#1774,.T.);
#2433=EDGE_CURVE('',#2016,#2017,#1003,.T.);
#2434=EDGE_CURVE('',#2017,#2018,#40,.T.);
#2435=EDGE_CURVE('',#2018,#2019,#1004,.T.);
#2436=EDGE_CURVE('',#2019,#2020,#41,.T.);
#2437=EDGE_CURVE('',#2020,#2021,#1005,.T.);
#2438=EDGE_CURVE('',#2021,#2022,#42,.T.);
#2439=EDGE_CURVE('',#2022,#2023,#1006,.T.);
#2440=EDGE_CURVE('',#2023,#2024,#43,.T.);
#2441=EDGE_CURVE('',#2024,#2025,#1007,.T.);
#2442=EDGE_CURVE('',#2025,#2014,#44,.T.);
#2443=EDGE_CURVE('',#2026,#2027,#72,.T.);
#2444=EDGE_CURVE('',#2027,#2028,#1775,.T.);
#2445=EDGE_CURVE('',#2028,#2029,#1008,.T.);
#2446=EDGE_CURVE('',#2029,#2030,#45,.T.);
#2447=EDGE_CURVE('',#2030,#2031,#1009,.T.);
#2448=EDGE_CURVE('',#2031,#2032,#46,.T.);
#2449=EDGE_CURVE('',#2032,#2033,#1010,.T.);
#2450=EDGE_CURVE('',#2033,#2034,#47,.T.);
#2451=EDGE_CURVE('',#2034,#2035,#1011,.T.);
#2452=EDGE_CURVE('',#2035,#2036,#48,.T.);
#2453=EDGE_CURVE('',#2036,#2037,#1012,.T.);
#2454=EDGE_CURVE('',#2037,#2026,#49,.T.);
#2455=EDGE_CURVE('',#1908,#2038,#1013,.T.);
#2456=EDGE_CURVE('',#2038,#1938,#1014,.T.);
#2457=EDGE_CURVE('',#2039,#2040,#1776,.T.);
#2458=EDGE_CURVE('',#2040,#2041,#1015,.T.);
#2459=EDGE_CURVE('',#2042,#2041,#1777,.T.);
#2460=EDGE_CURVE('',#2039,#2042,#1016,.T.);
#2461=EDGE_CURVE('',#2040,#2043,#1017,.T.);
#2462=EDGE_CURVE('',#2043,#2044,#1018,.T.);
#2463=EDGE_CURVE('',#2041,#2044,#1019,.T.);
#2464=EDGE_CURVE('',#2041,#2045,#1020,.T.);
#2465=EDGE_CURVE('',#2044,#2046,#1021,.T.);
#2466=EDGE_CURVE('',#2046,#2045,#1022,.T.);
#2467=EDGE_CURVE('',#2043,#2047,#1778,.T.);
#2468=EDGE_CURVE('',#2047,#2048,#1023,.T.);
#2469=EDGE_CURVE('',#2044,#2048,#1779,.T.);
#2470=EDGE_CURVE('',#2048,#2049,#1024,.T.);
#2471=EDGE_CURVE('',#2049,#2046,#1780,.T.);
#2472=EDGE_CURVE('',#2047,#2050,#1025,.T.);
#2473=EDGE_CURVE('',#2050,#2051,#1026,.T.);
#2474=EDGE_CURVE('',#2048,#2051,#1027,.T.);
#2475=EDGE_CURVE('',#2051,#2052,#1028,.T.);
#2476=EDGE_CURVE('',#2052,#2049,#1029,.T.);
#2477=EDGE_CURVE('',#2050,#2053,#1781,.T.);
#2478=EDGE_CURVE('',#2053,#2054,#1030,.T.);
#2479=EDGE_CURVE('',#2051,#2054,#1782,.T.);
#2480=EDGE_CURVE('',#2054,#2055,#1031,.T.);
#2481=EDGE_CURVE('',#2055,#2052,#1783,.T.);
#2482=EDGE_CURVE('',#2053,#2056,#1032,.T.);
#2483=EDGE_CURVE('',#2056,#2057,#1033,.T.);
#2484=EDGE_CURVE('',#2054,#2057,#1034,.T.);
#2485=EDGE_CURVE('',#2057,#2058,#1035,.T.);
#2486=EDGE_CURVE('',#2058,#2055,#1036,.T.);
#2487=EDGE_CURVE('',#2056,#2059,#1784,.T.);
#2488=EDGE_CURVE('',#2059,#2060,#1037,.T.);
#2489=EDGE_CURVE('',#2057,#2060,#1785,.T.);
#2490=EDGE_CURVE('',#2060,#2061,#1038,.T.);
#2491=EDGE_CURVE('',#2061,#2058,#1786,.T.);
#2492=EDGE_CURVE('',#2059,#2062,#1039,.T.);
#2493=EDGE_CURVE('',#2062,#2063,#1040,.T.);
#2494=EDGE_CURVE('',#2060,#2063,#1041,.T.);
#2495=EDGE_CURVE('',#2063,#2064,#1042,.T.);
#2496=EDGE_CURVE('',#2064,#2061,#1043,.T.);
#2497=EDGE_CURVE('',#2062,#2065,#1787,.T.);
#2498=EDGE_CURVE('',#2065,#2066,#1044,.T.);
#2499=EDGE_CURVE('',#2063,#2066,#1788,.T.);
#2500=EDGE_CURVE('',#2066,#2067,#1045,.T.);
#2501=EDGE_CURVE('',#2067,#2064,#1789,.T.);
#2502=EDGE_CURVE('',#2065,#2068,#1046,.T.);
#2503=EDGE_CURVE('',#2068,#2069,#1047,.T.);
#2504=EDGE_CURVE('',#2066,#2069,#1048,.T.);
#2505=EDGE_CURVE('',#2069,#2070,#1049,.T.);
#2506=EDGE_CURVE('',#2070,#2067,#1050,.T.);
#2507=EDGE_CURVE('',#2071,#2072,#73,.T.);
#2508=EDGE_CURVE('',#2070,#2072,#1790,.T.);
#2509=EDGE_CURVE('',#2069,#2071,#1791,.T.);
#2510=EDGE_CURVE('',#2068,#2073,#1792,.T.);
#2511=EDGE_CURVE('',#2073,#2074,#1051,.T.);
#2512=EDGE_CURVE('',#2071,#2074,#215,.T.);
#2513=EDGE_CURVE('',#2073,#2039,#1052,.T.);
#2514=EDGE_CURVE('',#2075,#2074,#1053,.T.);
#2515=EDGE_CURVE('',#2075,#2076,#74,.T.);
#2516=EDGE_CURVE('',#2076,#2072,#1054,.T.);
#2517=EDGE_CURVE('',#2075,#2042,#75,.T.);
#2518=EDGE_CURVE('',#2045,#2076,#1793,.T.);
#2519=EDGE_CURVE('',#2077,#2055,#1055,.T.);
#2520=EDGE_CURVE('',#2078,#2058,#1056,.T.);
#2521=EDGE_CURVE('',#2077,#2078,#1057,.T.);
#2522=EDGE_CURVE('',#2052,#2079,#1058,.T.);
#2523=EDGE_CURVE('',#2079,#2077,#1794,.T.);
#2524=EDGE_CURVE('',#2080,#2049,#1059,.T.);
#2525=EDGE_CURVE('',#2080,#2079,#1060,.T.);
#2526=EDGE_CURVE('',#2046,#2081,#1061,.T.);
#2527=EDGE_CURVE('',#2081,#2080,#1795,.T.);
#2528=EDGE_CURVE('',#2045,#2082,#1062,.T.);
#2529=EDGE_CURVE('',#2082,#2081,#1063,.T.);
#2530=EDGE_CURVE('',#2076,#2083,#1064,.T.);
#2531=EDGE_CURVE('',#2083,#2082,#1796,.T.);
#2532=EDGE_CURVE('',#2072,#2084,#1065,.T.);
#2533=EDGE_CURVE('',#2084,#2083,#1066,.T.);
#2534=EDGE_CURVE('',#2083,#2027,#76,.T.);
#2535=EDGE_CURVE('',#2084,#2026,#77,.T.);
#2536=EDGE_CURVE('',#2085,#2037,#1067,.T.);
#2537=EDGE_CURVE('',#2085,#2084,#1797,.T.);
#2538=EDGE_CURVE('',#2086,#2036,#1068,.T.);
#2539=EDGE_CURVE('',#2086,#2085,#1069,.T.);
#2540=EDGE_CURVE('',#2087,#2035,#1070,.T.);
#2541=EDGE_CURVE('',#2087,#2086,#1798,.T.);
#2542=EDGE_CURVE('',#2088,#2034,#1071,.T.);
#2543=EDGE_CURVE('',#2088,#2087,#1072,.T.);
#2544=EDGE_CURVE('',#2078,#2033,#1073,.T.);
#2545=EDGE_CURVE('',#2078,#2088,#1799,.T.);
#2546=EDGE_CURVE('',#2077,#2032,#1074,.T.);
#2547=EDGE_CURVE('',#2079,#2031,#1075,.T.);
#2548=EDGE_CURVE('',#2080,#2030,#1076,.T.);
#2549=EDGE_CURVE('',#2081,#2029,#1077,.T.);
#2550=EDGE_CURVE('',#2082,#2028,#1078,.T.);
#2551=EDGE_CURVE('',#2070,#2085,#1079,.T.);
#2552=EDGE_CURVE('',#2067,#2086,#1080,.T.);
#2553=EDGE_CURVE('',#2087,#2064,#1081,.T.);
#2554=EDGE_CURVE('',#2061,#2088,#1082,.T.);
#2555=EDGE_CURVE('',#2089,#2090,#1800,.T.);
#2556=EDGE_CURVE('',#2090,#2091,#1083,.T.);
#2557=EDGE_CURVE('',#2092,#2091,#1801,.T.);
#2558=EDGE_CURVE('',#2089,#2092,#1084,.T.);
#2559=EDGE_CURVE('',#2090,#2093,#1085,.T.);
#2560=EDGE_CURVE('',#2093,#2094,#1086,.T.);
#2561=EDGE_CURVE('',#2091,#2094,#1087,.T.);
#2562=EDGE_CURVE('',#2091,#2095,#1088,.T.);
#2563=EDGE_CURVE('',#2094,#2096,#1089,.T.);
#2564=EDGE_CURVE('',#2096,#2095,#1090,.T.);
#2565=EDGE_CURVE('',#2093,#2097,#1802,.T.);
#2566=EDGE_CURVE('',#2097,#2098,#1091,.T.);
#2567=EDGE_CURVE('',#2094,#2098,#1803,.T.);
#2568=EDGE_CURVE('',#2098,#2099,#1092,.T.);
#2569=EDGE_CURVE('',#2099,#2096,#1804,.T.);
#2570=EDGE_CURVE('',#2097,#2100,#1093,.T.);
#2571=EDGE_CURVE('',#2100,#2101,#1094,.T.);
#2572=EDGE_CURVE('',#2098,#2101,#1095,.T.);
#2573=EDGE_CURVE('',#2101,#2102,#1096,.T.);
#2574=EDGE_CURVE('',#2102,#2099,#1097,.T.);
#2575=EDGE_CURVE('',#2100,#2103,#1805,.T.);
#2576=EDGE_CURVE('',#2103,#2104,#1098,.T.);
#2577=EDGE_CURVE('',#2101,#2104,#1806,.T.);
#2578=EDGE_CURVE('',#2104,#2105,#1099,.T.);
#2579=EDGE_CURVE('',#2105,#2102,#1807,.T.);
#2580=EDGE_CURVE('',#2103,#2106,#1100,.T.);
#2581=EDGE_CURVE('',#2106,#2107,#1101,.T.);
#2582=EDGE_CURVE('',#2104,#2107,#1102,.T.);
#2583=EDGE_CURVE('',#2107,#2108,#1103,.T.);
#2584=EDGE_CURVE('',#2108,#2105,#1104,.T.);
#2585=EDGE_CURVE('',#2106,#2109,#1808,.T.);
#2586=EDGE_CURVE('',#2109,#2110,#1105,.T.);
#2587=EDGE_CURVE('',#2107,#2110,#1809,.T.);
#2588=EDGE_CURVE('',#2110,#2111,#1106,.T.);
#2589=EDGE_CURVE('',#2111,#2108,#1810,.T.);
#2590=EDGE_CURVE('',#2109,#2112,#1107,.T.);
#2591=EDGE_CURVE('',#2112,#2113,#1108,.T.);
#2592=EDGE_CURVE('',#2110,#2113,#1109,.T.);
#2593=EDGE_CURVE('',#2113,#2114,#1110,.T.);
#2594=EDGE_CURVE('',#2114,#2111,#1111,.T.);
#2595=EDGE_CURVE('',#2112,#2115,#1811,.T.);
#2596=EDGE_CURVE('',#2115,#2116,#1112,.T.);
#2597=EDGE_CURVE('',#2113,#2116,#1812,.T.);
#2598=EDGE_CURVE('',#2116,#2117,#1113,.T.);
#2599=EDGE_CURVE('',#2117,#2114,#1813,.T.);
#2600=EDGE_CURVE('',#2115,#2118,#1114,.T.);
#2601=EDGE_CURVE('',#2118,#2119,#1115,.T.);
#2602=EDGE_CURVE('',#2116,#2119,#1116,.T.);
#2603=EDGE_CURVE('',#2119,#2120,#1117,.T.);
#2604=EDGE_CURVE('',#2120,#2117,#1118,.T.);
#2605=EDGE_CURVE('',#2121,#2122,#78,.T.);
#2606=EDGE_CURVE('',#2120,#2122,#1814,.T.);
#2607=EDGE_CURVE('',#2119,#2121,#1815,.T.);
#2608=EDGE_CURVE('',#2118,#2123,#1816,.T.);
#2609=EDGE_CURVE('',#2123,#2124,#1119,.T.);
#2610=EDGE_CURVE('',#2121,#2124,#216,.T.);
#2611=EDGE_CURVE('',#2123,#2089,#1120,.T.);
#2612=EDGE_CURVE('',#2125,#2124,#1121,.T.);
#2613=EDGE_CURVE('',#2125,#2126,#79,.T.);
#2614=EDGE_CURVE('',#2126,#2122,#1122,.T.);
#2615=EDGE_CURVE('',#2125,#2092,#80,.T.);
#2616=EDGE_CURVE('',#2095,#2126,#1817,.T.);
#2617=EDGE_CURVE('',#2127,#2105,#1123,.T.);
#2618=EDGE_CURVE('',#2128,#2108,#1124,.T.);
#2619=EDGE_CURVE('',#2127,#2128,#1125,.T.);
#2620=EDGE_CURVE('',#2102,#2129,#1126,.T.);
#2621=EDGE_CURVE('',#2129,#2127,#1818,.T.);
#2622=EDGE_CURVE('',#2130,#2099,#1127,.T.);
#2623=EDGE_CURVE('',#2130,#2129,#1128,.T.);
#2624=EDGE_CURVE('',#2096,#2131,#1129,.T.);
#2625=EDGE_CURVE('',#2131,#2130,#1819,.T.);
#2626=EDGE_CURVE('',#2095,#2132,#1130,.T.);
#2627=EDGE_CURVE('',#2132,#2131,#1131,.T.);
#2628=EDGE_CURVE('',#2126,#2133,#1132,.T.);
#2629=EDGE_CURVE('',#2133,#2132,#1820,.T.);
#2630=EDGE_CURVE('',#2122,#2134,#1133,.T.);
#2631=EDGE_CURVE('',#2134,#2133,#1134,.T.);
#2632=EDGE_CURVE('',#2133,#2015,#81,.T.);
#2633=EDGE_CURVE('',#2134,#2014,#82,.T.);
#2634=EDGE_CURVE('',#2135,#2025,#1135,.T.);
#2635=EDGE_CURVE('',#2135,#2134,#1821,.T.);
#2636=EDGE_CURVE('',#2136,#2024,#1136,.T.);
#2637=EDGE_CURVE('',#2136,#2135,#1137,.T.);
#2638=EDGE_CURVE('',#2137,#2023,#1138,.T.);
#2639=EDGE_CURVE('',#2137,#2136,#1822,.T.);
#2640=EDGE_CURVE('',#2138,#2022,#1139,.T.);
#2641=EDGE_CURVE('',#2138,#2137,#1140,.T.);
#2642=EDGE_CURVE('',#2128,#2021,#1141,.T.);
#2643=EDGE_CURVE('',#2128,#2138,#1823,.T.);
#2644=EDGE_CURVE('',#2127,#2020,#1142,.T.);
#2645=EDGE_CURVE('',#2129,#2019,#1143,.T.);
#2646=EDGE_CURVE('',#2130,#2018,#1144,.T.);
#2647=EDGE_CURVE('',#2131,#2017,#1145,.T.);
#2648=EDGE_CURVE('',#2132,#2016,#1146,.T.);
#2649=EDGE_CURVE('',#2120,#2135,#1147,.T.);
#2650=EDGE_CURVE('',#2117,#2136,#1148,.T.);
#2651=EDGE_CURVE('',#2137,#2114,#1149,.T.);
#2652=EDGE_CURVE('',#2111,#2138,#1150,.T.);
#2653=EDGE_CURVE('',#2139,#2012,#83,.T.);
#2654=EDGE_CURVE('',#2140,#2139,#1151,.T.);
#2655=EDGE_CURVE('',#2013,#2140,#84,.T.);
#2656=EDGE_CURVE('',#2141,#2142,#1152,.T.);
#2657=EDGE_CURVE('',#2141,#2011,#85,.T.);
#2658=EDGE_CURVE('',#2142,#2010,#86,.T.);
#2659=EDGE_CURVE('',#2142,#2140,#1824,.T.);
#2660=EDGE_CURVE('',#2139,#2141,#1825,.T.);
#2661=EDGE_CURVE('',#2140,#2143,#1153,.T.);
#2662=EDGE_CURVE('',#2143,#2144,#1826,.T.);
#2663=EDGE_CURVE('',#2142,#2144,#1154,.T.);
#2664=EDGE_CURVE('',#2144,#2145,#1155,.T.);
#2665=EDGE_CURVE('',#2141,#2145,#1156,.T.);
#2666=EDGE_CURVE('',#2146,#2147,#1827,.T.);
#2667=EDGE_CURVE('',#2146,#2148,#87,.T.);
#2668=EDGE_CURVE('',#2145,#2148,#1828,.T.);
#2669=EDGE_CURVE('',#2147,#2145,#88,.T.);
#2670=EDGE_CURVE('',#2147,#2149,#1157,.T.);
#2671=EDGE_CURVE('',#2149,#2144,#89,.T.);
#2672=EDGE_CURVE('',#2149,#2150,#1829,.T.);
#2673=EDGE_CURVE('',#2150,#2143,#90,.T.);
#2674=EDGE_CURVE('',#2148,#2143,#1158,.T.);
#2675=EDGE_CURVE('',#2150,#2146,#1159,.T.);
#2676=EDGE_CURVE('',#2139,#2148,#1160,.T.);
#2677=EDGE_CURVE('',#2151,#2151,#1830,.T.);
#2678=EDGE_CURVE('',#2152,#2152,#1831,.T.);
#2679=EDGE_CURVE('',#2153,#2153,#1832,.T.);
#2680=EDGE_CURVE('',#2154,#2154,#1833,.T.);
#2681=EDGE_CURVE('',#2155,#2156,#1161,.T.);
#2682=EDGE_CURVE('',#2156,#2157,#1162,.T.);
#2683=EDGE_CURVE('',#2157,#2158,#1163,.T.);
#2684=EDGE_CURVE('',#2158,#2159,#1164,.T.);
#2685=EDGE_CURVE('',#2159,#2160,#1165,.T.);
#2686=EDGE_CURVE('',#2160,#2155,#1166,.T.);
#2687=EDGE_CURVE('',#2161,#2161,#1834,.T.);
#2688=EDGE_CURVE('',#2162,#2162,#1835,.T.);
#2689=EDGE_CURVE('',#2163,#2163,#1836,.T.);
#2690=EDGE_CURVE('',#2164,#2164,#1837,.T.);
#2691=EDGE_CURVE('',#2165,#2165,#1838,.T.);
#2692=EDGE_CURVE('',#2165,#2151,#1167,.T.);
#2693=EDGE_CURVE('',#2166,#2166,#1839,.T.);
#2694=EDGE_CURVE('',#2166,#2152,#1168,.T.);
#2695=EDGE_CURVE('',#2167,#2167,#1840,.T.);
#2696=EDGE_CURVE('',#2167,#2153,#1169,.T.);
#2697=EDGE_CURVE('',#2168,#2168,#1841,.T.);
#2698=EDGE_CURVE('',#2168,#2154,#1170,.T.);
#2699=EDGE_CURVE('',#2169,#2170,#1171,.T.);
#2700=EDGE_CURVE('',#2170,#2155,#1172,.T.);
#2701=EDGE_CURVE('',#2169,#2160,#1173,.T.);
#2702=EDGE_CURVE('',#2170,#2171,#1174,.T.);
#2703=EDGE_CURVE('',#2171,#2156,#1175,.T.);
#2704=EDGE_CURVE('',#2171,#2172,#1176,.T.);
#2705=EDGE_CURVE('',#2172,#2157,#1177,.T.);
#2706=EDGE_CURVE('',#2172,#2173,#1178,.T.);
#2707=EDGE_CURVE('',#2173,#2158,#1179,.T.);
#2708=EDGE_CURVE('',#2173,#2174,#1180,.T.);
#2709=EDGE_CURVE('',#2174,#2159,#1181,.T.);
#2710=EDGE_CURVE('',#2174,#2169,#1182,.T.);
#2711=EDGE_CURVE('',#2175,#2176,#91,.T.);
#2712=EDGE_CURVE('',#2177,#2175,#92,.T.);
#2713=EDGE_CURVE('',#2178,#2177,#93,.T.);
#2714=EDGE_CURVE('',#2179,#2178,#94,.T.);
#2715=EDGE_CURVE('',#2180,#2179,#95,.T.);
#2716=EDGE_CURVE('',#2181,#2180,#96,.T.);
#2717=EDGE_CURVE('',#2182,#2181,#97,.T.);
#2718=EDGE_CURVE('',#2183,#2182,#98,.T.);
#2719=EDGE_CURVE('',#2184,#2183,#1183,.T.);
#2720=EDGE_CURVE('',#2185,#2184,#99,.T.);
#2721=EDGE_CURVE('',#2186,#2185,#100,.T.);
#2722=EDGE_CURVE('',#2187,#2186,#101,.T.);
#2723=EDGE_CURVE('',#2188,#2187,#102,.T.);
#2724=EDGE_CURVE('',#2189,#2188,#103,.T.);
#2725=EDGE_CURVE('',#2190,#2189,#104,.T.);
#2726=EDGE_CURVE('',#2191,#2190,#105,.T.);
#2727=EDGE_CURVE('',#2192,#2191,#106,.T.);
#2728=EDGE_CURVE('',#2176,#2192,#1184,.T.);
#2729=EDGE_CURVE('',#2193,#2194,#1185,.T.);
#2730=EDGE_CURVE('',#2195,#2193,#1186,.T.);
#2731=EDGE_CURVE('',#2196,#2195,#1187,.T.);
#2732=EDGE_CURVE('',#2194,#2196,#1188,.T.);
#2733=EDGE_CURVE('',#2197,#2197,#1842,.T.);
#2734=EDGE_CURVE('',#2197,#2161,#1189,.T.);
#2735=EDGE_CURVE('',#2198,#2198,#1843,.T.);
#2736=EDGE_CURVE('',#2198,#2162,#1190,.T.);
#2737=EDGE_CURVE('',#2038,#1911,#217,.F.);
#2738=EDGE_CURVE('',#2163,#2199,#1191,.T.);
#2739=EDGE_CURVE('',#2199,#2199,#1844,.T.);
#2740=EDGE_CURVE('',#2164,#2200,#1192,.T.);
#2741=EDGE_CURVE('',#2200,#2200,#1845,.T.);
#2742=EDGE_CURVE('',#2201,#1896,#1193,.T.);
#2743=EDGE_CURVE('',#2202,#2201,#1194,.T.);
#2744=EDGE_CURVE('',#2203,#2202,#1195,.T.);
#2745=EDGE_CURVE('',#2204,#2203,#1196,.T.);
#2746=EDGE_CURVE('',#2205,#2204,#1197,.T.);
#2747=EDGE_CURVE('',#2206,#2205,#1198,.F.);
#2748=EDGE_CURVE('',#1891,#2206,#1199,.F.);
#2749=EDGE_CURVE('',#2207,#1890,#1200,.T.);
#2750=EDGE_CURVE('',#2208,#2207,#1846,.T.);
#2751=EDGE_CURVE('',#2209,#2208,#1201,.T.);
#2752=EDGE_CURVE('',#2210,#2209,#1847,.T.);
#2753=EDGE_CURVE('',#2211,#2210,#1202,.T.);
#2754=EDGE_CURVE('',#2212,#2211,#1848,.T.);
#2755=EDGE_CURVE('',#2212,#2213,#1203,.T.);
#2756=EDGE_CURVE('',#2214,#2213,#1849,.T.);
#2757=EDGE_CURVE('',#2215,#2214,#1204,.T.);
#2758=EDGE_CURVE('',#2216,#2215,#1205,.T.);
#2759=EDGE_CURVE('',#2217,#2216,#1206,.T.);
#2760=EDGE_CURVE('',#2218,#2217,#1207,.T.);
#2761=EDGE_CURVE('',#2219,#2218,#1208,.T.);
#2762=EDGE_CURVE('',#2220,#2219,#1209,.T.);
#2763=EDGE_CURVE('',#1897,#2220,#1210,.T.);
#2764=EDGE_CURVE('',#2208,#2221,#1211,.T.);
#2765=EDGE_CURVE('',#2222,#2221,#1212,.T.);
#2766=EDGE_CURVE('',#2222,#2209,#1213,.T.);
#2767=EDGE_CURVE('',#2223,#2222,#1850,.T.);
#2768=EDGE_CURVE('',#2210,#2223,#1214,.T.);
#2769=EDGE_CURVE('',#2224,#2207,#1215,.T.);
#2770=EDGE_CURVE('',#2221,#2224,#1851,.T.);
#2771=EDGE_CURVE('',#1955,#2167,#1216,.T.);
#2772=EDGE_CURVE('',#1956,#2168,#1217,.T.);
#2773=EDGE_CURVE('',#1957,#2169,#1218,.T.);
#2774=EDGE_CURVE('',#2170,#1962,#1219,.T.);
#2775=EDGE_CURVE('',#1961,#2171,#1220,.T.);
#2776=EDGE_CURVE('',#1960,#2172,#1221,.T.);
#2777=EDGE_CURVE('',#1959,#2173,#1222,.T.);
#2778=EDGE_CURVE('',#1958,#2174,#1223,.T.);
#2779=EDGE_CURVE('',#1980,#2178,#1224,.T.);
#2780=EDGE_CURVE('',#1963,#2177,#1225,.T.);
#2781=EDGE_CURVE('',#1979,#2179,#1226,.T.);
#2782=EDGE_CURVE('',#1978,#2180,#1227,.T.);
#2783=EDGE_CURVE('',#1977,#2181,#1228,.T.);
#2784=EDGE_CURVE('',#1976,#2182,#1229,.T.);
#2785=EDGE_CURVE('',#1975,#2183,#1230,.T.);
#2786=EDGE_CURVE('',#1974,#2184,#1231,.T.);
#2787=EDGE_CURVE('',#1973,#2185,#1232,.T.);
#2788=EDGE_CURVE('',#1972,#2186,#1233,.T.);
#2789=EDGE_CURVE('',#1971,#2187,#1234,.T.);
#2790=EDGE_CURVE('',#1970,#2188,#1235,.T.);
#2791=EDGE_CURVE('',#1969,#2189,#1236,.T.);
#2792=EDGE_CURVE('',#1968,#2190,#1237,.T.);
#2793=EDGE_CURVE('',#1967,#2191,#1238,.T.);
#2794=EDGE_CURVE('',#1966,#2192,#1239,.T.);
#2795=EDGE_CURVE('',#1965,#2176,#1240,.T.);
#2796=EDGE_CURVE('',#1964,#2175,#1241,.T.);
#2797=EDGE_CURVE('',#1984,#2196,#1242,.T.);
#2798=EDGE_CURVE('',#1981,#2195,#1243,.T.);
#2799=EDGE_CURVE('',#1983,#2194,#1244,.T.);
#2800=EDGE_CURVE('',#1982,#2193,#1245,.T.);
#2801=EDGE_CURVE('',#2197,#1936,#1246,.T.);
#2802=EDGE_CURVE('',#2198,#1935,#1247,.T.);
#2803=EDGE_CURVE('',#2206,#1915,#1248,.T.);
#2804=EDGE_CURVE('',#2202,#1892,#1249,.T.);
#2805=EDGE_CURVE('',#1893,#2201,#1250,.T.);
#2806=EDGE_CURVE('',#1918,#2203,#1251,.T.);
#2807=EDGE_CURVE('',#2204,#1917,#1252,.T.);
#2808=EDGE_CURVE('',#1916,#2205,#1253,.T.);
#2809=EDGE_CURVE('',#2220,#1921,#1254,.T.);
#2810=EDGE_CURVE('',#1899,#2215,#1255,.T.);
#2811=EDGE_CURVE('',#2214,#2225,#1256,.T.);
#2812=EDGE_CURVE('',#2224,#2225,#1257,.T.);
#2813=EDGE_CURVE('',#2216,#1898,#1258,.T.);
#2814=EDGE_CURVE('',#1924,#2217,#1259,.T.);
#2815=EDGE_CURVE('',#2218,#1923,#1260,.T.);
#2816=EDGE_CURVE('',#1922,#2219,#1261,.T.);
#2817=EDGE_CURVE('',#2226,#1912,#218,.T.);
#2818=EDGE_CURVE('',#2226,#2038,#1852,.T.);
#2819=EDGE_CURVE('',#1939,#2226,#1262,.T.);
#2820=EDGE_CURVE('',#2199,#2227,#1263,.T.);
#2821=EDGE_CURVE('',#2227,#2227,#1853,.T.);
#2822=EDGE_CURVE('',#2200,#2228,#1264,.T.);
#2823=EDGE_CURVE('',#2228,#2228,#1854,.T.);
#2824=EDGE_CURVE('',#2229,#2223,#1265,.T.);
#2825=EDGE_CURVE('',#2229,#2211,#1266,.T.);
#2826=EDGE_CURVE('',#2230,#2229,#1855,.T.);
#2827=EDGE_CURVE('',#2212,#2230,#1267,.T.);
#2828=EDGE_CURVE('',#2231,#2230,#1268,.T.);
#2829=EDGE_CURVE('',#2231,#2213,#1269,.T.);
#2830=EDGE_CURVE('',#2225,#2231,#1856,.T.);
#2831=EDGE_CURVE('',#1948,#2224,#1270,.T.);
#2832=EDGE_CURVE('',#2223,#1947,#1271,.T.);
#2833=EDGE_CURVE('',#1914,#2232,#1272,.T.);
#2834=EDGE_CURVE('',#1940,#2232,#1273,.T.);
#2835=EDGE_CURVE('',#1941,#2233,#1274,.T.);
#2836=EDGE_CURVE('',#2232,#2233,#1857,.T.);
#2837=EDGE_CURVE('',#1942,#2234,#1275,.T.);
#2838=EDGE_CURVE('',#2233,#2234,#1276,.T.);
#2839=EDGE_CURVE('',#2235,#1943,#1277,.T.);
#2840=EDGE_CURVE('',#2234,#2235,#1858,.T.);
#2841=EDGE_CURVE('',#2235,#2236,#1278,.T.);
#2842=EDGE_CURVE('',#2236,#1944,#1279,.T.);
#2843=EDGE_CURVE('',#2237,#2236,#1859,.T.);
#2844=EDGE_CURVE('',#1945,#2237,#1280,.T.);
#2845=EDGE_CURVE('',#2237,#2238,#1281,.T.);
#2846=EDGE_CURVE('',#1946,#2238,#1282,.T.);
#2847=EDGE_CURVE('',#2238,#2239,#1860,.T.);
#2848=EDGE_CURVE('',#2239,#2229,#1283,.T.);
#2849=EDGE_CURVE('',#2239,#2240,#1284,.T.);
#2850=EDGE_CURVE('',#2225,#2240,#1285,.T.);
#2851=EDGE_CURVE('',#2240,#2241,#1861,.T.);
#2852=EDGE_CURVE('',#1949,#2241,#1286,.T.);
#2853=EDGE_CURVE('',#2241,#2242,#1287,.T.);
#2854=EDGE_CURVE('',#1950,#2242,#1288,.T.);
#2855=EDGE_CURVE('',#2242,#2243,#1862,.T.);
#2856=EDGE_CURVE('',#2243,#1951,#1289,.T.);
#2857=EDGE_CURVE('',#2243,#2244,#1290,.T.);
#2858=EDGE_CURVE('',#2244,#1952,#1291,.T.);
#2859=EDGE_CURVE('',#2244,#2245,#1863,.T.);
#2860=EDGE_CURVE('',#1953,#2245,#1292,.T.);
#2861=EDGE_CURVE('',#2245,#2246,#1293,.T.);
#2862=EDGE_CURVE('',#2246,#1954,#1294,.T.);
#2863=EDGE_CURVE('',#2246,#1934,#1864,.F.);
#2864=EDGE_CURVE('',#2009,#1914,#1295,.T.);
#2865=EDGE_CURVE('',#2008,#2232,#1296,.T.);
#2866=EDGE_CURVE('',#2007,#2233,#1297,.T.);
#2867=EDGE_CURVE('',#2006,#2234,#1298,.T.);
#2868=EDGE_CURVE('',#2005,#2235,#1299,.T.);
#2869=EDGE_CURVE('',#2004,#2236,#1300,.T.);
#2870=EDGE_CURVE('',#2003,#2237,#1301,.T.);
#2871=EDGE_CURVE('',#2002,#2238,#1302,.T.);
#2872=EDGE_CURVE('',#2001,#2239,#1303,.T.);
#2873=EDGE_CURVE('',#2000,#2240,#1304,.T.);
#2874=EDGE_CURVE('',#1999,#2241,#1305,.T.);
#2875=EDGE_CURVE('',#1998,#2242,#1306,.T.);
#2876=EDGE_CURVE('',#2243,#1997,#1307,.T.);
#2877=EDGE_CURVE('',#1996,#2244,#1308,.T.);
#2878=EDGE_CURVE('',#1995,#2245,#1309,.T.);
#2879=EDGE_CURVE('',#1994,#2246,#1310,.T.);
#2880=ORIENTED_EDGE('',*,*,#2247,.T.);
#2881=ORIENTED_EDGE('',*,*,#2248,.T.);
#2882=ORIENTED_EDGE('',*,*,#2249,.T.);
#2883=ORIENTED_EDGE('',*,*,#2250,.T.);
#2884=ORIENTED_EDGE('',*,*,#2249,.F.);
#2885=ORIENTED_EDGE('',*,*,#2251,.F.);
#2886=ORIENTED_EDGE('',*,*,#2252,.T.);
#2887=ORIENTED_EDGE('',*,*,#2253,.F.);
#2888=ORIENTED_EDGE('',*,*,#2254,.F.);
#2889=ORIENTED_EDGE('',*,*,#2255,.F.);
#2890=ORIENTED_EDGE('',*,*,#2256,.F.);
#2891=ORIENTED_EDGE('',*,*,#2257,.T.);
#2892=ORIENTED_EDGE('',*,*,#2258,.T.);
#2893=ORIENTED_EDGE('',*,*,#2259,.T.);
#2894=ORIENTED_EDGE('',*,*,#2260,.F.);
#2895=ORIENTED_EDGE('',*,*,#2261,.T.);
#2896=ORIENTED_EDGE('',*,*,#2262,.F.);
#2897=ORIENTED_EDGE('',*,*,#2263,.T.);
#2898=ORIENTED_EDGE('',*,*,#2264,.F.);
#2899=ORIENTED_EDGE('',*,*,#2265,.T.);
#2900=ORIENTED_EDGE('',*,*,#2266,.F.);
#2901=ORIENTED_EDGE('',*,*,#2250,.F.);
#2902=ORIENTED_EDGE('',*,*,#2247,.F.);
#2903=ORIENTED_EDGE('',*,*,#2248,.F.);
#2904=ORIENTED_EDGE('',*,*,#2267,.T.);
#2905=ORIENTED_EDGE('',*,*,#2268,.F.);
#2906=ORIENTED_EDGE('',*,*,#2267,.F.);
#2907=ORIENTED_EDGE('',*,*,#2269,.T.);
#2908=ORIENTED_EDGE('',*,*,#2270,.T.);
#2909=ORIENTED_EDGE('',*,*,#2271,.T.);
#2910=ORIENTED_EDGE('',*,*,#2266,.T.);
#2911=ORIENTED_EDGE('',*,*,#2271,.F.);
#2912=ORIENTED_EDGE('',*,*,#2269,.F.);
#2913=ORIENTED_EDGE('',*,*,#2270,.F.);
#2914=ORIENTED_EDGE('',*,*,#2272,.T.);
#2915=ORIENTED_EDGE('',*,*,#2273,.F.);
#2916=ORIENTED_EDGE('',*,*,#2272,.F.);
#2917=ORIENTED_EDGE('',*,*,#2274,.F.);
#2918=ORIENTED_EDGE('',*,*,#2275,.F.);
#2919=ORIENTED_EDGE('',*,*,#2276,.T.);
#2920=ORIENTED_EDGE('',*,*,#2277,.F.);
#2921=ORIENTED_EDGE('',*,*,#2274,.T.);
#2922=ORIENTED_EDGE('',*,*,#2278,.F.);
#2923=ORIENTED_EDGE('',*,*,#2251,.T.);
#2924=ORIENTED_EDGE('',*,*,#2279,.T.);
#2925=ORIENTED_EDGE('',*,*,#2280,.F.);
#2926=ORIENTED_EDGE('',*,*,#2281,.F.);
#2927=ORIENTED_EDGE('',*,*,#2282,.F.);
#2928=ORIENTED_EDGE('',*,*,#2283,.F.);
#2929=ORIENTED_EDGE('',*,*,#2284,.T.);
#2930=ORIENTED_EDGE('',*,*,#2285,.F.);
#2931=ORIENTED_EDGE('',*,*,#2282,.T.);
#2932=ORIENTED_EDGE('',*,*,#2286,.F.);
#2933=ORIENTED_EDGE('',*,*,#2262,.T.);
#2934=ORIENTED_EDGE('',*,*,#2287,.T.);
#2935=ORIENTED_EDGE('',*,*,#2288,.F.);
#2936=ORIENTED_EDGE('',*,*,#2289,.F.);
#2937=ORIENTED_EDGE('',*,*,#2290,.F.);
#2938=ORIENTED_EDGE('',*,*,#2291,.F.);
#2939=ORIENTED_EDGE('',*,*,#2292,.T.);
#2940=ORIENTED_EDGE('',*,*,#2293,.F.);
#2941=ORIENTED_EDGE('',*,*,#2294,.T.);
#2942=ORIENTED_EDGE('',*,*,#2295,.T.);
#2943=ORIENTED_EDGE('',*,*,#2296,.T.);
#2944=ORIENTED_EDGE('',*,*,#2297,.T.);
#2945=ORIENTED_EDGE('',*,*,#2291,.T.);
#2946=ORIENTED_EDGE('',*,*,#2298,.T.);
#2947=ORIENTED_EDGE('',*,*,#2296,.F.);
#2948=ORIENTED_EDGE('',*,*,#2299,.T.);
#2949=ORIENTED_EDGE('',*,*,#2300,.T.);
#2950=ORIENTED_EDGE('',*,*,#2254,.T.);
#2951=ORIENTED_EDGE('',*,*,#2293,.T.);
#2952=ORIENTED_EDGE('',*,*,#2301,.T.);
#2953=ORIENTED_EDGE('',*,*,#2302,.T.);
#2954=ORIENTED_EDGE('',*,*,#2255,.T.);
#2955=ORIENTED_EDGE('',*,*,#2300,.F.);
#2956=ORIENTED_EDGE('',*,*,#2303,.T.);
#2957=ORIENTED_EDGE('',*,*,#2304,.T.);
#2958=ORIENTED_EDGE('',*,*,#2256,.T.);
#2959=ORIENTED_EDGE('',*,*,#2302,.F.);
#2960=ORIENTED_EDGE('',*,*,#2305,.T.);
#2961=ORIENTED_EDGE('',*,*,#2306,.T.);
#2962=ORIENTED_EDGE('',*,*,#2307,.T.);
#2963=ORIENTED_EDGE('',*,*,#2290,.T.);
#2964=ORIENTED_EDGE('',*,*,#2253,.T.);
#2965=ORIENTED_EDGE('',*,*,#2301,.F.);
#2966=ORIENTED_EDGE('',*,*,#2292,.F.);
#2967=ORIENTED_EDGE('',*,*,#2299,.F.);
#2968=ORIENTED_EDGE('',*,*,#2295,.F.);
#2969=ORIENTED_EDGE('',*,*,#2308,.T.);
#2970=ORIENTED_EDGE('',*,*,#2309,.T.);
#2971=ORIENTED_EDGE('',*,*,#2294,.F.);
#2972=ORIENTED_EDGE('',*,*,#2310,.F.);
#2973=ORIENTED_EDGE('',*,*,#2311,.F.);
#2974=ORIENTED_EDGE('',*,*,#2308,.F.);
#2975=ORIENTED_EDGE('',*,*,#2297,.F.);
#2976=ORIENTED_EDGE('',*,*,#2312,.F.);
#2977=ORIENTED_EDGE('',*,*,#2313,.T.);
#2978=ORIENTED_EDGE('',*,*,#2314,.F.);
#2979=ORIENTED_EDGE('',*,*,#2298,.F.);
#2980=ORIENTED_EDGE('',*,*,#2307,.F.);
#2981=ORIENTED_EDGE('',*,*,#2315,.T.);
#2982=ORIENTED_EDGE('',*,*,#2316,.T.);
#2983=ORIENTED_EDGE('',*,*,#2317,.T.);
#2984=ORIENTED_EDGE('',*,*,#2318,.T.);
#2985=ORIENTED_EDGE('',*,*,#2319,.T.);
#2986=ORIENTED_EDGE('',*,*,#2320,.F.);
#2987=ORIENTED_EDGE('',*,*,#2321,.T.);
#2988=ORIENTED_EDGE('',*,*,#2322,.T.);
#2989=ORIENTED_EDGE('',*,*,#2323,.T.);
#2990=ORIENTED_EDGE('',*,*,#2324,.T.);
#2991=ORIENTED_EDGE('',*,*,#2325,.T.);
#2992=ORIENTED_EDGE('',*,*,#2326,.F.);
#2993=ORIENTED_EDGE('',*,*,#2327,.T.);
#2994=ORIENTED_EDGE('',*,*,#2312,.T.);
#2995=ORIENTED_EDGE('',*,*,#2328,.T.);
#2996=ORIENTED_EDGE('',*,*,#2329,.T.);
#2997=ORIENTED_EDGE('',*,*,#2330,.T.);
#2998=ORIENTED_EDGE('',*,*,#2331,.T.);
#2999=ORIENTED_EDGE('',*,*,#2332,.T.);
#3000=ORIENTED_EDGE('',*,*,#2333,.T.);
#3001=ORIENTED_EDGE('',*,*,#2330,.F.);
#3002=ORIENTED_EDGE('',*,*,#2334,.T.);
#3003=ORIENTED_EDGE('',*,*,#2329,.F.);
#3004=ORIENTED_EDGE('',*,*,#2335,.F.);
#3005=ORIENTED_EDGE('',*,*,#2336,.T.);
#3006=ORIENTED_EDGE('',*,*,#2337,.T.);
#3007=ORIENTED_EDGE('',*,*,#2338,.T.);
#3008=ORIENTED_EDGE('',*,*,#2339,.T.);
#3009=ORIENTED_EDGE('',*,*,#2328,.F.);
#3010=ORIENTED_EDGE('',*,*,#2340,.F.);
#3011=ORIENTED_EDGE('',*,*,#2341,.F.);
#3012=ORIENTED_EDGE('',*,*,#2257,.F.);
#3013=ORIENTED_EDGE('',*,*,#2304,.F.);
#3014=ORIENTED_EDGE('',*,*,#2342,.F.);
#3015=ORIENTED_EDGE('',*,*,#2343,.F.);
#3016=ORIENTED_EDGE('',*,*,#2344,.F.);
#3017=ORIENTED_EDGE('',*,*,#2345,.F.);
#3018=ORIENTED_EDGE('',*,*,#2346,.F.);
#3019=ORIENTED_EDGE('',*,*,#2347,.F.);
#3020=ORIENTED_EDGE('',*,*,#2348,.T.);
#3021=ORIENTED_EDGE('',*,*,#2349,.T.);
#3022=ORIENTED_EDGE('',*,*,#2350,.T.);
#3023=ORIENTED_EDGE('',*,*,#2351,.T.);
#3024=ORIENTED_EDGE('',*,*,#2352,.T.);
#3025=ORIENTED_EDGE('',*,*,#2353,.T.);
#3026=ORIENTED_EDGE('',*,*,#2354,.T.);
#3027=ORIENTED_EDGE('',*,*,#2355,.T.);
#3028=ORIENTED_EDGE('',*,*,#2356,.T.);
#3029=ORIENTED_EDGE('',*,*,#2357,.T.);
#3030=ORIENTED_EDGE('',*,*,#2358,.T.);
#3031=ORIENTED_EDGE('',*,*,#2359,.T.);
#3032=ORIENTED_EDGE('',*,*,#2335,.T.);
#3033=ORIENTED_EDGE('',*,*,#2360,.T.);
#3034=ORIENTED_EDGE('',*,*,#2361,.T.);
#3035=ORIENTED_EDGE('',*,*,#2362,.T.);
#3036=ORIENTED_EDGE('',*,*,#2363,.T.);
#3037=ORIENTED_EDGE('',*,*,#2364,.T.);
#3038=ORIENTED_EDGE('',*,*,#2365,.T.);
#3039=ORIENTED_EDGE('',*,*,#2366,.T.);
#3040=ORIENTED_EDGE('',*,*,#2367,.T.);
#3041=ORIENTED_EDGE('',*,*,#2368,.T.);
#3042=ORIENTED_EDGE('',*,*,#2369,.T.);
#3043=ORIENTED_EDGE('',*,*,#2370,.T.);
#3044=ORIENTED_EDGE('',*,*,#2371,.T.);
#3045=ORIENTED_EDGE('',*,*,#2372,.T.);
#3046=ORIENTED_EDGE('',*,*,#2373,.T.);
#3047=ORIENTED_EDGE('',*,*,#2374,.T.);
#3048=ORIENTED_EDGE('',*,*,#2375,.T.);
#3049=ORIENTED_EDGE('',*,*,#2376,.T.);
#3050=ORIENTED_EDGE('',*,*,#2377,.T.);
#3051=ORIENTED_EDGE('',*,*,#2378,.T.);
#3052=ORIENTED_EDGE('',*,*,#2379,.T.);
#3053=ORIENTED_EDGE('',*,*,#2380,.T.);
#3054=ORIENTED_EDGE('',*,*,#2381,.T.);
#3055=ORIENTED_EDGE('',*,*,#2382,.T.);
#3056=ORIENTED_EDGE('',*,*,#2383,.T.);
#3057=ORIENTED_EDGE('',*,*,#2384,.T.);
#3058=ORIENTED_EDGE('',*,*,#2385,.T.);
#3059=ORIENTED_EDGE('',*,*,#2386,.T.);
#3060=ORIENTED_EDGE('',*,*,#2387,.T.);
#3061=ORIENTED_EDGE('',*,*,#2388,.T.);
#3062=ORIENTED_EDGE('',*,*,#2389,.T.);
#3063=ORIENTED_EDGE('',*,*,#2331,.F.);
#3064=ORIENTED_EDGE('',*,*,#2390,.T.);
#3065=ORIENTED_EDGE('',*,*,#2391,.F.);
#3066=ORIENTED_EDGE('',*,*,#2340,.T.);
#3067=ORIENTED_EDGE('',*,*,#2392,.F.);
#3068=ORIENTED_EDGE('',*,*,#2264,.T.);
#3069=ORIENTED_EDGE('',*,*,#2393,.T.);
#3070=ORIENTED_EDGE('',*,*,#2320,.T.);
#3071=ORIENTED_EDGE('',*,*,#2394,.T.);
#3072=ORIENTED_EDGE('',*,*,#2395,.T.);
#3073=ORIENTED_EDGE('',*,*,#2396,.T.);
#3074=ORIENTED_EDGE('',*,*,#2397,.T.);
#3075=ORIENTED_EDGE('',*,*,#2398,.F.);
#3076=ORIENTED_EDGE('',*,*,#2260,.T.);
#3077=ORIENTED_EDGE('',*,*,#2399,.T.);
#3078=ORIENTED_EDGE('',*,*,#2397,.F.);
#3079=ORIENTED_EDGE('',*,*,#2400,.T.);
#3080=ORIENTED_EDGE('',*,*,#2326,.T.);
#3081=ORIENTED_EDGE('',*,*,#2394,.F.);
#3082=ORIENTED_EDGE('',*,*,#2399,.F.);
#3083=ORIENTED_EDGE('',*,*,#2259,.F.);
#3084=ORIENTED_EDGE('',*,*,#2401,.T.);
#3085=ORIENTED_EDGE('',*,*,#2402,.F.);
#3086=ORIENTED_EDGE('',*,*,#2334,.F.);
#3087=ORIENTED_EDGE('',*,*,#2337,.F.);
#3088=ORIENTED_EDGE('',*,*,#2403,.F.);
#3089=ORIENTED_EDGE('',*,*,#2404,.F.);
#3090=ORIENTED_EDGE('',*,*,#2396,.F.);
#3091=ORIENTED_EDGE('',*,*,#2405,.F.);
#3092=ORIENTED_EDGE('',*,*,#2406,.T.);
#3093=ORIENTED_EDGE('',*,*,#2327,.F.);
#3094=ORIENTED_EDGE('',*,*,#2400,.F.);
#3095=ORIENTED_EDGE('',*,*,#2401,.F.);
#3096=ORIENTED_EDGE('',*,*,#2258,.F.);
#3097=ORIENTED_EDGE('',*,*,#2341,.T.);
#3098=ORIENTED_EDGE('',*,*,#2391,.T.);
#3099=ORIENTED_EDGE('',*,*,#2407,.F.);
#3100=ORIENTED_EDGE('',*,*,#2408,.F.);
#3101=ORIENTED_EDGE('',*,*,#2332,.F.);
#3102=ORIENTED_EDGE('',*,*,#2404,.T.);
#3103=ORIENTED_EDGE('',*,*,#2409,.T.);
#3104=ORIENTED_EDGE('',*,*,#2410,.T.);
#3105=ORIENTED_EDGE('',*,*,#2411,.T.);
#3106=ORIENTED_EDGE('',*,*,#2412,.T.);
#3107=ORIENTED_EDGE('',*,*,#2413,.T.);
#3108=ORIENTED_EDGE('',*,*,#2414,.T.);
#3109=ORIENTED_EDGE('',*,*,#2415,.T.);
#3110=ORIENTED_EDGE('',*,*,#2416,.T.);
#3111=ORIENTED_EDGE('',*,*,#2417,.T.);
#3112=ORIENTED_EDGE('',*,*,#2418,.T.);
#3113=ORIENTED_EDGE('',*,*,#2419,.T.);
#3114=ORIENTED_EDGE('',*,*,#2420,.T.);
#3115=ORIENTED_EDGE('',*,*,#2421,.T.);
#3116=ORIENTED_EDGE('',*,*,#2422,.T.);
#3117=ORIENTED_EDGE('',*,*,#2423,.T.);
#3118=ORIENTED_EDGE('',*,*,#2424,.T.);
#3119=ORIENTED_EDGE('',*,*,#2425,.T.);
#3120=ORIENTED_EDGE('',*,*,#2405,.T.);
#3121=ORIENTED_EDGE('',*,*,#2395,.F.);
#3122=ORIENTED_EDGE('',*,*,#2402,.T.);
#3123=ORIENTED_EDGE('',*,*,#2408,.T.);
#3124=ORIENTED_EDGE('',*,*,#2426,.T.);
#3125=ORIENTED_EDGE('',*,*,#2427,.T.);
#3126=ORIENTED_EDGE('',*,*,#2428,.T.);
#3127=ORIENTED_EDGE('',*,*,#2429,.T.);
#3128=ORIENTED_EDGE('',*,*,#2430,.T.);
#3129=ORIENTED_EDGE('',*,*,#2431,.T.);
#3130=ORIENTED_EDGE('',*,*,#2432,.T.);
#3131=ORIENTED_EDGE('',*,*,#2433,.T.);
#3132=ORIENTED_EDGE('',*,*,#2434,.T.);
#3133=ORIENTED_EDGE('',*,*,#2435,.T.);
#3134=ORIENTED_EDGE('',*,*,#2436,.T.);
#3135=ORIENTED_EDGE('',*,*,#2437,.T.);
#3136=ORIENTED_EDGE('',*,*,#2438,.T.);
#3137=ORIENTED_EDGE('',*,*,#2439,.T.);
#3138=ORIENTED_EDGE('',*,*,#2440,.T.);
#3139=ORIENTED_EDGE('',*,*,#2441,.T.);
#3140=ORIENTED_EDGE('',*,*,#2442,.T.);
#3141=ORIENTED_EDGE('',*,*,#2443,.T.);
#3142=ORIENTED_EDGE('',*,*,#2444,.T.);
#3143=ORIENTED_EDGE('',*,*,#2445,.T.);
#3144=ORIENTED_EDGE('',*,*,#2446,.T.);
#3145=ORIENTED_EDGE('',*,*,#2447,.T.);
#3146=ORIENTED_EDGE('',*,*,#2448,.T.);
#3147=ORIENTED_EDGE('',*,*,#2449,.T.);
#3148=ORIENTED_EDGE('',*,*,#2450,.T.);
#3149=ORIENTED_EDGE('',*,*,#2451,.T.);
#3150=ORIENTED_EDGE('',*,*,#2452,.T.);
#3151=ORIENTED_EDGE('',*,*,#2453,.T.);
#3152=ORIENTED_EDGE('',*,*,#2454,.T.);
#3153=ORIENTED_EDGE('',*,*,#2333,.F.);
#3154=ORIENTED_EDGE('',*,*,#2426,.F.);
#3155=ORIENTED_EDGE('',*,*,#2407,.T.);
#3156=ORIENTED_EDGE('',*,*,#2390,.F.);
#3157=ORIENTED_EDGE('',*,*,#2305,.F.);
#3158=ORIENTED_EDGE('',*,*,#2455,.T.);
#3159=ORIENTED_EDGE('',*,*,#2456,.T.);
#3160=ORIENTED_EDGE('',*,*,#2342,.T.);
#3161=ORIENTED_EDGE('',*,*,#2457,.T.);
#3162=ORIENTED_EDGE('',*,*,#2458,.T.);
#3163=ORIENTED_EDGE('',*,*,#2459,.F.);
#3164=ORIENTED_EDGE('',*,*,#2460,.F.);
#3165=ORIENTED_EDGE('',*,*,#2458,.F.);
#3166=ORIENTED_EDGE('',*,*,#2461,.T.);
#3167=ORIENTED_EDGE('',*,*,#2462,.T.);
#3168=ORIENTED_EDGE('',*,*,#2463,.F.);
#3169=ORIENTED_EDGE('',*,*,#2464,.F.);
#3170=ORIENTED_EDGE('',*,*,#2463,.T.);
#3171=ORIENTED_EDGE('',*,*,#2465,.T.);
#3172=ORIENTED_EDGE('',*,*,#2466,.T.);
#3173=ORIENTED_EDGE('',*,*,#2462,.F.);
#3174=ORIENTED_EDGE('',*,*,#2467,.T.);
#3175=ORIENTED_EDGE('',*,*,#2468,.T.);
#3176=ORIENTED_EDGE('',*,*,#2469,.F.);
#3177=ORIENTED_EDGE('',*,*,#2465,.F.);
#3178=ORIENTED_EDGE('',*,*,#2469,.T.);
#3179=ORIENTED_EDGE('',*,*,#2470,.T.);
#3180=ORIENTED_EDGE('',*,*,#2471,.T.);
#3181=ORIENTED_EDGE('',*,*,#2468,.F.);
#3182=ORIENTED_EDGE('',*,*,#2472,.T.);
#3183=ORIENTED_EDGE('',*,*,#2473,.T.);
#3184=ORIENTED_EDGE('',*,*,#2474,.F.);
#3185=ORIENTED_EDGE('',*,*,#2470,.F.);
#3186=ORIENTED_EDGE('',*,*,#2474,.T.);
#3187=ORIENTED_EDGE('',*,*,#2475,.T.);
#3188=ORIENTED_EDGE('',*,*,#2476,.T.);
#3189=ORIENTED_EDGE('',*,*,#2473,.F.);
#3190=ORIENTED_EDGE('',*,*,#2477,.T.);
#3191=ORIENTED_EDGE('',*,*,#2478,.T.);
#3192=ORIENTED_EDGE('',*,*,#2479,.F.);
#3193=ORIENTED_EDGE('',*,*,#2475,.F.);
#3194=ORIENTED_EDGE('',*,*,#2479,.T.);
#3195=ORIENTED_EDGE('',*,*,#2480,.T.);
#3196=ORIENTED_EDGE('',*,*,#2481,.T.);
#3197=ORIENTED_EDGE('',*,*,#2478,.F.);
#3198=ORIENTED_EDGE('',*,*,#2482,.T.);
#3199=ORIENTED_EDGE('',*,*,#2483,.T.);
#3200=ORIENTED_EDGE('',*,*,#2484,.F.);
#3201=ORIENTED_EDGE('',*,*,#2480,.F.);
#3202=ORIENTED_EDGE('',*,*,#2484,.T.);
#3203=ORIENTED_EDGE('',*,*,#2485,.T.);
#3204=ORIENTED_EDGE('',*,*,#2486,.T.);
#3205=ORIENTED_EDGE('',*,*,#2483,.F.);
#3206=ORIENTED_EDGE('',*,*,#2487,.T.);
#3207=ORIENTED_EDGE('',*,*,#2488,.T.);
#3208=ORIENTED_EDGE('',*,*,#2489,.F.);
#3209=ORIENTED_EDGE('',*,*,#2485,.F.);
#3210=ORIENTED_EDGE('',*,*,#2489,.T.);
#3211=ORIENTED_EDGE('',*,*,#2490,.T.);
#3212=ORIENTED_EDGE('',*,*,#2491,.T.);
#3213=ORIENTED_EDGE('',*,*,#2488,.F.);
#3214=ORIENTED_EDGE('',*,*,#2492,.T.);
#3215=ORIENTED_EDGE('',*,*,#2493,.T.);
#3216=ORIENTED_EDGE('',*,*,#2494,.F.);
#3217=ORIENTED_EDGE('',*,*,#2490,.F.);
#3218=ORIENTED_EDGE('',*,*,#2494,.T.);
#3219=ORIENTED_EDGE('',*,*,#2495,.T.);
#3220=ORIENTED_EDGE('',*,*,#2496,.T.);
#3221=ORIENTED_EDGE('',*,*,#2493,.F.);
#3222=ORIENTED_EDGE('',*,*,#2497,.T.);
#3223=ORIENTED_EDGE('',*,*,#2498,.T.);
#3224=ORIENTED_EDGE('',*,*,#2499,.F.);
#3225=ORIENTED_EDGE('',*,*,#2495,.F.);
#3226=ORIENTED_EDGE('',*,*,#2499,.T.);
#3227=ORIENTED_EDGE('',*,*,#2500,.T.);
#3228=ORIENTED_EDGE('',*,*,#2501,.T.);
#3229=ORIENTED_EDGE('',*,*,#2498,.F.);
#3230=ORIENTED_EDGE('',*,*,#2502,.T.);
#3231=ORIENTED_EDGE('',*,*,#2503,.T.);
#3232=ORIENTED_EDGE('',*,*,#2504,.F.);
#3233=ORIENTED_EDGE('',*,*,#2500,.F.);
#3234=ORIENTED_EDGE('',*,*,#2504,.T.);
#3235=ORIENTED_EDGE('',*,*,#2505,.T.);
#3236=ORIENTED_EDGE('',*,*,#2506,.T.);
#3237=ORIENTED_EDGE('',*,*,#2507,.T.);
#3238=ORIENTED_EDGE('',*,*,#2508,.F.);
#3239=ORIENTED_EDGE('',*,*,#2505,.F.);
#3240=ORIENTED_EDGE('',*,*,#2509,.T.);
#3241=ORIENTED_EDGE('',*,*,#2510,.T.);
#3242=ORIENTED_EDGE('',*,*,#2511,.T.);
#3243=ORIENTED_EDGE('',*,*,#2512,.F.);
#3244=ORIENTED_EDGE('',*,*,#2509,.F.);
#3245=ORIENTED_EDGE('',*,*,#2503,.F.);
#3246=ORIENTED_EDGE('',*,*,#2510,.F.);
#3247=ORIENTED_EDGE('',*,*,#2502,.F.);
#3248=ORIENTED_EDGE('',*,*,#2497,.F.);
#3249=ORIENTED_EDGE('',*,*,#2492,.F.);
#3250=ORIENTED_EDGE('',*,*,#2487,.F.);
#3251=ORIENTED_EDGE('',*,*,#2482,.F.);
#3252=ORIENTED_EDGE('',*,*,#2477,.F.);
#3253=ORIENTED_EDGE('',*,*,#2472,.F.);
#3254=ORIENTED_EDGE('',*,*,#2467,.F.);
#3255=ORIENTED_EDGE('',*,*,#2461,.F.);
#3256=ORIENTED_EDGE('',*,*,#2457,.F.);
#3257=ORIENTED_EDGE('',*,*,#2513,.F.);
#3258=ORIENTED_EDGE('',*,*,#2514,.F.);
#3259=ORIENTED_EDGE('',*,*,#2515,.T.);
#3260=ORIENTED_EDGE('',*,*,#2516,.T.);
#3261=ORIENTED_EDGE('',*,*,#2507,.F.);
#3262=ORIENTED_EDGE('',*,*,#2512,.T.);
#3263=ORIENTED_EDGE('',*,*,#2460,.T.);
#3264=ORIENTED_EDGE('',*,*,#2517,.F.);
#3265=ORIENTED_EDGE('',*,*,#2514,.T.);
#3266=ORIENTED_EDGE('',*,*,#2511,.F.);
#3267=ORIENTED_EDGE('',*,*,#2513,.T.);
#3268=ORIENTED_EDGE('',*,*,#2517,.T.);
#3269=ORIENTED_EDGE('',*,*,#2459,.T.);
#3270=ORIENTED_EDGE('',*,*,#2464,.T.);
#3271=ORIENTED_EDGE('',*,*,#2518,.T.);
#3272=ORIENTED_EDGE('',*,*,#2515,.F.);
#3273=ORIENTED_EDGE('',*,*,#2519,.T.);
#3274=ORIENTED_EDGE('',*,*,#2486,.F.);
#3275=ORIENTED_EDGE('',*,*,#2520,.F.);
#3276=ORIENTED_EDGE('',*,*,#2521,.F.);
#3277=ORIENTED_EDGE('',*,*,#2522,.F.);
#3278=ORIENTED_EDGE('',*,*,#2481,.F.);
#3279=ORIENTED_EDGE('',*,*,#2519,.F.);
#3280=ORIENTED_EDGE('',*,*,#2523,.F.);
#3281=ORIENTED_EDGE('',*,*,#2524,.T.);
#3282=ORIENTED_EDGE('',*,*,#2476,.F.);
#3283=ORIENTED_EDGE('',*,*,#2522,.T.);
#3284=ORIENTED_EDGE('',*,*,#2525,.F.);
#3285=ORIENTED_EDGE('',*,*,#2526,.F.);
#3286=ORIENTED_EDGE('',*,*,#2471,.F.);
#3287=ORIENTED_EDGE('',*,*,#2524,.F.);
#3288=ORIENTED_EDGE('',*,*,#2527,.F.);
#3289=ORIENTED_EDGE('',*,*,#2528,.F.);
#3290=ORIENTED_EDGE('',*,*,#2466,.F.);
#3291=ORIENTED_EDGE('',*,*,#2526,.T.);
#3292=ORIENTED_EDGE('',*,*,#2529,.F.);
#3293=ORIENTED_EDGE('',*,*,#2530,.F.);
#3294=ORIENTED_EDGE('',*,*,#2518,.F.);
#3295=ORIENTED_EDGE('',*,*,#2528,.T.);
#3296=ORIENTED_EDGE('',*,*,#2531,.F.);
#3297=ORIENTED_EDGE('',*,*,#2532,.F.);
#3298=ORIENTED_EDGE('',*,*,#2516,.F.);
#3299=ORIENTED_EDGE('',*,*,#2530,.T.);
#3300=ORIENTED_EDGE('',*,*,#2533,.F.);
#3301=ORIENTED_EDGE('',*,*,#2533,.T.);
#3302=ORIENTED_EDGE('',*,*,#2534,.T.);
#3303=ORIENTED_EDGE('',*,*,#2443,.F.);
#3304=ORIENTED_EDGE('',*,*,#2535,.F.);
#3305=ORIENTED_EDGE('',*,*,#2536,.F.);
#3306=ORIENTED_EDGE('',*,*,#2537,.T.);
#3307=ORIENTED_EDGE('',*,*,#2535,.T.);
#3308=ORIENTED_EDGE('',*,*,#2454,.F.);
#3309=ORIENTED_EDGE('',*,*,#2538,.F.);
#3310=ORIENTED_EDGE('',*,*,#2539,.T.);
#3311=ORIENTED_EDGE('',*,*,#2536,.T.);
#3312=ORIENTED_EDGE('',*,*,#2453,.F.);
#3313=ORIENTED_EDGE('',*,*,#2540,.F.);
#3314=ORIENTED_EDGE('',*,*,#2541,.T.);
#3315=ORIENTED_EDGE('',*,*,#2538,.T.);
#3316=ORIENTED_EDGE('',*,*,#2452,.F.);
#3317=ORIENTED_EDGE('',*,*,#2542,.F.);
#3318=ORIENTED_EDGE('',*,*,#2543,.T.);
#3319=ORIENTED_EDGE('',*,*,#2540,.T.);
#3320=ORIENTED_EDGE('',*,*,#2451,.F.);
#3321=ORIENTED_EDGE('',*,*,#2544,.F.);
#3322=ORIENTED_EDGE('',*,*,#2545,.T.);
#3323=ORIENTED_EDGE('',*,*,#2542,.T.);
#3324=ORIENTED_EDGE('',*,*,#2450,.F.);
#3325=ORIENTED_EDGE('',*,*,#2546,.F.);
#3326=ORIENTED_EDGE('',*,*,#2521,.T.);
#3327=ORIENTED_EDGE('',*,*,#2544,.T.);
#3328=ORIENTED_EDGE('',*,*,#2449,.F.);
#3329=ORIENTED_EDGE('',*,*,#2547,.F.);
#3330=ORIENTED_EDGE('',*,*,#2523,.T.);
#3331=ORIENTED_EDGE('',*,*,#2546,.T.);
#3332=ORIENTED_EDGE('',*,*,#2448,.F.);
#3333=ORIENTED_EDGE('',*,*,#2548,.F.);
#3334=ORIENTED_EDGE('',*,*,#2525,.T.);
#3335=ORIENTED_EDGE('',*,*,#2547,.T.);
#3336=ORIENTED_EDGE('',*,*,#2447,.F.);
#3337=ORIENTED_EDGE('',*,*,#2549,.F.);
#3338=ORIENTED_EDGE('',*,*,#2527,.T.);
#3339=ORIENTED_EDGE('',*,*,#2548,.T.);
#3340=ORIENTED_EDGE('',*,*,#2446,.F.);
#3341=ORIENTED_EDGE('',*,*,#2550,.F.);
#3342=ORIENTED_EDGE('',*,*,#2529,.T.);
#3343=ORIENTED_EDGE('',*,*,#2549,.T.);
#3344=ORIENTED_EDGE('',*,*,#2445,.F.);
#3345=ORIENTED_EDGE('',*,*,#2534,.F.);
#3346=ORIENTED_EDGE('',*,*,#2531,.T.);
#3347=ORIENTED_EDGE('',*,*,#2550,.T.);
#3348=ORIENTED_EDGE('',*,*,#2444,.F.);
#3349=ORIENTED_EDGE('',*,*,#2551,.F.);
#3350=ORIENTED_EDGE('',*,*,#2508,.T.);
#3351=ORIENTED_EDGE('',*,*,#2532,.T.);
#3352=ORIENTED_EDGE('',*,*,#2537,.F.);
#3353=ORIENTED_EDGE('',*,*,#2552,.F.);
#3354=ORIENTED_EDGE('',*,*,#2506,.F.);
#3355=ORIENTED_EDGE('',*,*,#2551,.T.);
#3356=ORIENTED_EDGE('',*,*,#2539,.F.);
#3357=ORIENTED_EDGE('',*,*,#2553,.T.);
#3358=ORIENTED_EDGE('',*,*,#2501,.F.);
#3359=ORIENTED_EDGE('',*,*,#2552,.T.);
#3360=ORIENTED_EDGE('',*,*,#2541,.F.);
#3361=ORIENTED_EDGE('',*,*,#2554,.F.);
#3362=ORIENTED_EDGE('',*,*,#2496,.F.);
#3363=ORIENTED_EDGE('',*,*,#2553,.F.);
#3364=ORIENTED_EDGE('',*,*,#2543,.F.);
#3365=ORIENTED_EDGE('',*,*,#2520,.T.);
#3366=ORIENTED_EDGE('',*,*,#2491,.F.);
#3367=ORIENTED_EDGE('',*,*,#2554,.T.);
#3368=ORIENTED_EDGE('',*,*,#2545,.F.);
#3369=ORIENTED_EDGE('',*,*,#2555,.T.);
#3370=ORIENTED_EDGE('',*,*,#2556,.T.);
#3371=ORIENTED_EDGE('',*,*,#2557,.F.);
#3372=ORIENTED_EDGE('',*,*,#2558,.F.);
#3373=ORIENTED_EDGE('',*,*,#2556,.F.);
#3374=ORIENTED_EDGE('',*,*,#2559,.T.);
#3375=ORIENTED_EDGE('',*,*,#2560,.T.);
#3376=ORIENTED_EDGE('',*,*,#2561,.F.);
#3377=ORIENTED_EDGE('',*,*,#2562,.F.);
#3378=ORIENTED_EDGE('',*,*,#2561,.T.);
#3379=ORIENTED_EDGE('',*,*,#2563,.T.);
#3380=ORIENTED_EDGE('',*,*,#2564,.T.);
#3381=ORIENTED_EDGE('',*,*,#2560,.F.);
#3382=ORIENTED_EDGE('',*,*,#2565,.T.);
#3383=ORIENTED_EDGE('',*,*,#2566,.T.);
#3384=ORIENTED_EDGE('',*,*,#2567,.F.);
#3385=ORIENTED_EDGE('',*,*,#2563,.F.);
#3386=ORIENTED_EDGE('',*,*,#2567,.T.);
#3387=ORIENTED_EDGE('',*,*,#2568,.T.);
#3388=ORIENTED_EDGE('',*,*,#2569,.T.);
#3389=ORIENTED_EDGE('',*,*,#2566,.F.);
#3390=ORIENTED_EDGE('',*,*,#2570,.T.);
#3391=ORIENTED_EDGE('',*,*,#2571,.T.);
#3392=ORIENTED_EDGE('',*,*,#2572,.F.);
#3393=ORIENTED_EDGE('',*,*,#2568,.F.);
#3394=ORIENTED_EDGE('',*,*,#2572,.T.);
#3395=ORIENTED_EDGE('',*,*,#2573,.T.);
#3396=ORIENTED_EDGE('',*,*,#2574,.T.);
#3397=ORIENTED_EDGE('',*,*,#2571,.F.);
#3398=ORIENTED_EDGE('',*,*,#2575,.T.);
#3399=ORIENTED_EDGE('',*,*,#2576,.T.);
#3400=ORIENTED_EDGE('',*,*,#2577,.F.);
#3401=ORIENTED_EDGE('',*,*,#2573,.F.);
#3402=ORIENTED_EDGE('',*,*,#2577,.T.);
#3403=ORIENTED_EDGE('',*,*,#2578,.T.);
#3404=ORIENTED_EDGE('',*,*,#2579,.T.);
#3405=ORIENTED_EDGE('',*,*,#2576,.F.);
#3406=ORIENTED_EDGE('',*,*,#2580,.T.);
#3407=ORIENTED_EDGE('',*,*,#2581,.T.);
#3408=ORIENTED_EDGE('',*,*,#2582,.F.);
#3409=ORIENTED_EDGE('',*,*,#2578,.F.);
#3410=ORIENTED_EDGE('',*,*,#2582,.T.);
#3411=ORIENTED_EDGE('',*,*,#2583,.T.);
#3412=ORIENTED_EDGE('',*,*,#2584,.T.);
#3413=ORIENTED_EDGE('',*,*,#2581,.F.);
#3414=ORIENTED_EDGE('',*,*,#2585,.T.);
#3415=ORIENTED_EDGE('',*,*,#2586,.T.);
#3416=ORIENTED_EDGE('',*,*,#2587,.F.);
#3417=ORIENTED_EDGE('',*,*,#2583,.F.);
#3418=ORIENTED_EDGE('',*,*,#2587,.T.);
#3419=ORIENTED_EDGE('',*,*,#2588,.T.);
#3420=ORIENTED_EDGE('',*,*,#2589,.T.);
#3421=ORIENTED_EDGE('',*,*,#2586,.F.);
#3422=ORIENTED_EDGE('',*,*,#2590,.T.);
#3423=ORIENTED_EDGE('',*,*,#2591,.T.);
#3424=ORIENTED_EDGE('',*,*,#2592,.F.);
#3425=ORIENTED_EDGE('',*,*,#2588,.F.);
#3426=ORIENTED_EDGE('',*,*,#2592,.T.);
#3427=ORIENTED_EDGE('',*,*,#2593,.T.);
#3428=ORIENTED_EDGE('',*,*,#2594,.T.);
#3429=ORIENTED_EDGE('',*,*,#2591,.F.);
#3430=ORIENTED_EDGE('',*,*,#2595,.T.);
#3431=ORIENTED_EDGE('',*,*,#2596,.T.);
#3432=ORIENTED_EDGE('',*,*,#2597,.F.);
#3433=ORIENTED_EDGE('',*,*,#2593,.F.);
#3434=ORIENTED_EDGE('',*,*,#2597,.T.);
#3435=ORIENTED_EDGE('',*,*,#2598,.T.);
#3436=ORIENTED_EDGE('',*,*,#2599,.T.);
#3437=ORIENTED_EDGE('',*,*,#2596,.F.);
#3438=ORIENTED_EDGE('',*,*,#2600,.T.);
#3439=ORIENTED_EDGE('',*,*,#2601,.T.);
#3440=ORIENTED_EDGE('',*,*,#2602,.F.);
#3441=ORIENTED_EDGE('',*,*,#2598,.F.);
#3442=ORIENTED_EDGE('',*,*,#2602,.T.);
#3443=ORIENTED_EDGE('',*,*,#2603,.T.);
#3444=ORIENTED_EDGE('',*,*,#2604,.T.);
#3445=ORIENTED_EDGE('',*,*,#2605,.T.);
#3446=ORIENTED_EDGE('',*,*,#2606,.F.);
#3447=ORIENTED_EDGE('',*,*,#2603,.F.);
#3448=ORIENTED_EDGE('',*,*,#2607,.T.);
#3449=ORIENTED_EDGE('',*,*,#2608,.T.);
#3450=ORIENTED_EDGE('',*,*,#2609,.T.);
#3451=ORIENTED_EDGE('',*,*,#2610,.F.);
#3452=ORIENTED_EDGE('',*,*,#2607,.F.);
#3453=ORIENTED_EDGE('',*,*,#2601,.F.);
#3454=ORIENTED_EDGE('',*,*,#2608,.F.);
#3455=ORIENTED_EDGE('',*,*,#2600,.F.);
#3456=ORIENTED_EDGE('',*,*,#2595,.F.);
#3457=ORIENTED_EDGE('',*,*,#2590,.F.);
#3458=ORIENTED_EDGE('',*,*,#2585,.F.);
#3459=ORIENTED_EDGE('',*,*,#2580,.F.);
#3460=ORIENTED_EDGE('',*,*,#2575,.F.);
#3461=ORIENTED_EDGE('',*,*,#2570,.F.);
#3462=ORIENTED_EDGE('',*,*,#2565,.F.);
#3463=ORIENTED_EDGE('',*,*,#2559,.F.);
#3464=ORIENTED_EDGE('',*,*,#2555,.F.);
#3465=ORIENTED_EDGE('',*,*,#2611,.F.);
#3466=ORIENTED_EDGE('',*,*,#2612,.F.);
#3467=ORIENTED_EDGE('',*,*,#2613,.T.);
#3468=ORIENTED_EDGE('',*,*,#2614,.T.);
#3469=ORIENTED_EDGE('',*,*,#2605,.F.);
#3470=ORIENTED_EDGE('',*,*,#2610,.T.);
#3471=ORIENTED_EDGE('',*,*,#2558,.T.);
#3472=ORIENTED_EDGE('',*,*,#2615,.F.);
#3473=ORIENTED_EDGE('',*,*,#2612,.T.);
#3474=ORIENTED_EDGE('',*,*,#2609,.F.);
#3475=ORIENTED_EDGE('',*,*,#2611,.T.);
#3476=ORIENTED_EDGE('',*,*,#2615,.T.);
#3477=ORIENTED_EDGE('',*,*,#2557,.T.);
#3478=ORIENTED_EDGE('',*,*,#2562,.T.);
#3479=ORIENTED_EDGE('',*,*,#2616,.T.);
#3480=ORIENTED_EDGE('',*,*,#2613,.F.);
#3481=ORIENTED_EDGE('',*,*,#2617,.T.);
#3482=ORIENTED_EDGE('',*,*,#2584,.F.);
#3483=ORIENTED_EDGE('',*,*,#2618,.F.);
#3484=ORIENTED_EDGE('',*,*,#2619,.F.);
#3485=ORIENTED_EDGE('',*,*,#2620,.F.);
#3486=ORIENTED_EDGE('',*,*,#2579,.F.);
#3487=ORIENTED_EDGE('',*,*,#2617,.F.);
#3488=ORIENTED_EDGE('',*,*,#2621,.F.);
#3489=ORIENTED_EDGE('',*,*,#2622,.T.);
#3490=ORIENTED_EDGE('',*,*,#2574,.F.);
#3491=ORIENTED_EDGE('',*,*,#2620,.T.);
#3492=ORIENTED_EDGE('',*,*,#2623,.F.);
#3493=ORIENTED_EDGE('',*,*,#2624,.F.);
#3494=ORIENTED_EDGE('',*,*,#2569,.F.);
#3495=ORIENTED_EDGE('',*,*,#2622,.F.);
#3496=ORIENTED_EDGE('',*,*,#2625,.F.);
#3497=ORIENTED_EDGE('',*,*,#2626,.F.);
#3498=ORIENTED_EDGE('',*,*,#2564,.F.);
#3499=ORIENTED_EDGE('',*,*,#2624,.T.);
#3500=ORIENTED_EDGE('',*,*,#2627,.F.);
#3501=ORIENTED_EDGE('',*,*,#2628,.F.);
#3502=ORIENTED_EDGE('',*,*,#2616,.F.);
#3503=ORIENTED_EDGE('',*,*,#2626,.T.);
#3504=ORIENTED_EDGE('',*,*,#2629,.F.);
#3505=ORIENTED_EDGE('',*,*,#2630,.F.);
#3506=ORIENTED_EDGE('',*,*,#2614,.F.);
#3507=ORIENTED_EDGE('',*,*,#2628,.T.);
#3508=ORIENTED_EDGE('',*,*,#2631,.F.);
#3509=ORIENTED_EDGE('',*,*,#2631,.T.);
#3510=ORIENTED_EDGE('',*,*,#2632,.T.);
#3511=ORIENTED_EDGE('',*,*,#2431,.F.);
#3512=ORIENTED_EDGE('',*,*,#2633,.F.);
#3513=ORIENTED_EDGE('',*,*,#2634,.F.);
#3514=ORIENTED_EDGE('',*,*,#2635,.T.);
#3515=ORIENTED_EDGE('',*,*,#2633,.T.);
#3516=ORIENTED_EDGE('',*,*,#2442,.F.);
#3517=ORIENTED_EDGE('',*,*,#2636,.F.);
#3518=ORIENTED_EDGE('',*,*,#2637,.T.);
#3519=ORIENTED_EDGE('',*,*,#2634,.T.);
#3520=ORIENTED_EDGE('',*,*,#2441,.F.);
#3521=ORIENTED_EDGE('',*,*,#2638,.F.);
#3522=ORIENTED_EDGE('',*,*,#2639,.T.);
#3523=ORIENTED_EDGE('',*,*,#2636,.T.);
#3524=ORIENTED_EDGE('',*,*,#2440,.F.);
#3525=ORIENTED_EDGE('',*,*,#2640,.F.);
#3526=ORIENTED_EDGE('',*,*,#2641,.T.);
#3527=ORIENTED_EDGE('',*,*,#2638,.T.);
#3528=ORIENTED_EDGE('',*,*,#2439,.F.);
#3529=ORIENTED_EDGE('',*,*,#2642,.F.);
#3530=ORIENTED_EDGE('',*,*,#2643,.T.);
#3531=ORIENTED_EDGE('',*,*,#2640,.T.);
#3532=ORIENTED_EDGE('',*,*,#2438,.F.);
#3533=ORIENTED_EDGE('',*,*,#2644,.F.);
#3534=ORIENTED_EDGE('',*,*,#2619,.T.);
#3535=ORIENTED_EDGE('',*,*,#2642,.T.);
#3536=ORIENTED_EDGE('',*,*,#2437,.F.);
#3537=ORIENTED_EDGE('',*,*,#2645,.F.);
#3538=ORIENTED_EDGE('',*,*,#2621,.T.);
#3539=ORIENTED_EDGE('',*,*,#2644,.T.);
#3540=ORIENTED_EDGE('',*,*,#2436,.F.);
#3541=ORIENTED_EDGE('',*,*,#2646,.F.);
#3542=ORIENTED_EDGE('',*,*,#2623,.T.);
#3543=ORIENTED_EDGE('',*,*,#2645,.T.);
#3544=ORIENTED_EDGE('',*,*,#2435,.F.);
#3545=ORIENTED_EDGE('',*,*,#2647,.F.);
#3546=ORIENTED_EDGE('',*,*,#2625,.T.);
#3547=ORIENTED_EDGE('',*,*,#2646,.T.);
#3548=ORIENTED_EDGE('',*,*,#2434,.F.);
#3549=ORIENTED_EDGE('',*,*,#2648,.F.);
#3550=ORIENTED_EDGE('',*,*,#2627,.T.);
#3551=ORIENTED_EDGE('',*,*,#2647,.T.);
#3552=ORIENTED_EDGE('',*,*,#2433,.F.);
#3553=ORIENTED_EDGE('',*,*,#2632,.F.);
#3554=ORIENTED_EDGE('',*,*,#2629,.T.);
#3555=ORIENTED_EDGE('',*,*,#2648,.T.);
#3556=ORIENTED_EDGE('',*,*,#2432,.F.);
#3557=ORIENTED_EDGE('',*,*,#2649,.F.);
#3558=ORIENTED_EDGE('',*,*,#2606,.T.);
#3559=ORIENTED_EDGE('',*,*,#2630,.T.);
#3560=ORIENTED_EDGE('',*,*,#2635,.F.);
#3561=ORIENTED_EDGE('',*,*,#2650,.F.);
#3562=ORIENTED_EDGE('',*,*,#2604,.F.);
#3563=ORIENTED_EDGE('',*,*,#2649,.T.);
#3564=ORIENTED_EDGE('',*,*,#2637,.F.);
#3565=ORIENTED_EDGE('',*,*,#2651,.T.);
#3566=ORIENTED_EDGE('',*,*,#2599,.F.);
#3567=ORIENTED_EDGE('',*,*,#2650,.T.);
#3568=ORIENTED_EDGE('',*,*,#2639,.F.);
#3569=ORIENTED_EDGE('',*,*,#2652,.F.);
#3570=ORIENTED_EDGE('',*,*,#2594,.F.);
#3571=ORIENTED_EDGE('',*,*,#2651,.F.);
#3572=ORIENTED_EDGE('',*,*,#2641,.F.);
#3573=ORIENTED_EDGE('',*,*,#2618,.T.);
#3574=ORIENTED_EDGE('',*,*,#2589,.F.);
#3575=ORIENTED_EDGE('',*,*,#2652,.T.);
#3576=ORIENTED_EDGE('',*,*,#2643,.F.);
#3577=ORIENTED_EDGE('',*,*,#2429,.F.);
#3578=ORIENTED_EDGE('',*,*,#2653,.F.);
#3579=ORIENTED_EDGE('',*,*,#2654,.F.);
#3580=ORIENTED_EDGE('',*,*,#2655,.F.);
#3581=ORIENTED_EDGE('',*,*,#2656,.F.);
#3582=ORIENTED_EDGE('',*,*,#2657,.T.);
#3583=ORIENTED_EDGE('',*,*,#2427,.F.);
#3584=ORIENTED_EDGE('',*,*,#2658,.F.);
#3585=ORIENTED_EDGE('',*,*,#2430,.F.);
#3586=ORIENTED_EDGE('',*,*,#2655,.T.);
#3587=ORIENTED_EDGE('',*,*,#2659,.F.);
#3588=ORIENTED_EDGE('',*,*,#2658,.T.);
#3589=ORIENTED_EDGE('',*,*,#2428,.F.);
#3590=ORIENTED_EDGE('',*,*,#2657,.F.);
#3591=ORIENTED_EDGE('',*,*,#2660,.F.);
#3592=ORIENTED_EDGE('',*,*,#2653,.T.);
#3593=ORIENTED_EDGE('',*,*,#2659,.T.);
#3594=ORIENTED_EDGE('',*,*,#2661,.T.);
#3595=ORIENTED_EDGE('',*,*,#2662,.T.);
#3596=ORIENTED_EDGE('',*,*,#2663,.F.);
#3597=ORIENTED_EDGE('',*,*,#2656,.T.);
#3598=ORIENTED_EDGE('',*,*,#2663,.T.);
#3599=ORIENTED_EDGE('',*,*,#2664,.T.);
#3600=ORIENTED_EDGE('',*,*,#2665,.F.);
#3601=ORIENTED_EDGE('',*,*,#2666,.F.);
#3602=ORIENTED_EDGE('',*,*,#2667,.T.);
#3603=ORIENTED_EDGE('',*,*,#2668,.F.);
#3604=ORIENTED_EDGE('',*,*,#2669,.F.);
#3605=ORIENTED_EDGE('',*,*,#2670,.F.);
#3606=ORIENTED_EDGE('',*,*,#2669,.T.);
#3607=ORIENTED_EDGE('',*,*,#2664,.F.);
#3608=ORIENTED_EDGE('',*,*,#2671,.F.);
#3609=ORIENTED_EDGE('',*,*,#2672,.F.);
#3610=ORIENTED_EDGE('',*,*,#2671,.T.);
#3611=ORIENTED_EDGE('',*,*,#2662,.F.);
#3612=ORIENTED_EDGE('',*,*,#2673,.F.);
#3613=ORIENTED_EDGE('',*,*,#2674,.F.);
#3614=ORIENTED_EDGE('',*,*,#2667,.F.);
#3615=ORIENTED_EDGE('',*,*,#2675,.F.);
#3616=ORIENTED_EDGE('',*,*,#2673,.T.);
#3617=ORIENTED_EDGE('',*,*,#2654,.T.);
#3618=ORIENTED_EDGE('',*,*,#2676,.T.);
#3619=ORIENTED_EDGE('',*,*,#2674,.T.);
#3620=ORIENTED_EDGE('',*,*,#2661,.F.);
#3621=ORIENTED_EDGE('',*,*,#2660,.T.);
#3622=ORIENTED_EDGE('',*,*,#2665,.T.);
#3623=ORIENTED_EDGE('',*,*,#2668,.T.);
#3624=ORIENTED_EDGE('',*,*,#2676,.F.);
#3625=ORIENTED_EDGE('',*,*,#2666,.T.);
#3626=ORIENTED_EDGE('',*,*,#2670,.T.);
#3627=ORIENTED_EDGE('',*,*,#2672,.T.);
#3628=ORIENTED_EDGE('',*,*,#2675,.T.);
#3629=ORIENTED_EDGE('',*,*,#2677,.F.);
#3630=ORIENTED_EDGE('',*,*,#2678,.F.);
#3631=ORIENTED_EDGE('',*,*,#2679,.T.);
#3632=ORIENTED_EDGE('',*,*,#2680,.T.);
#3633=ORIENTED_EDGE('',*,*,#2681,.T.);
#3634=ORIENTED_EDGE('',*,*,#2682,.T.);
#3635=ORIENTED_EDGE('',*,*,#2683,.T.);
#3636=ORIENTED_EDGE('',*,*,#2684,.T.);
#3637=ORIENTED_EDGE('',*,*,#2685,.T.);
#3638=ORIENTED_EDGE('',*,*,#2686,.T.);
#3639=ORIENTED_EDGE('',*,*,#2687,.T.);
#3640=ORIENTED_EDGE('',*,*,#2688,.T.);
#3641=ORIENTED_EDGE('',*,*,#2689,.F.);
#3642=ORIENTED_EDGE('',*,*,#2690,.F.);
#3643=ORIENTED_EDGE('',*,*,#2691,.F.);
#3644=ORIENTED_EDGE('',*,*,#2692,.T.);
#3645=ORIENTED_EDGE('',*,*,#2677,.T.);
#3646=ORIENTED_EDGE('',*,*,#2692,.F.);
#3647=ORIENTED_EDGE('',*,*,#2693,.F.);
#3648=ORIENTED_EDGE('',*,*,#2694,.T.);
#3649=ORIENTED_EDGE('',*,*,#2678,.T.);
#3650=ORIENTED_EDGE('',*,*,#2694,.F.);
#3651=ORIENTED_EDGE('',*,*,#2695,.T.);
#3652=ORIENTED_EDGE('',*,*,#2696,.T.);
#3653=ORIENTED_EDGE('',*,*,#2679,.F.);
#3654=ORIENTED_EDGE('',*,*,#2696,.F.);
#3655=ORIENTED_EDGE('',*,*,#2697,.T.);
#3656=ORIENTED_EDGE('',*,*,#2698,.T.);
#3657=ORIENTED_EDGE('',*,*,#2680,.F.);
#3658=ORIENTED_EDGE('',*,*,#2698,.F.);
#3659=ORIENTED_EDGE('',*,*,#2699,.T.);
#3660=ORIENTED_EDGE('',*,*,#2700,.T.);
#3661=ORIENTED_EDGE('',*,*,#2686,.F.);
#3662=ORIENTED_EDGE('',*,*,#2701,.F.);
#3663=ORIENTED_EDGE('',*,*,#2702,.T.);
#3664=ORIENTED_EDGE('',*,*,#2703,.T.);
#3665=ORIENTED_EDGE('',*,*,#2681,.F.);
#3666=ORIENTED_EDGE('',*,*,#2700,.F.);
#3667=ORIENTED_EDGE('',*,*,#2704,.T.);
#3668=ORIENTED_EDGE('',*,*,#2705,.T.);
#3669=ORIENTED_EDGE('',*,*,#2682,.F.);
#3670=ORIENTED_EDGE('',*,*,#2703,.F.);
#3671=ORIENTED_EDGE('',*,*,#2706,.T.);
#3672=ORIENTED_EDGE('',*,*,#2707,.T.);
#3673=ORIENTED_EDGE('',*,*,#2683,.F.);
#3674=ORIENTED_EDGE('',*,*,#2705,.F.);
#3675=ORIENTED_EDGE('',*,*,#2708,.T.);
#3676=ORIENTED_EDGE('',*,*,#2709,.T.);
#3677=ORIENTED_EDGE('',*,*,#2684,.F.);
#3678=ORIENTED_EDGE('',*,*,#2707,.F.);
#3679=ORIENTED_EDGE('',*,*,#2710,.T.);
#3680=ORIENTED_EDGE('',*,*,#2701,.T.);
#3681=ORIENTED_EDGE('',*,*,#2685,.F.);
#3682=ORIENTED_EDGE('',*,*,#2709,.F.);
#3683=ORIENTED_EDGE('',*,*,#2711,.F.);
#3684=ORIENTED_EDGE('',*,*,#2712,.F.);
#3685=ORIENTED_EDGE('',*,*,#2713,.F.);
#3686=ORIENTED_EDGE('',*,*,#2714,.F.);
#3687=ORIENTED_EDGE('',*,*,#2715,.F.);
#3688=ORIENTED_EDGE('',*,*,#2716,.F.);
#3689=ORIENTED_EDGE('',*,*,#2717,.F.);
#3690=ORIENTED_EDGE('',*,*,#2718,.F.);
#3691=ORIENTED_EDGE('',*,*,#2719,.F.);
#3692=ORIENTED_EDGE('',*,*,#2720,.F.);
#3693=ORIENTED_EDGE('',*,*,#2721,.F.);
#3694=ORIENTED_EDGE('',*,*,#2722,.F.);
#3695=ORIENTED_EDGE('',*,*,#2723,.F.);
#3696=ORIENTED_EDGE('',*,*,#2724,.F.);
#3697=ORIENTED_EDGE('',*,*,#2725,.F.);
#3698=ORIENTED_EDGE('',*,*,#2726,.F.);
#3699=ORIENTED_EDGE('',*,*,#2727,.F.);
#3700=ORIENTED_EDGE('',*,*,#2728,.F.);
#3701=ORIENTED_EDGE('',*,*,#2729,.F.);
#3702=ORIENTED_EDGE('',*,*,#2730,.F.);
#3703=ORIENTED_EDGE('',*,*,#2731,.F.);
#3704=ORIENTED_EDGE('',*,*,#2732,.F.);
#3705=ORIENTED_EDGE('',*,*,#2733,.T.);
#3706=ORIENTED_EDGE('',*,*,#2734,.T.);
#3707=ORIENTED_EDGE('',*,*,#2687,.F.);
#3708=ORIENTED_EDGE('',*,*,#2734,.F.);
#3709=ORIENTED_EDGE('',*,*,#2735,.T.);
#3710=ORIENTED_EDGE('',*,*,#2736,.T.);
#3711=ORIENTED_EDGE('',*,*,#2688,.F.);
#3712=ORIENTED_EDGE('',*,*,#2736,.F.);
#3713=ORIENTED_EDGE('',*,*,#2273,.T.);
#3714=ORIENTED_EDGE('',*,*,#2268,.T.);
#3715=ORIENTED_EDGE('',*,*,#2303,.F.);
#3716=ORIENTED_EDGE('',*,*,#2309,.F.);
#3717=ORIENTED_EDGE('',*,*,#2737,.F.);
#3718=ORIENTED_EDGE('',*,*,#2455,.F.);
#3719=ORIENTED_EDGE('',*,*,#2689,.T.);
#3720=ORIENTED_EDGE('',*,*,#2738,.T.);
#3721=ORIENTED_EDGE('',*,*,#2739,.T.);
#3722=ORIENTED_EDGE('',*,*,#2738,.F.);
#3723=ORIENTED_EDGE('',*,*,#2690,.T.);
#3724=ORIENTED_EDGE('',*,*,#2740,.T.);
#3725=ORIENTED_EDGE('',*,*,#2741,.T.);
#3726=ORIENTED_EDGE('',*,*,#2740,.F.);
#3727=ORIENTED_EDGE('',*,*,#2742,.F.);
#3728=ORIENTED_EDGE('',*,*,#2743,.F.);
#3729=ORIENTED_EDGE('',*,*,#2744,.F.);
#3730=ORIENTED_EDGE('',*,*,#2745,.F.);
#3731=ORIENTED_EDGE('',*,*,#2746,.F.);
#3732=ORIENTED_EDGE('',*,*,#2747,.F.);
#3733=ORIENTED_EDGE('',*,*,#2748,.F.);
#3734=ORIENTED_EDGE('',*,*,#2276,.F.);
#3735=ORIENTED_EDGE('',*,*,#2749,.F.);
#3736=ORIENTED_EDGE('',*,*,#2750,.F.);
#3737=ORIENTED_EDGE('',*,*,#2751,.F.);
#3738=ORIENTED_EDGE('',*,*,#2752,.F.);
#3739=ORIENTED_EDGE('',*,*,#2753,.F.);
#3740=ORIENTED_EDGE('',*,*,#2754,.F.);
#3741=ORIENTED_EDGE('',*,*,#2755,.T.);
#3742=ORIENTED_EDGE('',*,*,#2756,.F.);
#3743=ORIENTED_EDGE('',*,*,#2757,.F.);
#3744=ORIENTED_EDGE('',*,*,#2758,.F.);
#3745=ORIENTED_EDGE('',*,*,#2759,.F.);
#3746=ORIENTED_EDGE('',*,*,#2760,.F.);
#3747=ORIENTED_EDGE('',*,*,#2761,.F.);
#3748=ORIENTED_EDGE('',*,*,#2762,.F.);
#3749=ORIENTED_EDGE('',*,*,#2763,.F.);
#3750=ORIENTED_EDGE('',*,*,#2284,.F.);
#3751=ORIENTED_EDGE('',*,*,#2693,.T.);
#3752=ORIENTED_EDGE('',*,*,#2691,.T.);
#3753=ORIENTED_EDGE('',*,*,#2751,.T.);
#3754=ORIENTED_EDGE('',*,*,#2764,.T.);
#3755=ORIENTED_EDGE('',*,*,#2765,.F.);
#3756=ORIENTED_EDGE('',*,*,#2766,.T.);
#3757=ORIENTED_EDGE('',*,*,#2752,.T.);
#3758=ORIENTED_EDGE('',*,*,#2766,.F.);
#3759=ORIENTED_EDGE('',*,*,#2767,.F.);
#3760=ORIENTED_EDGE('',*,*,#2768,.F.);
#3761=ORIENTED_EDGE('',*,*,#2750,.T.);
#3762=ORIENTED_EDGE('',*,*,#2769,.F.);
#3763=ORIENTED_EDGE('',*,*,#2770,.F.);
#3764=ORIENTED_EDGE('',*,*,#2764,.F.);
#3765=ORIENTED_EDGE('',*,*,#2360,.F.);
#3766=ORIENTED_EDGE('',*,*,#2771,.T.);
#3767=ORIENTED_EDGE('',*,*,#2695,.F.);
#3768=ORIENTED_EDGE('',*,*,#2771,.F.);
#3769=ORIENTED_EDGE('',*,*,#2361,.F.);
#3770=ORIENTED_EDGE('',*,*,#2772,.T.);
#3771=ORIENTED_EDGE('',*,*,#2697,.F.);
#3772=ORIENTED_EDGE('',*,*,#2772,.F.);
#3773=ORIENTED_EDGE('',*,*,#2699,.F.);
#3774=ORIENTED_EDGE('',*,*,#2773,.F.);
#3775=ORIENTED_EDGE('',*,*,#2367,.F.);
#3776=ORIENTED_EDGE('',*,*,#2774,.F.);
#3777=ORIENTED_EDGE('',*,*,#2702,.F.);
#3778=ORIENTED_EDGE('',*,*,#2774,.T.);
#3779=ORIENTED_EDGE('',*,*,#2366,.F.);
#3780=ORIENTED_EDGE('',*,*,#2775,.T.);
#3781=ORIENTED_EDGE('',*,*,#2365,.F.);
#3782=ORIENTED_EDGE('',*,*,#2776,.T.);
#3783=ORIENTED_EDGE('',*,*,#2704,.F.);
#3784=ORIENTED_EDGE('',*,*,#2775,.F.);
#3785=ORIENTED_EDGE('',*,*,#2364,.F.);
#3786=ORIENTED_EDGE('',*,*,#2777,.T.);
#3787=ORIENTED_EDGE('',*,*,#2706,.F.);
#3788=ORIENTED_EDGE('',*,*,#2776,.F.);
#3789=ORIENTED_EDGE('',*,*,#2363,.F.);
#3790=ORIENTED_EDGE('',*,*,#2778,.T.);
#3791=ORIENTED_EDGE('',*,*,#2708,.F.);
#3792=ORIENTED_EDGE('',*,*,#2777,.F.);
#3793=ORIENTED_EDGE('',*,*,#2362,.F.);
#3794=ORIENTED_EDGE('',*,*,#2773,.T.);
#3795=ORIENTED_EDGE('',*,*,#2710,.F.);
#3796=ORIENTED_EDGE('',*,*,#2778,.F.);
#3797=ORIENTED_EDGE('',*,*,#2385,.F.);
#3798=ORIENTED_EDGE('',*,*,#2779,.T.);
#3799=ORIENTED_EDGE('',*,*,#2713,.T.);
#3800=ORIENTED_EDGE('',*,*,#2780,.F.);
#3801=ORIENTED_EDGE('',*,*,#2384,.F.);
#3802=ORIENTED_EDGE('',*,*,#2781,.T.);
#3803=ORIENTED_EDGE('',*,*,#2714,.T.);
#3804=ORIENTED_EDGE('',*,*,#2779,.F.);
#3805=ORIENTED_EDGE('',*,*,#2383,.F.);
#3806=ORIENTED_EDGE('',*,*,#2782,.T.);
#3807=ORIENTED_EDGE('',*,*,#2715,.T.);
#3808=ORIENTED_EDGE('',*,*,#2781,.F.);
#3809=ORIENTED_EDGE('',*,*,#2382,.F.);
#3810=ORIENTED_EDGE('',*,*,#2783,.T.);
#3811=ORIENTED_EDGE('',*,*,#2716,.T.);
#3812=ORIENTED_EDGE('',*,*,#2782,.F.);
#3813=ORIENTED_EDGE('',*,*,#2381,.F.);
#3814=ORIENTED_EDGE('',*,*,#2784,.T.);
#3815=ORIENTED_EDGE('',*,*,#2717,.T.);
#3816=ORIENTED_EDGE('',*,*,#2783,.F.);
#3817=ORIENTED_EDGE('',*,*,#2380,.F.);
#3818=ORIENTED_EDGE('',*,*,#2785,.T.);
#3819=ORIENTED_EDGE('',*,*,#2718,.T.);
#3820=ORIENTED_EDGE('',*,*,#2784,.F.);
#3821=ORIENTED_EDGE('',*,*,#2379,.F.);
#3822=ORIENTED_EDGE('',*,*,#2786,.T.);
#3823=ORIENTED_EDGE('',*,*,#2719,.T.);
#3824=ORIENTED_EDGE('',*,*,#2785,.F.);
#3825=ORIENTED_EDGE('',*,*,#2378,.F.);
#3826=ORIENTED_EDGE('',*,*,#2787,.T.);
#3827=ORIENTED_EDGE('',*,*,#2720,.T.);
#3828=ORIENTED_EDGE('',*,*,#2786,.F.);
#3829=ORIENTED_EDGE('',*,*,#2377,.F.);
#3830=ORIENTED_EDGE('',*,*,#2788,.T.);
#3831=ORIENTED_EDGE('',*,*,#2721,.T.);
#3832=ORIENTED_EDGE('',*,*,#2787,.F.);
#3833=ORIENTED_EDGE('',*,*,#2376,.F.);
#3834=ORIENTED_EDGE('',*,*,#2789,.T.);
#3835=ORIENTED_EDGE('',*,*,#2722,.T.);
#3836=ORIENTED_EDGE('',*,*,#2788,.F.);
#3837=ORIENTED_EDGE('',*,*,#2375,.F.);
#3838=ORIENTED_EDGE('',*,*,#2790,.T.);
#3839=ORIENTED_EDGE('',*,*,#2723,.T.);
#3840=ORIENTED_EDGE('',*,*,#2789,.F.);
#3841=ORIENTED_EDGE('',*,*,#2374,.F.);
#3842=ORIENTED_EDGE('',*,*,#2791,.T.);
#3843=ORIENTED_EDGE('',*,*,#2724,.T.);
#3844=ORIENTED_EDGE('',*,*,#2790,.F.);
#3845=ORIENTED_EDGE('',*,*,#2373,.F.);
#3846=ORIENTED_EDGE('',*,*,#2792,.T.);
#3847=ORIENTED_EDGE('',*,*,#2725,.T.);
#3848=ORIENTED_EDGE('',*,*,#2791,.F.);
#3849=ORIENTED_EDGE('',*,*,#2372,.F.);
#3850=ORIENTED_EDGE('',*,*,#2793,.T.);
#3851=ORIENTED_EDGE('',*,*,#2726,.T.);
#3852=ORIENTED_EDGE('',*,*,#2792,.F.);
#3853=ORIENTED_EDGE('',*,*,#2371,.F.);
#3854=ORIENTED_EDGE('',*,*,#2794,.T.);
#3855=ORIENTED_EDGE('',*,*,#2727,.T.);
#3856=ORIENTED_EDGE('',*,*,#2793,.F.);
#3857=ORIENTED_EDGE('',*,*,#2370,.F.);
#3858=ORIENTED_EDGE('',*,*,#2795,.T.);
#3859=ORIENTED_EDGE('',*,*,#2728,.T.);
#3860=ORIENTED_EDGE('',*,*,#2794,.F.);
#3861=ORIENTED_EDGE('',*,*,#2369,.F.);
#3862=ORIENTED_EDGE('',*,*,#2796,.T.);
#3863=ORIENTED_EDGE('',*,*,#2711,.T.);
#3864=ORIENTED_EDGE('',*,*,#2795,.F.);
#3865=ORIENTED_EDGE('',*,*,#2368,.F.);
#3866=ORIENTED_EDGE('',*,*,#2780,.T.);
#3867=ORIENTED_EDGE('',*,*,#2712,.T.);
#3868=ORIENTED_EDGE('',*,*,#2796,.F.);
#3869=ORIENTED_EDGE('',*,*,#2389,.F.);
#3870=ORIENTED_EDGE('',*,*,#2797,.T.);
#3871=ORIENTED_EDGE('',*,*,#2731,.T.);
#3872=ORIENTED_EDGE('',*,*,#2798,.F.);
#3873=ORIENTED_EDGE('',*,*,#2388,.F.);
#3874=ORIENTED_EDGE('',*,*,#2799,.T.);
#3875=ORIENTED_EDGE('',*,*,#2732,.T.);
#3876=ORIENTED_EDGE('',*,*,#2797,.F.);
#3877=ORIENTED_EDGE('',*,*,#2387,.F.);
#3878=ORIENTED_EDGE('',*,*,#2800,.T.);
#3879=ORIENTED_EDGE('',*,*,#2729,.T.);
#3880=ORIENTED_EDGE('',*,*,#2799,.F.);
#3881=ORIENTED_EDGE('',*,*,#2386,.F.);
#3882=ORIENTED_EDGE('',*,*,#2798,.T.);
#3883=ORIENTED_EDGE('',*,*,#2730,.T.);
#3884=ORIENTED_EDGE('',*,*,#2800,.F.);
#3885=ORIENTED_EDGE('',*,*,#2733,.F.);
#3886=ORIENTED_EDGE('',*,*,#2801,.T.);
#3887=ORIENTED_EDGE('',*,*,#2339,.F.);
#3888=ORIENTED_EDGE('',*,*,#2801,.F.);
#3889=ORIENTED_EDGE('',*,*,#2735,.F.);
#3890=ORIENTED_EDGE('',*,*,#2802,.T.);
#3891=ORIENTED_EDGE('',*,*,#2338,.F.);
#3892=ORIENTED_EDGE('',*,*,#2802,.F.);
#3893=ORIENTED_EDGE('',*,*,#2748,.T.);
#3894=ORIENTED_EDGE('',*,*,#2803,.T.);
#3895=ORIENTED_EDGE('',*,*,#2315,.F.);
#3896=ORIENTED_EDGE('',*,*,#2306,.F.);
#3897=ORIENTED_EDGE('',*,*,#2252,.F.);
#3898=ORIENTED_EDGE('',*,*,#2278,.T.);
#3899=ORIENTED_EDGE('',*,*,#2277,.T.);
#3900=ORIENTED_EDGE('',*,*,#2280,.T.);
#3901=ORIENTED_EDGE('',*,*,#2804,.F.);
#3902=ORIENTED_EDGE('',*,*,#2743,.T.);
#3903=ORIENTED_EDGE('',*,*,#2805,.F.);
#3904=ORIENTED_EDGE('',*,*,#2744,.T.);
#3905=ORIENTED_EDGE('',*,*,#2804,.T.);
#3906=ORIENTED_EDGE('',*,*,#2279,.F.);
#3907=ORIENTED_EDGE('',*,*,#2265,.F.);
#3908=ORIENTED_EDGE('',*,*,#2392,.T.);
#3909=ORIENTED_EDGE('',*,*,#2319,.F.);
#3910=ORIENTED_EDGE('',*,*,#2806,.T.);
#3911=ORIENTED_EDGE('',*,*,#2745,.T.);
#3912=ORIENTED_EDGE('',*,*,#2806,.F.);
#3913=ORIENTED_EDGE('',*,*,#2318,.F.);
#3914=ORIENTED_EDGE('',*,*,#2807,.F.);
#3915=ORIENTED_EDGE('',*,*,#2746,.T.);
#3916=ORIENTED_EDGE('',*,*,#2807,.T.);
#3917=ORIENTED_EDGE('',*,*,#2317,.F.);
#3918=ORIENTED_EDGE('',*,*,#2808,.T.);
#3919=ORIENTED_EDGE('',*,*,#2747,.T.);
#3920=ORIENTED_EDGE('',*,*,#2808,.F.);
#3921=ORIENTED_EDGE('',*,*,#2316,.F.);
#3922=ORIENTED_EDGE('',*,*,#2803,.F.);
#3923=ORIENTED_EDGE('',*,*,#2763,.T.);
#3924=ORIENTED_EDGE('',*,*,#2809,.T.);
#3925=ORIENTED_EDGE('',*,*,#2321,.F.);
#3926=ORIENTED_EDGE('',*,*,#2393,.F.);
#3927=ORIENTED_EDGE('',*,*,#2263,.F.);
#3928=ORIENTED_EDGE('',*,*,#2286,.T.);
#3929=ORIENTED_EDGE('',*,*,#2285,.T.);
#3930=ORIENTED_EDGE('',*,*,#2281,.T.);
#3931=ORIENTED_EDGE('',*,*,#2805,.T.);
#3932=ORIENTED_EDGE('',*,*,#2742,.T.);
#3933=ORIENTED_EDGE('',*,*,#2283,.T.);
#3934=ORIENTED_EDGE('',*,*,#2289,.T.);
#3935=ORIENTED_EDGE('',*,*,#2810,.T.);
#3936=ORIENTED_EDGE('',*,*,#2757,.T.);
#3937=ORIENTED_EDGE('',*,*,#2811,.T.);
#3938=ORIENTED_EDGE('',*,*,#2812,.F.);
#3939=ORIENTED_EDGE('',*,*,#2769,.T.);
#3940=ORIENTED_EDGE('',*,*,#2749,.T.);
#3941=ORIENTED_EDGE('',*,*,#2275,.T.);
#3942=ORIENTED_EDGE('',*,*,#2288,.T.);
#3943=ORIENTED_EDGE('',*,*,#2813,.F.);
#3944=ORIENTED_EDGE('',*,*,#2758,.T.);
#3945=ORIENTED_EDGE('',*,*,#2810,.F.);
#3946=ORIENTED_EDGE('',*,*,#2759,.T.);
#3947=ORIENTED_EDGE('',*,*,#2813,.T.);
#3948=ORIENTED_EDGE('',*,*,#2287,.F.);
#3949=ORIENTED_EDGE('',*,*,#2261,.F.);
#3950=ORIENTED_EDGE('',*,*,#2398,.T.);
#3951=ORIENTED_EDGE('',*,*,#2325,.F.);
#3952=ORIENTED_EDGE('',*,*,#2814,.T.);
#3953=ORIENTED_EDGE('',*,*,#2760,.T.);
#3954=ORIENTED_EDGE('',*,*,#2814,.F.);
#3955=ORIENTED_EDGE('',*,*,#2324,.F.);
#3956=ORIENTED_EDGE('',*,*,#2815,.F.);
#3957=ORIENTED_EDGE('',*,*,#2761,.T.);
#3958=ORIENTED_EDGE('',*,*,#2815,.T.);
#3959=ORIENTED_EDGE('',*,*,#2323,.F.);
#3960=ORIENTED_EDGE('',*,*,#2816,.T.);
#3961=ORIENTED_EDGE('',*,*,#2762,.T.);
#3962=ORIENTED_EDGE('',*,*,#2816,.F.);
#3963=ORIENTED_EDGE('',*,*,#2322,.F.);
#3964=ORIENTED_EDGE('',*,*,#2809,.F.);
#3965=ORIENTED_EDGE('',*,*,#2737,.T.);
#3966=ORIENTED_EDGE('',*,*,#2311,.T.);
#3967=ORIENTED_EDGE('',*,*,#2817,.F.);
#3968=ORIENTED_EDGE('',*,*,#2818,.T.);
#3969=ORIENTED_EDGE('',*,*,#2343,.T.);
#3970=ORIENTED_EDGE('',*,*,#2456,.F.);
#3971=ORIENTED_EDGE('',*,*,#2818,.F.);
#3972=ORIENTED_EDGE('',*,*,#2819,.F.);
#3973=ORIENTED_EDGE('',*,*,#2739,.F.);
#3974=ORIENTED_EDGE('',*,*,#2820,.T.);
#3975=ORIENTED_EDGE('',*,*,#2821,.F.);
#3976=ORIENTED_EDGE('',*,*,#2820,.F.);
#3977=ORIENTED_EDGE('',*,*,#2741,.F.);
#3978=ORIENTED_EDGE('',*,*,#2822,.T.);
#3979=ORIENTED_EDGE('',*,*,#2823,.F.);
#3980=ORIENTED_EDGE('',*,*,#2822,.F.);
#3981=ORIENTED_EDGE('',*,*,#2753,.T.);
#3982=ORIENTED_EDGE('',*,*,#2768,.T.);
#3983=ORIENTED_EDGE('',*,*,#2824,.F.);
#3984=ORIENTED_EDGE('',*,*,#2825,.T.);
#3985=ORIENTED_EDGE('',*,*,#2754,.T.);
#3986=ORIENTED_EDGE('',*,*,#2825,.F.);
#3987=ORIENTED_EDGE('',*,*,#2826,.F.);
#3988=ORIENTED_EDGE('',*,*,#2827,.F.);
#3989=ORIENTED_EDGE('',*,*,#2755,.F.);
#3990=ORIENTED_EDGE('',*,*,#2827,.T.);
#3991=ORIENTED_EDGE('',*,*,#2828,.F.);
#3992=ORIENTED_EDGE('',*,*,#2829,.T.);
#3993=ORIENTED_EDGE('',*,*,#2756,.T.);
#3994=ORIENTED_EDGE('',*,*,#2829,.F.);
#3995=ORIENTED_EDGE('',*,*,#2830,.F.);
#3996=ORIENTED_EDGE('',*,*,#2811,.F.);
#3997=ORIENTED_EDGE('',*,*,#2770,.T.);
#3998=ORIENTED_EDGE('',*,*,#2831,.F.);
#3999=ORIENTED_EDGE('',*,*,#2352,.F.);
#4000=ORIENTED_EDGE('',*,*,#2832,.F.);
#4001=ORIENTED_EDGE('',*,*,#2767,.T.);
#4002=ORIENTED_EDGE('',*,*,#2765,.T.);
#4003=ORIENTED_EDGE('',*,*,#2310,.T.);
#4004=ORIENTED_EDGE('',*,*,#2314,.T.);
#4005=ORIENTED_EDGE('',*,*,#2833,.T.);
#4006=ORIENTED_EDGE('',*,*,#2834,.F.);
#4007=ORIENTED_EDGE('',*,*,#2344,.T.);
#4008=ORIENTED_EDGE('',*,*,#2819,.T.);
#4009=ORIENTED_EDGE('',*,*,#2817,.T.);
#4010=ORIENTED_EDGE('',*,*,#2835,.F.);
#4011=ORIENTED_EDGE('',*,*,#2345,.T.);
#4012=ORIENTED_EDGE('',*,*,#2834,.T.);
#4013=ORIENTED_EDGE('',*,*,#2836,.T.);
#4014=ORIENTED_EDGE('',*,*,#2837,.F.);
#4015=ORIENTED_EDGE('',*,*,#2346,.T.);
#4016=ORIENTED_EDGE('',*,*,#2835,.T.);
#4017=ORIENTED_EDGE('',*,*,#2838,.T.);
#4018=ORIENTED_EDGE('',*,*,#2839,.T.);
#4019=ORIENTED_EDGE('',*,*,#2347,.T.);
#4020=ORIENTED_EDGE('',*,*,#2837,.T.);
#4021=ORIENTED_EDGE('',*,*,#2840,.T.);
#4022=ORIENTED_EDGE('',*,*,#2348,.F.);
#4023=ORIENTED_EDGE('',*,*,#2839,.F.);
#4024=ORIENTED_EDGE('',*,*,#2841,.T.);
#4025=ORIENTED_EDGE('',*,*,#2842,.T.);
#4026=ORIENTED_EDGE('',*,*,#2823,.T.);
#4027=ORIENTED_EDGE('',*,*,#2821,.T.);
#4028=ORIENTED_EDGE('',*,*,#2349,.F.);
#4029=ORIENTED_EDGE('',*,*,#2842,.F.);
#4030=ORIENTED_EDGE('',*,*,#2843,.F.);
#4031=ORIENTED_EDGE('',*,*,#2844,.F.);
#4032=ORIENTED_EDGE('',*,*,#2350,.F.);
#4033=ORIENTED_EDGE('',*,*,#2844,.T.);
#4034=ORIENTED_EDGE('',*,*,#2845,.T.);
#4035=ORIENTED_EDGE('',*,*,#2846,.F.);
#4036=ORIENTED_EDGE('',*,*,#2351,.F.);
#4037=ORIENTED_EDGE('',*,*,#2846,.T.);
#4038=ORIENTED_EDGE('',*,*,#2847,.T.);
#4039=ORIENTED_EDGE('',*,*,#2848,.T.);
#4040=ORIENTED_EDGE('',*,*,#2824,.T.);
#4041=ORIENTED_EDGE('',*,*,#2832,.T.);
#4042=ORIENTED_EDGE('',*,*,#2830,.T.);
#4043=ORIENTED_EDGE('',*,*,#2828,.T.);
#4044=ORIENTED_EDGE('',*,*,#2826,.T.);
#4045=ORIENTED_EDGE('',*,*,#2848,.F.);
#4046=ORIENTED_EDGE('',*,*,#2849,.T.);
#4047=ORIENTED_EDGE('',*,*,#2850,.F.);
#4048=ORIENTED_EDGE('',*,*,#2353,.F.);
#4049=ORIENTED_EDGE('',*,*,#2831,.T.);
#4050=ORIENTED_EDGE('',*,*,#2812,.T.);
#4051=ORIENTED_EDGE('',*,*,#2850,.T.);
#4052=ORIENTED_EDGE('',*,*,#2851,.T.);
#4053=ORIENTED_EDGE('',*,*,#2852,.F.);
#4054=ORIENTED_EDGE('',*,*,#2354,.F.);
#4055=ORIENTED_EDGE('',*,*,#2852,.T.);
#4056=ORIENTED_EDGE('',*,*,#2853,.T.);
#4057=ORIENTED_EDGE('',*,*,#2854,.F.);
#4058=ORIENTED_EDGE('',*,*,#2355,.F.);
#4059=ORIENTED_EDGE('',*,*,#2854,.T.);
#4060=ORIENTED_EDGE('',*,*,#2855,.T.);
#4061=ORIENTED_EDGE('',*,*,#2856,.T.);
#4062=ORIENTED_EDGE('',*,*,#2356,.F.);
#4063=ORIENTED_EDGE('',*,*,#2856,.F.);
#4064=ORIENTED_EDGE('',*,*,#2857,.T.);
#4065=ORIENTED_EDGE('',*,*,#2858,.T.);
#4066=ORIENTED_EDGE('',*,*,#2357,.F.);
#4067=ORIENTED_EDGE('',*,*,#2858,.F.);
#4068=ORIENTED_EDGE('',*,*,#2859,.T.);
#4069=ORIENTED_EDGE('',*,*,#2860,.F.);
#4070=ORIENTED_EDGE('',*,*,#2358,.F.);
#4071=ORIENTED_EDGE('',*,*,#2860,.T.);
#4072=ORIENTED_EDGE('',*,*,#2861,.T.);
#4073=ORIENTED_EDGE('',*,*,#2862,.T.);
#4074=ORIENTED_EDGE('',*,*,#2359,.F.);
#4075=ORIENTED_EDGE('',*,*,#2862,.F.);
#4076=ORIENTED_EDGE('',*,*,#2863,.T.);
#4077=ORIENTED_EDGE('',*,*,#2336,.F.);
#4078=ORIENTED_EDGE('',*,*,#2406,.F.);
#4079=ORIENTED_EDGE('',*,*,#2425,.F.);
#4080=ORIENTED_EDGE('',*,*,#2864,.T.);
#4081=ORIENTED_EDGE('',*,*,#2313,.F.);
#4082=ORIENTED_EDGE('',*,*,#2865,.T.);
#4083=ORIENTED_EDGE('',*,*,#2833,.F.);
#4084=ORIENTED_EDGE('',*,*,#2864,.F.);
#4085=ORIENTED_EDGE('',*,*,#2424,.F.);
#4086=ORIENTED_EDGE('',*,*,#2865,.F.);
#4087=ORIENTED_EDGE('',*,*,#2423,.F.);
#4088=ORIENTED_EDGE('',*,*,#2866,.T.);
#4089=ORIENTED_EDGE('',*,*,#2836,.F.);
#4090=ORIENTED_EDGE('',*,*,#2867,.T.);
#4091=ORIENTED_EDGE('',*,*,#2838,.F.);
#4092=ORIENTED_EDGE('',*,*,#2866,.F.);
#4093=ORIENTED_EDGE('',*,*,#2422,.F.);
#4094=ORIENTED_EDGE('',*,*,#2867,.F.);
#4095=ORIENTED_EDGE('',*,*,#2421,.F.);
#4096=ORIENTED_EDGE('',*,*,#2868,.T.);
#4097=ORIENTED_EDGE('',*,*,#2840,.F.);
#4098=ORIENTED_EDGE('',*,*,#2869,.T.);
#4099=ORIENTED_EDGE('',*,*,#2841,.F.);
#4100=ORIENTED_EDGE('',*,*,#2868,.F.);
#4101=ORIENTED_EDGE('',*,*,#2420,.F.);
#4102=ORIENTED_EDGE('',*,*,#2419,.F.);
#4103=ORIENTED_EDGE('',*,*,#2870,.T.);
#4104=ORIENTED_EDGE('',*,*,#2843,.T.);
#4105=ORIENTED_EDGE('',*,*,#2869,.F.);
#4106=ORIENTED_EDGE('',*,*,#2871,.T.);
#4107=ORIENTED_EDGE('',*,*,#2845,.F.);
#4108=ORIENTED_EDGE('',*,*,#2870,.F.);
#4109=ORIENTED_EDGE('',*,*,#2418,.F.);
#4110=ORIENTED_EDGE('',*,*,#2871,.F.);
#4111=ORIENTED_EDGE('',*,*,#2417,.F.);
#4112=ORIENTED_EDGE('',*,*,#2872,.T.);
#4113=ORIENTED_EDGE('',*,*,#2847,.F.);
#4114=ORIENTED_EDGE('',*,*,#2873,.T.);
#4115=ORIENTED_EDGE('',*,*,#2849,.F.);
#4116=ORIENTED_EDGE('',*,*,#2872,.F.);
#4117=ORIENTED_EDGE('',*,*,#2416,.F.);
#4118=ORIENTED_EDGE('',*,*,#2873,.F.);
#4119=ORIENTED_EDGE('',*,*,#2415,.F.);
#4120=ORIENTED_EDGE('',*,*,#2874,.T.);
#4121=ORIENTED_EDGE('',*,*,#2851,.F.);
#4122=ORIENTED_EDGE('',*,*,#2874,.F.);
#4123=ORIENTED_EDGE('',*,*,#2414,.F.);
#4124=ORIENTED_EDGE('',*,*,#2875,.T.);
#4125=ORIENTED_EDGE('',*,*,#2853,.F.);
#4126=ORIENTED_EDGE('',*,*,#2875,.F.);
#4127=ORIENTED_EDGE('',*,*,#2413,.F.);
#4128=ORIENTED_EDGE('',*,*,#2876,.F.);
#4129=ORIENTED_EDGE('',*,*,#2855,.F.);
#4130=ORIENTED_EDGE('',*,*,#2877,.T.);
#4131=ORIENTED_EDGE('',*,*,#2857,.F.);
#4132=ORIENTED_EDGE('',*,*,#2876,.T.);
#4133=ORIENTED_EDGE('',*,*,#2412,.F.);
#4134=ORIENTED_EDGE('',*,*,#2877,.F.);
#4135=ORIENTED_EDGE('',*,*,#2411,.F.);
#4136=ORIENTED_EDGE('',*,*,#2878,.T.);
#4137=ORIENTED_EDGE('',*,*,#2859,.F.);
#4138=ORIENTED_EDGE('',*,*,#2879,.T.);
#4139=ORIENTED_EDGE('',*,*,#2861,.F.);
#4140=ORIENTED_EDGE('',*,*,#2878,.F.);
#4141=ORIENTED_EDGE('',*,*,#2410,.F.);
#4142=ORIENTED_EDGE('',*,*,#2403,.T.);
#4143=ORIENTED_EDGE('',*,*,#2863,.F.);
#4144=ORIENTED_EDGE('',*,*,#2879,.F.);
#4145=ORIENTED_EDGE('',*,*,#2409,.F.);
#4146=CONICAL_SURFACE('',#4447,2.55,0.785398163397466);
#4147=CONICAL_SURFACE('',#4456,2.55000000000001,0.785398163397466);
#4148=CONICAL_SURFACE('',#4512,2.61858568725886,1.12895383741954);
#4149=CONICAL_SURFACE('',#4662,13.375,0.785398163396913);
#4150=CONICAL_SURFACE('',#4664,10.875,0.785398163396901);
#4151=CONICAL_SURFACE('',#4669,11.375,0.785398163397823);
#4152=CONICAL_SURFACE('',#4673,12.875,0.785398163397824);
#4153=CONICAL_SURFACE('',#4734,2.54999999999999,0.785398163396472);
#4154=CONICAL_SURFACE('',#4735,2.54999999999999,0.785398163395905);
#4155=CONICAL_SURFACE('',#4748,2.45,0.785398163397358);
#4156=CONICAL_SURFACE('',#4749,2.45,0.785398163397358);
#4157=CONICAL_SURFACE('',#4766,2.45,0.785398163397707);
#4158=CONICAL_SURFACE('',#4768,2.45,0.785398163397696);
#4159=CONICAL_SURFACE('',#4801,8.2,0.785398163397457);
#4160=CONICAL_SURFACE('',#4803,1.8,0.785398163397436);
#4161=CONICAL_SURFACE('',#4805,1.8,0.785398163397438);
#4162=CONICAL_SURFACE('',#4807,1.2,0.785398163397437);
#4163=CONICAL_SURFACE('',#4809,0.800000000000004,0.785398163397438);
#4164=CONICAL_SURFACE('',#4811,9.79999999999999,0.785398163397462);
#4165=CONICAL_SURFACE('',#4813,9.79999999999999,0.785398163397463);
#4166=CONICAL_SURFACE('',#4815,0.800000000000004,0.785398163397438);
#4167=CONICAL_SURFACE('',#4817,1.2,0.785398163397438);
#4168=ADVANCED_FACE('',(#353),#4146,.F.);
#4169=ADVANCED_FACE('',(#354,#192,#193),#219,.F.);
#4170=ADVANCED_FACE('',(#355),#132,.F.);
#4171=ADVANCED_FACE('',(#356),#4147,.F.);
#4172=ADVANCED_FACE('',(#357),#133,.F.);
#4173=ADVANCED_FACE('',(#358),#220,.F.);
#4174=ADVANCED_FACE('',(#359),#221,.T.);
#4175=ADVANCED_FACE('',(#360),#222,.F.);
#4176=ADVANCED_FACE('',(#361),#223,.T.);
#4177=ADVANCED_FACE('',(#362),#130,.F.);
#4178=ADVANCED_FACE('',(#363),#131,.F.);
#4179=ADVANCED_FACE('',(#364),#134,.F.);
#4180=ADVANCED_FACE('',(#365),#135,.F.);
#4181=ADVANCED_FACE('',(#366),#107,.T.);
#4182=ADVANCED_FACE('',(#367),#136,.F.);
#4183=ADVANCED_FACE('',(#368),#137,.F.);
#4184=ADVANCED_FACE('',(#369),#224,.T.);
#4185=ADVANCED_FACE('',(#370),#138,.F.);
#4186=ADVANCED_FACE('',(#371),#139,.F.);
#4187=ADVANCED_FACE('',(#372),#225,.F.);
#4188=ADVANCED_FACE('',(#373),#140,.T.);
#4189=ADVANCED_FACE('',(#374),#108,.T.);
#4190=ADVANCED_FACE('',(#375,#194,#195),#226,.F.);
#4191=ADVANCED_FACE('',(#376,#196,#197,#198,#199,#200),#227,.T.);
#4192=ADVANCED_FACE('',(#377),#228,.F.);
#4193=ADVANCED_FACE('',(#378),#141,.F.);
#4194=ADVANCED_FACE('',(#379),#4148,.F.);
#4195=ADVANCED_FACE('',(#380),#142,.F.);
#4196=ADVANCED_FACE('',(#381),#229,.F.);
#4197=ADVANCED_FACE('',(#382),#230,.F.);
#4198=ADVANCED_FACE('',(#383),#231,.F.);
#4199=ADVANCED_FACE('',(#384),#143,.T.);
#4200=ADVANCED_FACE('',(#385,#201,#202,#203),#232,.F.);
#4201=ADVANCED_FACE('',(#386),#233,.F.);
#4202=ADVANCED_FACE('',(#387),#234,.F.);
#4203=ADVANCED_FACE('',(#388),#144,.F.);
#4204=ADVANCED_FACE('',(#389),#235,.F.);
#4205=ADVANCED_FACE('',(#390),#236,.F.);
#4206=ADVANCED_FACE('',(#391),#145,.F.);
#4207=ADVANCED_FACE('',(#392),#15,.F.);
#4208=ADVANCED_FACE('',(#393),#237,.F.);
#4209=ADVANCED_FACE('',(#394),#238,.F.);
#4210=ADVANCED_FACE('',(#395),#146,.F.);
#4211=ADVANCED_FACE('',(#396),#16,.F.);
#4212=ADVANCED_FACE('',(#397),#239,.F.);
#4213=ADVANCED_FACE('',(#398),#240,.F.);
#4214=ADVANCED_FACE('',(#399),#147,.F.);
#4215=ADVANCED_FACE('',(#400),#17,.F.);
#4216=ADVANCED_FACE('',(#401),#241,.F.);
#4217=ADVANCED_FACE('',(#402),#242,.F.);
#4218=ADVANCED_FACE('',(#403),#148,.F.);
#4219=ADVANCED_FACE('',(#404),#18,.F.);
#4220=ADVANCED_FACE('',(#405),#243,.F.);
#4221=ADVANCED_FACE('',(#406),#244,.F.);
#4222=ADVANCED_FACE('',(#407),#19,.F.);
#4223=ADVANCED_FACE('',(#408),#149,.F.);
#4224=ADVANCED_FACE('',(#409),#245,.F.);
#4225=ADVANCED_FACE('',(#410),#109,.F.);
#4226=ADVANCED_FACE('',(#411),#246,.F.);
#4227=ADVANCED_FACE('',(#412),#20,.F.);
#4228=ADVANCED_FACE('',(#413),#247,.T.);
#4229=ADVANCED_FACE('',(#414),#150,.F.);
#4230=ADVANCED_FACE('',(#415),#248,.T.);
#4231=ADVANCED_FACE('',(#416),#151,.F.);
#4232=ADVANCED_FACE('',(#417),#249,.F.);
#4233=ADVANCED_FACE('',(#418),#152,.F.);
#4234=ADVANCED_FACE('',(#419),#250,.F.);
#4235=ADVANCED_FACE('',(#420),#110,.F.);
#4236=ADVANCED_FACE('',(#421),#21,.F.);
#4237=ADVANCED_FACE('',(#422),#251,.F.);
#4238=ADVANCED_FACE('',(#423),#22,.F.);
#4239=ADVANCED_FACE('',(#424),#252,.F.);
#4240=ADVANCED_FACE('',(#425),#23,.F.);
#4241=ADVANCED_FACE('',(#426),#253,.F.);
#4242=ADVANCED_FACE('',(#427),#24,.F.);
#4243=ADVANCED_FACE('',(#428),#254,.F.);
#4244=ADVANCED_FACE('',(#429),#25,.F.);
#4245=ADVANCED_FACE('',(#430),#255,.F.);
#4246=ADVANCED_FACE('',(#431),#26,.F.);
#4247=ADVANCED_FACE('',(#432),#153,.F.);
#4248=ADVANCED_FACE('',(#433),#256,.T.);
#4249=ADVANCED_FACE('',(#434),#154,.F.);
#4250=ADVANCED_FACE('',(#435),#257,.T.);
#4251=ADVANCED_FACE('',(#436),#155,.F.);
#4252=ADVANCED_FACE('',(#437),#156,.F.);
#4253=ADVANCED_FACE('',(#438),#258,.F.);
#4254=ADVANCED_FACE('',(#439),#259,.F.);
#4255=ADVANCED_FACE('',(#440),#157,.F.);
#4256=ADVANCED_FACE('',(#441),#27,.F.);
#4257=ADVANCED_FACE('',(#442),#260,.F.);
#4258=ADVANCED_FACE('',(#443),#261,.F.);
#4259=ADVANCED_FACE('',(#444),#158,.F.);
#4260=ADVANCED_FACE('',(#445),#28,.F.);
#4261=ADVANCED_FACE('',(#446),#262,.F.);
#4262=ADVANCED_FACE('',(#447),#263,.F.);
#4263=ADVANCED_FACE('',(#448),#159,.F.);
#4264=ADVANCED_FACE('',(#449),#29,.F.);
#4265=ADVANCED_FACE('',(#450),#264,.F.);
#4266=ADVANCED_FACE('',(#451),#265,.F.);
#4267=ADVANCED_FACE('',(#452),#160,.F.);
#4268=ADVANCED_FACE('',(#453),#30,.F.);
#4269=ADVANCED_FACE('',(#454),#266,.F.);
#4270=ADVANCED_FACE('',(#455),#267,.F.);
#4271=ADVANCED_FACE('',(#456),#31,.F.);
#4272=ADVANCED_FACE('',(#457),#161,.F.);
#4273=ADVANCED_FACE('',(#458),#268,.F.);
#4274=ADVANCED_FACE('',(#459),#111,.F.);
#4275=ADVANCED_FACE('',(#460),#269,.F.);
#4276=ADVANCED_FACE('',(#461),#32,.F.);
#4277=ADVANCED_FACE('',(#462),#270,.T.);
#4278=ADVANCED_FACE('',(#463),#162,.F.);
#4279=ADVANCED_FACE('',(#464),#271,.T.);
#4280=ADVANCED_FACE('',(#465),#163,.F.);
#4281=ADVANCED_FACE('',(#466),#272,.F.);
#4282=ADVANCED_FACE('',(#467),#164,.F.);
#4283=ADVANCED_FACE('',(#468),#273,.F.);
#4284=ADVANCED_FACE('',(#469),#112,.F.);
#4285=ADVANCED_FACE('',(#470),#33,.F.);
#4286=ADVANCED_FACE('',(#471),#274,.F.);
#4287=ADVANCED_FACE('',(#472),#34,.F.);
#4288=ADVANCED_FACE('',(#473),#275,.F.);
#4289=ADVANCED_FACE('',(#474),#35,.F.);
#4290=ADVANCED_FACE('',(#475),#276,.F.);
#4291=ADVANCED_FACE('',(#476),#36,.F.);
#4292=ADVANCED_FACE('',(#477),#277,.F.);
#4293=ADVANCED_FACE('',(#478),#37,.F.);
#4294=ADVANCED_FACE('',(#479),#278,.F.);
#4295=ADVANCED_FACE('',(#480),#38,.F.);
#4296=ADVANCED_FACE('',(#481),#165,.F.);
#4297=ADVANCED_FACE('',(#482),#279,.T.);
#4298=ADVANCED_FACE('',(#483),#166,.F.);
#4299=ADVANCED_FACE('',(#484),#280,.T.);
#4300=ADVANCED_FACE('',(#485),#167,.F.);
#4301=ADVANCED_FACE('',(#486),#281,.F.);
#4302=ADVANCED_FACE('',(#487),#282,.F.);
#4303=ADVANCED_FACE('',(#488),#4149,.T.);
#4304=ADVANCED_FACE('',(#489),#4150,.F.);
#4305=ADVANCED_FACE('',(#490),#168,.T.);
#4306=ADVANCED_FACE('',(#491),#283,.F.);
#4307=ADVANCED_FACE('',(#492),#4151,.F.);
#4308=ADVANCED_FACE('',(#493),#284,.F.);
#4309=ADVANCED_FACE('',(#494),#4152,.T.);
#4310=ADVANCED_FACE('',(#495),#285,.F.);
#4311=ADVANCED_FACE('',(#496),#286,.F.);
#4312=ADVANCED_FACE('',(#497),#169,.F.);
#4313=ADVANCED_FACE('',(#498),#287,.F.);
#4314=ADVANCED_FACE('',(#499),#288,.F.);
#4315=ADVANCED_FACE('',(#500),#289,.F.);
#4316=ADVANCED_FACE('',(#501),#290,.F.);
#4317=ADVANCED_FACE('',(#502),#291,.F.);
#4318=ADVANCED_FACE('',(#503),#292,.T.);
#4319=ADVANCED_FACE('',(#504),#293,.F.);
#4320=ADVANCED_FACE('',(#505),#294,.F.);
#4321=ADVANCED_FACE('',(#506),#295,.T.);
#4322=ADVANCED_FACE('',(#507),#296,.T.);
#4323=ADVANCED_FACE('',(#508),#170,.F.);
#4324=ADVANCED_FACE('',(#509),#171,.F.);
#4325=ADVANCED_FACE('',(#510),#172,.F.);
#4326=ADVANCED_FACE('',(#511),#173,.F.);
#4327=ADVANCED_FACE('',(#512),#297,.T.);
#4328=ADVANCED_FACE('',(#513),#298,.T.);
#4329=ADVANCED_FACE('',(#514),#299,.T.);
#4330=ADVANCED_FACE('',(#515),#300,.T.);
#4331=ADVANCED_FACE('',(#516),#301,.T.);
#4332=ADVANCED_FACE('',(#517),#302,.T.);
#4333=ADVANCED_FACE('',(#518),#303,.T.);
#4334=ADVANCED_FACE('',(#519),#304,.F.);
#4335=ADVANCED_FACE('',(#520),#174,.F.);
#4336=ADVANCED_FACE('',(#521),#175,.F.);
#4337=ADVANCED_FACE('',(#522),#305,.T.);
#4338=ADVANCED_FACE('',(#523),#306,.T.);
#4339=ADVANCED_FACE('',(#524),#176,.T.);
#4340=ADVANCED_FACE('',(#525),#177,.F.);
#4341=ADVANCED_FACE('',(#526),#178,.F.);
#4342=ADVANCED_FACE('',(#527,#204,#205),#307,.F.);
#4343=ADVANCED_FACE('',(#528),#308,.T.);
#4344=ADVANCED_FACE('',(#529),#179,.F.);
#4345=ADVANCED_FACE('',(#530),#180,.F.);
#4346=ADVANCED_FACE('',(#531),#4153,.F.);
#4347=ADVANCED_FACE('',(#532),#4154,.F.);
#4348=ADVANCED_FACE('',(#533),#309,.F.);
#4349=ADVANCED_FACE('',(#534),#310,.F.);
#4350=ADVANCED_FACE('',(#535),#311,.F.);
#4351=ADVANCED_FACE('',(#536),#312,.F.);
#4352=ADVANCED_FACE('',(#537),#313,.F.);
#4353=ADVANCED_FACE('',(#538),#314,.F.);
#4354=ADVANCED_FACE('',(#539),#113,.F.);
#4355=ADVANCED_FACE('',(#540),#114,.F.);
#4356=ADVANCED_FACE('',(#541),#115,.F.);
#4357=ADVANCED_FACE('',(#542),#116,.F.);
#4358=ADVANCED_FACE('',(#543),#117,.F.);
#4359=ADVANCED_FACE('',(#544),#118,.F.);
#4360=ADVANCED_FACE('',(#545),#315,.F.);
#4361=ADVANCED_FACE('',(#546),#119,.F.);
#4362=ADVANCED_FACE('',(#547),#120,.F.);
#4363=ADVANCED_FACE('',(#548),#121,.F.);
#4364=ADVANCED_FACE('',(#549),#122,.F.);
#4365=ADVANCED_FACE('',(#550),#123,.F.);
#4366=ADVANCED_FACE('',(#551),#124,.F.);
#4367=ADVANCED_FACE('',(#552),#125,.F.);
#4368=ADVANCED_FACE('',(#553),#126,.F.);
#4369=ADVANCED_FACE('',(#554),#316,.F.);
#4370=ADVANCED_FACE('',(#555),#127,.F.);
#4371=ADVANCED_FACE('',(#556),#128,.F.);
#4372=ADVANCED_FACE('',(#557),#317,.F.);
#4373=ADVANCED_FACE('',(#558),#318,.F.);
#4374=ADVANCED_FACE('',(#559),#319,.F.);
#4375=ADVANCED_FACE('',(#560),#320,.F.);
#4376=ADVANCED_FACE('',(#561),#4155,.F.);
#4377=ADVANCED_FACE('',(#562),#4156,.F.);
#4378=ADVANCED_FACE('',(#563),#321,.F.);
#4379=ADVANCED_FACE('',(#564),#322,.F.);
#4380=ADVANCED_FACE('',(#565),#323,.F.);
#4381=ADVANCED_FACE('',(#566),#324,.F.);
#4382=ADVANCED_FACE('',(#567),#325,.T.);
#4383=ADVANCED_FACE('',(#568),#326,.F.);
#4384=ADVANCED_FACE('',(#569),#327,.F.);
#4385=ADVANCED_FACE('',(#570),#328,.T.);
#4386=ADVANCED_FACE('',(#571),#329,.F.);
#4387=ADVANCED_FACE('',(#572),#330,.F.);
#4388=ADVANCED_FACE('',(#573),#331,.F.);
#4389=ADVANCED_FACE('',(#574),#332,.T.);
#4390=ADVANCED_FACE('',(#575),#333,.F.);
#4391=ADVANCED_FACE('',(#576),#129,.F.);
#4392=ADVANCED_FACE('',(#577),#181,.F.);
#4393=ADVANCED_FACE('',(#578),#4157,.F.);
#4394=ADVANCED_FACE('',(#579),#4158,.F.);
#4395=ADVANCED_FACE('',(#580),#334,.T.);
#4396=ADVANCED_FACE('',(#581),#182,.F.);
#4397=ADVANCED_FACE('',(#582),#335,.T.);
#4398=ADVANCED_FACE('',(#583),#183,.F.);
#4399=ADVANCED_FACE('',(#584),#336,.F.);
#4400=ADVANCED_FACE('',(#585),#337,.F.);
#4401=ADVANCED_FACE('',(#586),#184,.T.);
#4402=ADVANCED_FACE('',(#587),#338,.F.);
#4403=ADVANCED_FACE('',(#588),#185,.T.);
#4404=ADVANCED_FACE('',(#589,#206,#207),#339,.F.);
#4405=ADVANCED_FACE('',(#590),#186,.F.);
#4406=ADVANCED_FACE('',(#591),#340,.F.);
#4407=ADVANCED_FACE('',(#592),#187,.T.);
#4408=ADVANCED_FACE('',(#593),#341,.F.);
#4409=ADVANCED_FACE('',(#594),#188,.T.);
#4410=ADVANCED_FACE('',(#595),#342,.F.);
#4411=ADVANCED_FACE('',(#596),#189,.T.);
#4412=ADVANCED_FACE('',(#597),#343,.F.);
#4413=ADVANCED_FACE('',(#598),#190,.T.);
#4414=ADVANCED_FACE('',(#599),#344,.F.);
#4415=ADVANCED_FACE('',(#600),#191,.F.);
#4416=ADVANCED_FACE('',(#601),#4159,.F.);
#4417=ADVANCED_FACE('',(#602),#345,.F.);
#4418=ADVANCED_FACE('',(#603),#4160,.T.);
#4419=ADVANCED_FACE('',(#604),#346,.F.);
#4420=ADVANCED_FACE('',(#605),#4161,.T.);
#4421=ADVANCED_FACE('',(#606),#347,.F.);
#4422=ADVANCED_FACE('',(#607),#4162,.F.);
#4423=ADVANCED_FACE('',(#608),#348,.F.);
#4424=ADVANCED_FACE('',(#609),#4163,.T.);
#4425=ADVANCED_FACE('',(#610),#349,.F.);
#4426=ADVANCED_FACE('',(#611),#4164,.T.);
#4427=ADVANCED_FACE('',(#612),#350,.F.);
#4428=ADVANCED_FACE('',(#613),#4165,.T.);
#4429=ADVANCED_FACE('',(#614),#351,.F.);
#4430=ADVANCED_FACE('',(#615),#4166,.T.);
#4431=ADVANCED_FACE('',(#616),#352,.F.);
#4432=ADVANCED_FACE('',(#617),#4167,.F.);
#4433=CLOSED_SHELL('',(#4168,#4169,#4170,#4171,#4172,#4173,#4174,#4175,
#4176,#4177,#4178,#4179,#4180,#4181,#4182,#4183,#4184,#4185,#4186,#4187,
#4188,#4189,#4190,#4191,#4192,#4193,#4194,#4195,#4196,#4197,#4198,#4199,
#4200,#4201,#4202,#4203,#4204,#4205,#4206,#4207,#4208,#4209,#4210,#4211,
#4212,#4213,#4214,#4215,#4216,#4217,#4218,#4219,#4220,#4221,#4222,#4223,
#4224,#4225,#4226,#4227,#4228,#4229,#4230,#4231,#4232,#4233,#4234,#4235,
#4236,#4237,#4238,#4239,#4240,#4241,#4242,#4243,#4244,#4245,#4246,#4247,
#4248,#4249,#4250,#4251,#4252,#4253,#4254,#4255,#4256,#4257,#4258,#4259,
#4260,#4261,#4262,#4263,#4264,#4265,#4266,#4267,#4268,#4269,#4270,#4271,
#4272,#4273,#4274,#4275,#4276,#4277,#4278,#4279,#4280,#4281,#4282,#4283,
#4284,#4285,#4286,#4287,#4288,#4289,#4290,#4291,#4292,#4293,#4294,#4295,
#4296,#4297,#4298,#4299,#4300,#4301,#4302,#4303,#4304,#4305,#4306,#4307,
#4308,#4309,#4310,#4311,#4312,#4313,#4314,#4315,#4316,#4317,#4318,#4319,
#4320,#4321,#4322,#4323,#4324,#4325,#4326,#4327,#4328,#4329,#4330,#4331,
#4332,#4333,#4334,#4335,#4336,#4337,#4338,#4339,#4340,#4341,#4342,#4343,
#4344,#4345,#4346,#4347,#4348,#4349,#4350,#4351,#4352,#4353,#4354,#4355,
#4356,#4357,#4358,#4359,#4360,#4361,#4362,#4363,#4364,#4365,#4366,#4367,
#4368,#4369,#4370,#4371,#4372,#4373,#4374,#4375,#4376,#4377,#4378,#4379,
#4380,#4381,#4382,#4383,#4384,#4385,#4386,#4387,#4388,#4389,#4390,#4391,
#4392,#4393,#4394,#4395,#4396,#4397,#4398,#4399,#4400,#4401,#4402,#4403,
#4404,#4405,#4406,#4407,#4408,#4409,#4410,#4411,#4412,#4413,#4414,#4415,
#4416,#4417,#4418,#4419,#4420,#4421,#4422,#4423,#4424,#4425,#4426,#4427,
#4428,#4429,#4430,#4431,#4432));
#4434=DERIVED_UNIT_ELEMENT(#4436,1.);
#4435=DERIVED_UNIT_ELEMENT(#8042,-3.);
#4436=(
MASS_UNIT()
NAMED_UNIT(*)
SI_UNIT(.KILO.,.GRAM.)
);
#4437=DERIVED_UNIT((#4434,#4435));
#4438=MEASURE_REPRESENTATION_ITEM('density measure',
POSITIVE_RATIO_MEASURE(7850.),#4437);
#4439=PROPERTY_DEFINITION_REPRESENTATION(#4444,#4441);
#4440=PROPERTY_DEFINITION_REPRESENTATION(#4445,#4442);
#4441=REPRESENTATION('material name',(#4443),#8039);
#4442=REPRESENTATION('density',(#4438),#8039);
#4443=DESCRIPTIVE_REPRESENTATION_ITEM('Steel','Steel');
#4444=PROPERTY_DEFINITION('material property','material name',#8049);
#4445=PROPERTY_DEFINITION('material property','density of part',#8049);
#4446=AXIS2_PLACEMENT_3D('',#5974,#4818,#4819);
#4447=AXIS2_PLACEMENT_3D('',#5975,#4820,#4821);
#4448=AXIS2_PLACEMENT_3D('',#5978,#4822,#4823);
#4449=AXIS2_PLACEMENT_3D('',#5979,#4824,#4825);
#4450=AXIS2_PLACEMENT_3D('',#5982,#4827,#4828);
#4451=AXIS2_PLACEMENT_3D('',#5983,#4829,#4830);
#4452=AXIS2_PLACEMENT_3D('',#5994,#4835,#4836);
#4453=AXIS2_PLACEMENT_3D('',#6015,#4847,#4848);
#4454=AXIS2_PLACEMENT_3D('',#6016,#4849,#4850);
#4455=AXIS2_PLACEMENT_3D('',#6019,#4852,#4853);
#4456=AXIS2_PLACEMENT_3D('',#6020,#4854,#4855);
#4457=AXIS2_PLACEMENT_3D('',#6023,#4856,#4857);
#4458=AXIS2_PLACEMENT_3D('',#6024,#4858,#4859);
#4459=AXIS2_PLACEMENT_3D('',#6026,#4861,#4862);
#4460=AXIS2_PLACEMENT_3D('',#6029,#4864,#4865);
#4461=AXIS2_PLACEMENT_3D('',#6030,#4866,#4867);
#4462=AXIS2_PLACEMENT_3D('',#6039,#4872,#4873);
#4463=AXIS2_PLACEMENT_3D('',#6046,#4878,#4879);
#4464=AXIS2_PLACEMENT_3D('',#6055,#4884,#4885);
#4465=AXIS2_PLACEMENT_3D('',#6062,#4890,#4891);
#4466=AXIS2_PLACEMENT_3D('',#6064,#4892,#4893);
#4467=AXIS2_PLACEMENT_3D('',#6066,#4894,#4895);
#4468=AXIS2_PLACEMENT_3D('',#6068,#4896,#4897);
#4469=AXIS2_PLACEMENT_3D('',#6069,#4898,#4899);
#4470=AXIS2_PLACEMENT_3D('',#6070,#4900,#4901);
#4471=AXIS2_PLACEMENT_3D('',#6073,#4902,#4903);
#4472=AXIS2_PLACEMENT_3D('',#6075,#4904,#4905);
#4473=AXIS2_PLACEMENT_3D('',#6077,#4906,#4907);
#4474=AXIS2_PLACEMENT_3D('',#6078,#4908,#4909);
#4475=AXIS2_PLACEMENT_3D('',#6079,#4910,#4911);
#4476=AXIS2_PLACEMENT_3D('',#6082,#4914,#4915);
#4477=AXIS2_PLACEMENT_3D('',#6084,#4916,#4917);
#4478=AXIS2_PLACEMENT_3D('',#6117,#4919,#4920);
#4479=AXIS2_PLACEMENT_3D('',#6118,#4921,#4922);
#4480=AXIS2_PLACEMENT_3D('',#6119,#4923,#4924);
#4481=AXIS2_PLACEMENT_3D('',#6121,#4925,#4926);
#4482=AXIS2_PLACEMENT_3D('',#6123,#4928,#4929);
#4483=AXIS2_PLACEMENT_3D('',#6125,#4930,#4931);
#4484=AXIS2_PLACEMENT_3D('',#6127,#4933,#4934);
#4485=AXIS2_PLACEMENT_3D('',#6131,#4937,#4938);
#4486=AXIS2_PLACEMENT_3D('',#6134,#4940,#4941);
#4487=AXIS2_PLACEMENT_3D('',#6135,#4942,#4943);
#4488=AXIS2_PLACEMENT_3D('',#6139,#4945,#4946);
#4489=AXIS2_PLACEMENT_3D('',#6141,#4948,#4949);
#4490=AXIS2_PLACEMENT_3D('',#6167,#4963,#4964);
#4491=AXIS2_PLACEMENT_3D('',#6170,#4965,#4966);
#4492=AXIS2_PLACEMENT_3D('',#6239,#4969,#4970);
#4493=AXIS2_PLACEMENT_3D('',#6246,#4974,#4975);
#4494=AXIS2_PLACEMENT_3D('',#6248,#4976,#4977);
#4495=AXIS2_PLACEMENT_3D('',#6249,#4978,#4979);
#4496=AXIS2_PLACEMENT_3D('',#6252,#4981,#4982);
#4497=AXIS2_PLACEMENT_3D('',#6256,#4984,#4985);
#4498=AXIS2_PLACEMENT_3D('',#6260,#4987,#4988);
#4499=AXIS2_PLACEMENT_3D('',#6264,#4990,#4991);
#4500=AXIS2_PLACEMENT_3D('',#6268,#4993,#4994);
#4501=AXIS2_PLACEMENT_3D('',#6272,#4996,#4997);
#4502=AXIS2_PLACEMENT_3D('',#6276,#4999,#5000);
#4503=AXIS2_PLACEMENT_3D('',#6280,#5002,#5003);
#4504=AXIS2_PLACEMENT_3D('',#6284,#5005,#5006);
#4505=AXIS2_PLACEMENT_3D('',#6287,#5008,#5009);
#4506=AXIS2_PLACEMENT_3D('',#6289,#5010,#5011);
#4507=AXIS2_PLACEMENT_3D('',#6291,#5012,#5013);
#4508=AXIS2_PLACEMENT_3D('',#6412,#5026,#5027);
#4509=AXIS2_PLACEMENT_3D('',#6416,#5030,#5031);
#4510=AXIS2_PLACEMENT_3D('',#6417,#5032,#5033);
#4511=AXIS2_PLACEMENT_3D('',#6418,#5034,#5035);
#4512=AXIS2_PLACEMENT_3D('',#6419,#5036,#5037);
#4513=AXIS2_PLACEMENT_3D('',#6435,#5040,#5041);
#4514=AXIS2_PLACEMENT_3D('',#6436,#5042,#5043);
#4515=AXIS2_PLACEMENT_3D('',#6437,#5044,#5045);
#4516=AXIS2_PLACEMENT_3D('',#6438,#5046,#5047);
#4517=AXIS2_PLACEMENT_3D('',#6439,#5048,#5049);
#4518=AXIS2_PLACEMENT_3D('',#6441,#5050,#5051);
#4519=AXIS2_PLACEMENT_3D('',#6443,#5053,#5054);
#4520=AXIS2_PLACEMENT_3D('',#6447,#5057,#5058);
#4521=AXIS2_PLACEMENT_3D('',#6451,#5061,#5062);
#4522=AXIS2_PLACEMENT_3D('',#6453,#5063,#5064);
#4523=AXIS2_PLACEMENT_3D('',#6454,#5065,#5066);
#4524=AXIS2_PLACEMENT_3D('',#6455,#5067,#5068);
#4525=AXIS2_PLACEMENT_3D('',#6457,#5069,#5070);
#4526=AXIS2_PLACEMENT_3D('',#6461,#5072,#5073);
#4527=AXIS2_PLACEMENT_3D('',#6465,#5075,#5076);
#4528=AXIS2_PLACEMENT_3D('',#6469,#5078,#5079);
#4529=AXIS2_PLACEMENT_3D('',#6473,#5081,#5082);
#4530=AXIS2_PLACEMENT_3D('',#6477,#5084,#5085);
#4531=AXIS2_PLACEMENT_3D('',#6481,#5087,#5088);
#4532=AXIS2_PLACEMENT_3D('',#6485,#5090,#5091);
#4533=AXIS2_PLACEMENT_3D('',#6488,#5093,#5094);
#4534=AXIS2_PLACEMENT_3D('',#6494,#5097,#5098);
#4535=AXIS2_PLACEMENT_3D('',#6497,#5100,#5101);
#4536=AXIS2_PLACEMENT_3D('',#6503,#5102,#5103);
#4537=AXIS2_PLACEMENT_3D('',#6540,#5109,#5110);
#4538=AXIS2_PLACEMENT_3D('',#6572,#5116,#5117);
#4539=AXIS2_PLACEMENT_3D('',#6573,#5118,#5119);
#4540=AXIS2_PLACEMENT_3D('',#6577,#5122,#5123);
#4541=AXIS2_PLACEMENT_3D('',#6580,#5124,#5125);
#4542=AXIS2_PLACEMENT_3D('',#6584,#5127,#5128);
#4543=AXIS2_PLACEMENT_3D('',#6586,#5130,#5131);
#4544=AXIS2_PLACEMENT_3D('',#6592,#5135,#5136);
#4545=AXIS2_PLACEMENT_3D('',#6598,#5140,#5141);
#4546=AXIS2_PLACEMENT_3D('',#6600,#5142,#5143);
#4547=AXIS2_PLACEMENT_3D('',#6603,#5145,#5146);
#4548=AXIS2_PLACEMENT_3D('',#6612,#5148,#5149);
#4549=AXIS2_PLACEMENT_3D('',#6613,#5150,#5151);
#4550=AXIS2_PLACEMENT_3D('',#6619,#5155,#5156);
#4551=AXIS2_PLACEMENT_3D('',#6623,#5159,#5160);
#4552=AXIS2_PLACEMENT_3D('',#6625,#5161,#5162);
#4553=AXIS2_PLACEMENT_3D('',#6628,#5164,#5165);
#4554=AXIS2_PLACEMENT_3D('',#6637,#5167,#5168);
#4555=AXIS2_PLACEMENT_3D('',#6638,#5169,#5170);
#4556=AXIS2_PLACEMENT_3D('',#6644,#5174,#5175);
#4557=AXIS2_PLACEMENT_3D('',#6648,#5178,#5179);
#4558=AXIS2_PLACEMENT_3D('',#6650,#5180,#5181);
#4559=AXIS2_PLACEMENT_3D('',#6653,#5183,#5184);
#4560=AXIS2_PLACEMENT_3D('',#6662,#5186,#5187);
#4561=AXIS2_PLACEMENT_3D('',#6663,#5188,#5189);
#4562=AXIS2_PLACEMENT_3D('',#6669,#5193,#5194);
#4563=AXIS2_PLACEMENT_3D('',#6673,#5197,#5198);
#4564=AXIS2_PLACEMENT_3D('',#6675,#5199,#5200);
#4565=AXIS2_PLACEMENT_3D('',#6678,#5202,#5203);
#4566=AXIS2_PLACEMENT_3D('',#6687,#5205,#5206);
#4567=AXIS2_PLACEMENT_3D('',#6688,#5207,#5208);
#4568=AXIS2_PLACEMENT_3D('',#6694,#5212,#5213);
#4569=AXIS2_PLACEMENT_3D('',#6720,#5216,#5217);
#4570=AXIS2_PLACEMENT_3D('',#6721,#5218,#5219);
#4571=AXIS2_PLACEMENT_3D('',#6722,#5220,#5221);
#4572=AXIS2_PLACEMENT_3D('',#6724,#5222,#5223);
#4573=AXIS2_PLACEMENT_3D('',#6727,#5225,#5226);
#4574=AXIS2_PLACEMENT_3D('',#6728,#5227,#5228);
#4575=AXIS2_PLACEMENT_3D('',#6764,#5232,#5233);
#4576=AXIS2_PLACEMENT_3D('',#6787,#5234,#5235);
#4577=AXIS2_PLACEMENT_3D('',#6788,#5236,#5237);
#4578=AXIS2_PLACEMENT_3D('',#6794,#5241,#5242);
#4579=AXIS2_PLACEMENT_3D('',#6797,#5244,#5245);
#4580=AXIS2_PLACEMENT_3D('',#6798,#5246,#5247);
#4581=AXIS2_PLACEMENT_3D('',#6802,#5250,#5251);
#4582=AXIS2_PLACEMENT_3D('',#6805,#5253,#5254);
#4583=AXIS2_PLACEMENT_3D('',#6806,#5255,#5256);
#4584=AXIS2_PLACEMENT_3D('',#6810,#5259,#5260);
#4585=AXIS2_PLACEMENT_3D('',#6813,#5262,#5263);
#4586=AXIS2_PLACEMENT_3D('',#6814,#5264,#5265);
#4587=AXIS2_PLACEMENT_3D('',#6870,#5269,#5270);
#4588=AXIS2_PLACEMENT_3D('',#6871,#5271,#5272);
#4589=AXIS2_PLACEMENT_3D('',#6883,#5276,#5277);
#4590=AXIS2_PLACEMENT_3D('',#6884,#5278,#5279);
#4591=AXIS2_PLACEMENT_3D('',#6895,#5283,#5284);
#4592=AXIS2_PLACEMENT_3D('',#6896,#5285,#5286);
#4593=AXIS2_PLACEMENT_3D('',#6905,#5289,#5290);
#4594=AXIS2_PLACEMENT_3D('',#6914,#5293,#5294);
#4595=AXIS2_PLACEMENT_3D('',#6934,#5296,#5297);
#4596=AXIS2_PLACEMENT_3D('',#6936,#5299,#5300);
#4597=AXIS2_PLACEMENT_3D('',#6938,#5302,#5303);
#4598=AXIS2_PLACEMENT_3D('',#6940,#5305,#5306);
#4599=AXIS2_PLACEMENT_3D('',#6942,#5308,#5309);
#4600=AXIS2_PLACEMENT_3D('',#6943,#5310,#5311);
#4601=AXIS2_PLACEMENT_3D('',#6946,#5312,#5313);
#4602=AXIS2_PLACEMENT_3D('',#6950,#5315,#5316);
#4603=AXIS2_PLACEMENT_3D('',#6952,#5318,#5319);
#4604=AXIS2_PLACEMENT_3D('',#6958,#5323,#5324);
#4605=AXIS2_PLACEMENT_3D('',#6964,#5328,#5329);
#4606=AXIS2_PLACEMENT_3D('',#6966,#5330,#5331);
#4607=AXIS2_PLACEMENT_3D('',#6969,#5333,#5334);
#4608=AXIS2_PLACEMENT_3D('',#6978,#5336,#5337);
#4609=AXIS2_PLACEMENT_3D('',#6979,#5338,#5339);
#4610=AXIS2_PLACEMENT_3D('',#6985,#5343,#5344);
#4611=AXIS2_PLACEMENT_3D('',#6989,#5347,#5348);
#4612=AXIS2_PLACEMENT_3D('',#6991,#5349,#5350);
#4613=AXIS2_PLACEMENT_3D('',#6994,#5352,#5353);
#4614=AXIS2_PLACEMENT_3D('',#7003,#5355,#5356);
#4615=AXIS2_PLACEMENT_3D('',#7004,#5357,#5358);
#4616=AXIS2_PLACEMENT_3D('',#7010,#5362,#5363);
#4617=AXIS2_PLACEMENT_3D('',#7014,#5366,#5367);
#4618=AXIS2_PLACEMENT_3D('',#7016,#5368,#5369);
#4619=AXIS2_PLACEMENT_3D('',#7019,#5371,#5372);
#4620=AXIS2_PLACEMENT_3D('',#7028,#5374,#5375);
#4621=AXIS2_PLACEMENT_3D('',#7029,#5376,#5377);
#4622=AXIS2_PLACEMENT_3D('',#7035,#5381,#5382);
#4623=AXIS2_PLACEMENT_3D('',#7039,#5385,#5386);
#4624=AXIS2_PLACEMENT_3D('',#7041,#5387,#5388);
#4625=AXIS2_PLACEMENT_3D('',#7044,#5390,#5391);
#4626=AXIS2_PLACEMENT_3D('',#7053,#5393,#5394);
#4627=AXIS2_PLACEMENT_3D('',#7054,#5395,#5396);
#4628=AXIS2_PLACEMENT_3D('',#7060,#5400,#5401);
#4629=AXIS2_PLACEMENT_3D('',#7086,#5404,#5405);
#4630=AXIS2_PLACEMENT_3D('',#7087,#5406,#5407);
#4631=AXIS2_PLACEMENT_3D('',#7088,#5408,#5409);
#4632=AXIS2_PLACEMENT_3D('',#7090,#5410,#5411);
#4633=AXIS2_PLACEMENT_3D('',#7093,#5413,#5414);
#4634=AXIS2_PLACEMENT_3D('',#7094,#5415,#5416);
#4635=AXIS2_PLACEMENT_3D('',#7130,#5420,#5421);
#4636=AXIS2_PLACEMENT_3D('',#7153,#5422,#5423);
#4637=AXIS2_PLACEMENT_3D('',#7154,#5424,#5425);
#4638=AXIS2_PLACEMENT_3D('',#7160,#5429,#5430);
#4639=AXIS2_PLACEMENT_3D('',#7163,#5432,#5433);
#4640=AXIS2_PLACEMENT_3D('',#7164,#5434,#5435);
#4641=AXIS2_PLACEMENT_3D('',#7168,#5438,#5439);
#4642=AXIS2_PLACEMENT_3D('',#7171,#5441,#5442);
#4643=AXIS2_PLACEMENT_3D('',#7172,#5443,#5444);
#4644=AXIS2_PLACEMENT_3D('',#7176,#5447,#5448);
#4645=AXIS2_PLACEMENT_3D('',#7179,#5450,#5451);
#4646=AXIS2_PLACEMENT_3D('',#7180,#5452,#5453);
#4647=AXIS2_PLACEMENT_3D('',#7236,#5457,#5458);
#4648=AXIS2_PLACEMENT_3D('',#7237,#5459,#5460);
#4649=AXIS2_PLACEMENT_3D('',#7249,#5464,#5465);
#4650=AXIS2_PLACEMENT_3D('',#7250,#5466,#5467);
#4651=AXIS2_PLACEMENT_3D('',#7261,#5471,#5472);
#4652=AXIS2_PLACEMENT_3D('',#7262,#5473,#5474);
#4653=AXIS2_PLACEMENT_3D('',#7271,#5477,#5478);
#4654=AXIS2_PLACEMENT_3D('',#7280,#5481,#5482);
#4655=AXIS2_PLACEMENT_3D('',#7300,#5484,#5485);
#4656=AXIS2_PLACEMENT_3D('',#7302,#5487,#5488);
#4657=AXIS2_PLACEMENT_3D('',#7304,#5490,#5491);
#4658=AXIS2_PLACEMENT_3D('',#7306,#5493,#5494);
#4659=AXIS2_PLACEMENT_3D('',#7308,#5496,#5497);
#4660=AXIS2_PLACEMENT_3D('',#7309,#5498,#5499);
#4661=AXIS2_PLACEMENT_3D('',#7321,#5501,#5502);
#4662=AXIS2_PLACEMENT_3D('',#7333,#5504,#5505);
#4663=AXIS2_PLACEMENT_3D('',#7334,#5506,#5507);
#4664=AXIS2_PLACEMENT_3D('',#7335,#5508,#5509);
#4665=AXIS2_PLACEMENT_3D('',#7336,#5510,#5511);
#4666=AXIS2_PLACEMENT_3D('',#7337,#5512,#5513);
#4667=AXIS2_PLACEMENT_3D('',#7341,#5515,#5516);
#4668=AXIS2_PLACEMENT_3D('',#7343,#5518,#5519);
#4669=AXIS2_PLACEMENT_3D('',#7347,#5522,#5523);
#4670=AXIS2_PLACEMENT_3D('',#7350,#5524,#5525);
#4671=AXIS2_PLACEMENT_3D('',#7356,#5526,#5527);
#4672=AXIS2_PLACEMENT_3D('',#7361,#5528,#5529);
#4673=AXIS2_PLACEMENT_3D('',#7368,#5531,#5532);
#4674=AXIS2_PLACEMENT_3D('',#7370,#5533,#5534);
#4675=AXIS2_PLACEMENT_3D('',#7375,#5535,#5536);
#4676=AXIS2_PLACEMENT_3D('',#7378,#5539,#5540);
#4677=AXIS2_PLACEMENT_3D('',#7380,#5542,#5543);
#4678=AXIS2_PLACEMENT_3D('',#7381,#5544,#5545);
#4679=AXIS2_PLACEMENT_3D('',#7382,#5546,#5547);
#4680=AXIS2_PLACEMENT_3D('',#7384,#5548,#5549);
#4681=AXIS2_PLACEMENT_3D('',#7385,#5550,#5551);
#4682=AXIS2_PLACEMENT_3D('',#7387,#5552,#5553);
#4683=AXIS2_PLACEMENT_3D('',#7388,#5554,#5555);
#4684=AXIS2_PLACEMENT_3D('',#7390,#5556,#5557);
#4685=AXIS2_PLACEMENT_3D('',#7391,#5558,#5559);
#4686=AXIS2_PLACEMENT_3D('',#7393,#5560,#5561);
#4687=AXIS2_PLACEMENT_3D('',#7394,#5562,#5563);
#4688=AXIS2_PLACEMENT_3D('',#7407,#5570,#5571);
#4689=AXIS2_PLACEMENT_3D('',#7409,#5572,#5573);
#4690=AXIS2_PLACEMENT_3D('',#7410,#5574,#5575);
#4691=AXIS2_PLACEMENT_3D('',#7412,#5576,#5577);
#4692=AXIS2_PLACEMENT_3D('',#7413,#5578,#5579);
#4693=AXIS2_PLACEMENT_3D('',#7415,#5580,#5581);
#4694=AXIS2_PLACEMENT_3D('',#7416,#5582,#5583);
#4695=AXIS2_PLACEMENT_3D('',#7418,#5584,#5585);
#4696=AXIS2_PLACEMENT_3D('',#7419,#5586,#5587);
#4697=AXIS2_PLACEMENT_3D('',#7421,#5588,#5589);
#4698=AXIS2_PLACEMENT_3D('',#7423,#5591,#5592);
#4699=AXIS2_PLACEMENT_3D('',#7425,#5593,#5594);
#4700=AXIS2_PLACEMENT_3D('',#7427,#5596,#5597);
#4701=AXIS2_PLACEMENT_3D('',#7429,#5598,#5599);
#4702=AXIS2_PLACEMENT_3D('',#7431,#5601,#5602);
#4703=AXIS2_PLACEMENT_3D('',#7433,#5603,#5604);
#4704=AXIS2_PLACEMENT_3D('',#7435,#5606,#5607);
#4705=AXIS2_PLACEMENT_3D('',#7441,#5611,#5612);
#4706=AXIS2_PLACEMENT_3D('',#7445,#5615,#5616);
#4707=AXIS2_PLACEMENT_3D('',#7449,#5619,#5620);
#4708=AXIS2_PLACEMENT_3D('',#7453,#5623,#5624);
#4709=AXIS2_PLACEMENT_3D('',#7457,#5627,#5628);
#4710=AXIS2_PLACEMENT_3D('',#7459,#5630,#5631);
#4711=AXIS2_PLACEMENT_3D('',#7560,#5634,#5635);
#4712=AXIS2_PLACEMENT_3D('',#7569,#5640,#5641);
#4713=AXIS2_PLACEMENT_3D('',#7571,#5642,#5643);
#4714=AXIS2_PLACEMENT_3D('',#7573,#5645,#5646);
#4715=AXIS2_PLACEMENT_3D('',#7575,#5647,#5648);
#4716=AXIS2_PLACEMENT_3D('',#7577,#5650,#5651);
#4717=AXIS2_PLACEMENT_3D('',#7578,#5652,#5653);
#4718=AXIS2_PLACEMENT_3D('',#7579,#5654,#5655);
#4719=AXIS2_PLACEMENT_3D('',#7580,#5656,#5657);
#4720=AXIS2_PLACEMENT_3D('',#7581,#5658,#5659);
#4721=AXIS2_PLACEMENT_3D('',#7584,#5661,#5662);
#4722=AXIS2_PLACEMENT_3D('',#7585,#5663,#5664);
#4723=AXIS2_PLACEMENT_3D('',#7588,#5666,#5667);
#4724=AXIS2_PLACEMENT_3D('',#7589,#5668,#5669);
#4725=AXIS2_PLACEMENT_3D('',#7606,#5678,#5679);
#4726=AXIS2_PLACEMENT_3D('',#7610,#5681,#5682);
#4727=AXIS2_PLACEMENT_3D('',#7614,#5684,#5685);
#4728=AXIS2_PLACEMENT_3D('',#7618,#5687,#5688);
#4729=AXIS2_PLACEMENT_3D('',#7632,#5696,#5697);
#4730=AXIS2_PLACEMENT_3D('',#7638,#5701,#5702);
#4731=AXIS2_PLACEMENT_3D('',#7640,#5703,#5704);
#4732=AXIS2_PLACEMENT_3D('',#7642,#5706,#5707);
#4733=AXIS2_PLACEMENT_3D('',#7645,#5709,#5710);
#4734=AXIS2_PLACEMENT_3D('',#7646,#5711,#5712);
#4735=AXIS2_PLACEMENT_3D('',#7648,#5714,#5715);
#4736=AXIS2_PLACEMENT_3D('',#7650,#5717,#5718);
#4737=AXIS2_PLACEMENT_3D('',#7653,#5721,#5722);
#4738=AXIS2_PLACEMENT_3D('',#7655,#5724,#5725);
#4739=AXIS2_PLACEMENT_3D('',#7657,#5727,#5728);
#4740=AXIS2_PLACEMENT_3D('',#7659,#5730,#5731);
#4741=AXIS2_PLACEMENT_3D('',#7661,#5733,#5734);
#4742=AXIS2_PLACEMENT_3D('',#7729,#5742,#5743);
#4743=AXIS2_PLACEMENT_3D('',#7819,#5753,#5754);
#4744=AXIS2_PLACEMENT_3D('',#7842,#5757,#5758);
#4745=AXIS2_PLACEMENT_3D('',#7845,#5761,#5762);
#4746=AXIS2_PLACEMENT_3D('',#7847,#5764,#5765);
#4747=AXIS2_PLACEMENT_3D('',#7849,#5767,#5768);
#4748=AXIS2_PLACEMENT_3D('',#7850,#5769,#5770);
#4749=AXIS2_PLACEMENT_3D('',#7852,#5772,#5773);
#4750=AXIS2_PLACEMENT_3D('',#7854,#5775,#5776);
#4751=AXIS2_PLACEMENT_3D('',#7856,#5778,#5779);
#4752=AXIS2_PLACEMENT_3D('',#7859,#5782,#5783);
#4753=AXIS2_PLACEMENT_3D('',#7861,#5785,#5786);
#4754=AXIS2_PLACEMENT_3D('',#7863,#5788,#5789);
#4755=AXIS2_PLACEMENT_3D('',#7865,#5791,#5792);
#4756=AXIS2_PLACEMENT_3D('',#7866,#5793,#5794);
#4757=AXIS2_PLACEMENT_3D('',#7868,#5796,#5797);
#4758=AXIS2_PLACEMENT_3D('',#7873,#5801,#5802);
#4759=AXIS2_PLACEMENT_3D('',#7875,#5804,#5805);
#4760=AXIS2_PLACEMENT_3D('',#7877,#5807,#5808);
#4761=AXIS2_PLACEMENT_3D('',#7879,#5810,#5811);
#4762=AXIS2_PLACEMENT_3D('',#7881,#5813,#5814);
#4763=AXIS2_PLACEMENT_3D('',#7913,#5815,#5816);
#4764=AXIS2_PLACEMENT_3D('',#7914,#5817,#5818);
#4765=AXIS2_PLACEMENT_3D('',#7915,#5819,#5820);
#4766=AXIS2_PLACEMENT_3D('',#7917,#5822,#5823);
#4767=AXIS2_PLACEMENT_3D('',#7920,#5825,#5826);
#4768=AXIS2_PLACEMENT_3D('',#7921,#5827,#5828);
#4769=AXIS2_PLACEMENT_3D('',#7924,#5830,#5831);
#4770=AXIS2_PLACEMENT_3D('',#7925,#5832,#5833);
#4771=AXIS2_PLACEMENT_3D('',#7929,#5836,#5837);
#4772=AXIS2_PLACEMENT_3D('',#7931,#5838,#5839);
#4773=AXIS2_PLACEMENT_3D('',#7933,#5841,#5842);
#4774=AXIS2_PLACEMENT_3D('',#7937,#5845,#5846);
#4775=AXIS2_PLACEMENT_3D('',#7938,#5847,#5848);
#4776=AXIS2_PLACEMENT_3D('',#7939,#5849,#5850);
#4777=AXIS2_PLACEMENT_3D('',#7942,#5853,#5854);
#4778=AXIS2_PLACEMENT_3D('',#7946,#5857,#5858);
#4779=AXIS2_PLACEMENT_3D('',#7949,#5860,#5861);
#4780=AXIS2_PLACEMENT_3D('',#7950,#5862,#5863);
#4781=AXIS2_PLACEMENT_3D('',#7954,#5866,#5867);
#4782=AXIS2_PLACEMENT_3D('',#7957,#5869,#5870);
#4783=AXIS2_PLACEMENT_3D('',#7958,#5871,#5872);
#4784=AXIS2_PLACEMENT_3D('',#7962,#5875,#5876);
#4785=AXIS2_PLACEMENT_3D('',#7964,#5877,#5878);
#4786=AXIS2_PLACEMENT_3D('',#7966,#5880,#5881);
#4787=AXIS2_PLACEMENT_3D('',#7970,#5884,#5885);
#4788=AXIS2_PLACEMENT_3D('',#7972,#5886,#5887);
#4789=AXIS2_PLACEMENT_3D('',#7974,#5889,#5890);
#4790=AXIS2_PLACEMENT_3D('',#7978,#5893,#5894);
#4791=AXIS2_PLACEMENT_3D('',#7980,#5895,#5896);
#4792=AXIS2_PLACEMENT_3D('',#7982,#5898,#5899);
#4793=AXIS2_PLACEMENT_3D('',#7986,#5902,#5903);
#4794=AXIS2_PLACEMENT_3D('',#7988,#5904,#5905);
#4795=AXIS2_PLACEMENT_3D('',#7990,#5907,#5908);
#4796=AXIS2_PLACEMENT_3D('',#7994,#5911,#5912);
#4797=AXIS2_PLACEMENT_3D('',#7996,#5913,#5914);
#4798=AXIS2_PLACEMENT_3D('',#7998,#5916,#5917);
#4799=AXIS2_PLACEMENT_3D('',#8002,#5920,#5921);
#4800=AXIS2_PLACEMENT_3D('',#8003,#5922,#5923);
#4801=AXIS2_PLACEMENT_3D('',#8004,#5924,#5925);
#4802=AXIS2_PLACEMENT_3D('',#8006,#5927,#5928);
#4803=AXIS2_PLACEMENT_3D('',#8008,#5930,#5931);
#4804=AXIS2_PLACEMENT_3D('',#8010,#5933,#5934);
#4805=AXIS2_PLACEMENT_3D('',#8012,#5936,#5937);
#4806=AXIS2_PLACEMENT_3D('',#8014,#5939,#5940);
#4807=AXIS2_PLACEMENT_3D('',#8016,#5942,#5943);
#4808=AXIS2_PLACEMENT_3D('',#8018,#5945,#5946);
#4809=AXIS2_PLACEMENT_3D('',#8020,#5948,#5949);
#4810=AXIS2_PLACEMENT_3D('',#8022,#5951,#5952);
#4811=AXIS2_PLACEMENT_3D('',#8024,#5954,#5955);
#4812=AXIS2_PLACEMENT_3D('',#8026,#5957,#5958);
#4813=AXIS2_PLACEMENT_3D('',#8028,#5960,#5961);
#4814=AXIS2_PLACEMENT_3D('',#8030,#5963,#5964);
#4815=AXIS2_PLACEMENT_3D('',#8032,#5966,#5967);
#4816=AXIS2_PLACEMENT_3D('',#8034,#5969,#5970);
#4817=AXIS2_PLACEMENT_3D('',#8036,#5972,#5973);
#4818=DIRECTION('axis',(0.,0.,1.));
#4819=DIRECTION('refdir',(1.,0.,0.));
#4820=DIRECTION('center_axis',(1.,0.,1.11022302462518E-14));
#4821=DIRECTION('ref_axis',(1.1962653090336E-14,-1.57651669496771E-14,-1.));
#4822=DIRECTION('center_axis',(-1.,4.66011124431863E-30,-1.1962653090336E-14));
#4823=DIRECTION('ref_axis',(1.1962653090336E-14,-1.57651669496771E-14,-1.));
#4824=DIRECTION('center_axis',(-1.,4.66011124431863E-30,-1.1962653090336E-14));
#4825=DIRECTION('ref_axis',(1.1962653090336E-14,-1.57651669496771E-14,-1.));
#4826=DIRECTION('',(0.707106781186527,1.12342520622785E-14,0.707106781186568));
#4827=DIRECTION('center_axis',(1.,-4.66011124431863E-30,1.1962653090336E-14));
#4828=DIRECTION('ref_axis',(1.1962653090336E-14,-1.57651669496771E-14,-1.));
#4829=DIRECTION('center_axis',(-1.,4.66011124431863E-30,-1.1962653090336E-14));
#4830=DIRECTION('ref_axis',(-1.1962653090336E-14,2.69399157066595E-16,1.));
#4831=DIRECTION('',(7.88283990313525E-30,1.,-2.69399157066595E-16));
#4832=DIRECTION('',(1.19171315837036E-14,-0.0871557427476616,-0.996194698091745));
#4833=DIRECTION('',(7.88283990313525E-30,1.,-2.69399157066595E-16));
#4834=DIRECTION('',(-1.1962653090336E-14,1.86132430219709E-16,1.));
#4835=DIRECTION('center_axis',(1.,-4.66011124431863E-30,1.1962653090336E-14));
#4836=DIRECTION('ref_axis',(1.1962653090336E-14,-9.81307786677353E-17,-1.));
#4837=DIRECTION('',(7.88283990313525E-30,1.,-2.69399157066595E-16));
#4838=DIRECTION('',(1.1962653090336E-14,-2.72893686814587E-16,-1.));
#4839=DIRECTION('',(7.88283990313525E-30,1.,-2.69399157066595E-16));
#4840=DIRECTION('',(-1.1962653090336E-14,2.69399157066595E-16,1.));
#4841=DIRECTION('',(7.88283990313525E-30,1.,-2.69399157066595E-16));
#4842=DIRECTION('',(-1.1962653090336E-14,3.4972025275692E-15,1.));
#4843=DIRECTION('',(7.88283990313525E-30,1.,-2.69399157066595E-16));
#4844=DIRECTION('',(1.1962653090336E-14,-3.4972025275692E-15,-1.));
#4845=DIRECTION('',(7.88283990313525E-30,1.,-2.69399157066595E-16));
#4846=DIRECTION('',(-1.1962653090336E-14,3.4972025275692E-15,1.));
#4847=DIRECTION('center_axis',(1.,-4.66011124431863E-30,1.1962653090336E-14));
#4848=DIRECTION('ref_axis',(1.1962653090336E-14,-1.57651669496771E-14,-1.));
#4849=DIRECTION('center_axis',(1.,-8.32667268467006E-17,1.1962653090336E-14));
#4850=DIRECTION('ref_axis',(-1.1962653090336E-14,1.57651669496771E-14,1.));
#4851=DIRECTION('',(-1.,8.32667268467006E-17,-1.1962653090336E-14));
#4852=DIRECTION('center_axis',(1.,-8.32667268467006E-17,1.1962653090336E-14));
#4853=DIRECTION('ref_axis',(-1.1962653090336E-14,1.57651669496771E-14,1.));
#4854=DIRECTION('center_axis',(1.,0.,1.11022302462518E-14));
#4855=DIRECTION('ref_axis',(1.1962653090336E-14,-1.57651669496771E-14,-1.));
#4856=DIRECTION('center_axis',(-1.,4.66011124431863E-30,-1.1962653090336E-14));
#4857=DIRECTION('ref_axis',(1.1962653090336E-14,-1.57651669496771E-14,-1.));
#4858=DIRECTION('center_axis',(-1.,4.66011124431863E-30,-1.1962653090336E-14));
#4859=DIRECTION('ref_axis',(1.1962653090336E-14,-1.57651669496771E-14,-1.));
#4860=DIRECTION('',(0.707106781186527,1.12342520622785E-14,0.707106781186568));
#4861=DIRECTION('center_axis',(1.,-8.32667268467006E-17,1.1962653090336E-14));
#4862=DIRECTION('ref_axis',(-1.1962653090336E-14,1.57651669496771E-14,1.));
#4863=DIRECTION('',(-1.,8.32667268467006E-17,-1.1962653090336E-14));
#4864=DIRECTION('center_axis',(1.,-8.32667268467006E-17,1.1962653090336E-14));
#4865=DIRECTION('ref_axis',(-1.1962653090336E-14,1.57651669496771E-14,1.));
#4866=DIRECTION('center_axis',(-0.70710678118656,-0.704416026402746,0.061628416716217));
#4867=DIRECTION('ref_axis',(-1.6496349735356E-15,0.087155742747658,0.996194698091746));
#4868=DIRECTION('',(-0.666179018232861,0.692865369294346,0.275940384320438));
#4869=DIRECTION('',(5.2301042279516E-15,-0.0871557427476616,-0.996194698091745));
#4870=DIRECTION('',(-0.705757556807942,0.708453436019958,-6.62320785267796E-14));
#4871=DIRECTION('',(-5.2301042279516E-15,0.0871557427476616,0.996194698091745));
#4872=DIRECTION('center_axis',(0.382683432365082,2.48892367289618E-16,0.92387953251129));
#4873=DIRECTION('ref_axis',(0.92387953251129,0.,-0.382683432365082));
#4874=DIRECTION('',(-0.923362160048622,0.0334617129951276,0.382469129674246));
#4875=DIRECTION('',(0.92387953251129,1.96960079401498E-15,-0.382683432365082));
#4876=DIRECTION('',(0.678598344545856,0.678598344545839,-0.281084637714817));
#4877=DIRECTION('',(-3.58046925441615E-15,1.,1.21367976777242E-15));
#4878=DIRECTION('center_axis',(-0.707106781186555,-0.70710678118654,-1.29532627841417E-15));
#4879=DIRECTION('ref_axis',(-1.74860126378468E-15,-8.32667268468812E-17,
1.));
#4880=DIRECTION('',(-0.678598344545843,0.678598344545857,0.281084637714806));
#4881=DIRECTION('',(5.32907051820071E-15,-3.49720252756923E-15,-1.));
#4882=DIRECTION('',(0.70710678118654,-0.707106781186555,6.63675999532276E-14));
#4883=DIRECTION('',(-5.32907051820071E-15,3.49720252756923E-15,1.));
#4884=DIRECTION('center_axis',(0.382683432365076,2.48892367289619E-16,0.923879532511293));
#4885=DIRECTION('ref_axis',(0.923879532511293,0.,-0.382683432365076));
#4886=DIRECTION('',(-0.923879532511293,-1.96960079401501E-15,0.382683432365076));
#4887=DIRECTION('',(0.923879532511293,1.96960079401501E-15,-0.382683432365076));
#4888=DIRECTION('',(0.678598344545857,0.67859834454584,-0.281084637714813));
#4889=DIRECTION('',(-3.58046925441615E-15,1.,1.2136797677724E-15));
#4890=DIRECTION('center_axis',(0.,1.,0.));
#4891=DIRECTION('ref_axis',(0.,0.,1.));
#4892=DIRECTION('center_axis',(0.,1.,0.));
#4893=DIRECTION('ref_axis',(-0.707106781186556,0.,0.707106781186539));
#4894=DIRECTION('center_axis',(-0.707106781186539,0.,-0.707106781186556));
#4895=DIRECTION('ref_axis',(0.,-1.,0.));
#4896=DIRECTION('center_axis',(-9.46633086265214E-30,-1.,1.86132430219709E-16));
#4897=DIRECTION('ref_axis',(-0.923879532511292,0.,0.382683432365078));
#4898=DIRECTION('center_axis',(-1.22124532708767E-14,0.,1.));
#4899=DIRECTION('ref_axis',(-1.,0.,-1.22124532708767E-14));
#4900=DIRECTION('center_axis',(-9.46633086265214E-30,-1.,1.86132430219709E-16));
#4901=DIRECTION('ref_axis',(0.,0.,-1.));
#4902=DIRECTION('center_axis',(1.,-3.15303338993547E-13,-9.3258734068513E-14));
#4903=DIRECTION('ref_axis',(9.3258734068513E-14,0.,1.));
#4904=DIRECTION('center_axis',(-9.46633086265214E-30,-1.,1.86132430219709E-16));
#4905=DIRECTION('ref_axis',(-0.684608314095332,1.35674002701111E-16,0.728911144290953));
#4906=DIRECTION('center_axis',(-0.707106781186499,0.,-0.707106781186596));
#4907=DIRECTION('ref_axis',(0.,-1.,0.));
#4908=DIRECTION('center_axis',(9.46633086265214E-30,1.,-1.86132430219709E-16));
#4909=DIRECTION('ref_axis',(-0.684608314095332,1.38777878078145E-16,0.728911144290953));
#4910=DIRECTION('center_axis',(-0.707106781186539,-1.31615503607083E-16,
-0.707106781186556));
#4911=DIRECTION('ref_axis',(-0.500000000000007,-0.707106781186547,0.499999999999994));
#4912=DIRECTION('',(0.707106781186539,1.31615503607083E-16,0.707106781186556));
#4913=DIRECTION('',(-0.707106781186539,-1.31615503607083E-16,-0.707106781186556));
#4914=DIRECTION('center_axis',(1.1962653090336E-14,-1.86132430219709E-16,
-1.));
#4915=DIRECTION('ref_axis',(-0.707106781186551,-0.707106781186544,-8.63550852276076E-15));
#4916=DIRECTION('center_axis',(1.22124532708767E-14,-6.93889390390725E-17,
-1.));
#4917=DIRECTION('ref_axis',(0.,-1.,6.93889390390725E-17));
#4918=DIRECTION('',(1.1962653090336E-14,-1.86132430219709E-16,-1.));
#4919=DIRECTION('center_axis',(0.,-1.,0.));
#4920=DIRECTION('ref_axis',(-0.707106781186556,0.,0.707106781186539));
#4921=DIRECTION('center_axis',(-0.948683298050518,-4.21300016229208E-15,
0.316227766016825));
#4922=DIRECTION('ref_axis',(-0.316227766016824,0.,-0.948683298050518));
#4923=DIRECTION('center_axis',(7.88283990313525E-30,1.,-2.69399157066595E-16));
#4924=DIRECTION('ref_axis',(-0.923879532511294,0.,0.382683432365072));
#4925=DIRECTION('center_axis',(-2.77555755906386E-17,-1.,2.72893686814586E-16));
#4926=DIRECTION('ref_axis',(-0.923879532511294,0.,0.382683432365072));
#4927=DIRECTION('',(-7.88283990313525E-30,-1.,2.69399157066595E-16));
#4928=DIRECTION('center_axis',(-7.88283990313525E-30,-1.,2.69399157066595E-16));
#4929=DIRECTION('ref_axis',(-0.923879532511292,0.,0.382683432365078));
#4930=DIRECTION('center_axis',(3.37385287802841E-15,0.996194698091745,-0.0871557427476616));
#4931=DIRECTION('ref_axis',(-4.0438062508507E-14,0.0871557427476615,0.996194698091745));
#4932=DIRECTION('',(-7.88283990313525E-30,-1.,2.69399157066595E-16));
#4933=DIRECTION('center_axis',(9.46633086265214E-30,1.,-1.86132430219709E-16));
#4934=DIRECTION('ref_axis',(1.,-7.39557098644699E-30,1.1962653090336E-14));
#4935=DIRECTION('',(1.,-6.96809798694886E-30,1.34218033512719E-14));
#4936=DIRECTION('',(-0.707106781186535,-1.31615503607084E-16,-0.70710678118656));
#4937=DIRECTION('center_axis',(-1.,6.96809798694886E-30,-1.34218033512719E-14));
#4938=DIRECTION('ref_axis',(-6.28036983473511E-15,-0.707106781186546,0.707106781186549));
#4939=DIRECTION('',(-1.,6.96809798694886E-30,-1.34218033512719E-14));
#4940=DIRECTION('center_axis',(-1.,0.,-1.33226762955019E-14));
#4941=DIRECTION('ref_axis',(0.,-1.,0.));
#4942=DIRECTION('center_axis',(-7.88283990313525E-30,-1.,2.69399157066595E-16));
#4943=DIRECTION('ref_axis',(-0.3826834323651,2.48892367289622E-16,0.923879532511283));
#4944=DIRECTION('',(-8.60422844084498E-16,-1.,2.4980018054066E-16));
#4945=DIRECTION('center_axis',(7.88283990313525E-30,1.,-2.69399157066595E-16));
#4946=DIRECTION('ref_axis',(-0.3826834323651,2.48892367289622E-16,0.923879532511283));
#4947=DIRECTION('',(-3.69482222595252E-14,1.,-1.77635683940027E-16));
#4948=DIRECTION('center_axis',(-0.707106781186556,1.90493970807732E-16,
0.707106781186539));
#4949=DIRECTION('ref_axis',(-7.88283990313525E-30,-1.,2.69399157066595E-16));
#4950=DIRECTION('',(-0.705757556807943,-0.0617457854184499,-0.705757556807961));
#4951=DIRECTION('',(-0.559808787677358,-0.610924088965558,-0.559808787677373));
#4952=DIRECTION('',(-3.58046925441612E-15,1.,-3.84986841148281E-15));
#4953=DIRECTION('',(-0.577350269189633,0.577350269189596,-0.577350269189648));
#4954=DIRECTION('',(-0.707106781186539,-5.00466971205453E-15,-0.707106781186556));
#4955=DIRECTION('',(-7.88283990313525E-30,-1.,2.69399157066595E-16));
#4956=DIRECTION('',(0.707106781186539,5.00466971205453E-15,0.707106781186556));
#4957=DIRECTION('',(0.577350269189628,0.577350269189607,0.577350269189642));
#4958=DIRECTION('',(-3.58046925441612E-15,1.,-3.84986841148281E-15));
#4959=DIRECTION('',(-0.577350269189633,0.577350269189596,-0.577350269189648));
#4960=DIRECTION('',(-0.707106781186539,-5.00466971205453E-15,-0.707106781186556));
#4961=DIRECTION('',(-7.88283990313525E-30,-1.,2.69399157066595E-16));
#4962=DIRECTION('',(0.707106781186539,1.90493970807726E-16,0.707106781186556));
#4963=DIRECTION('center_axis',(-7.88283990313525E-30,-1.,2.69399157066595E-16));
#4964=DIRECTION('ref_axis',(-0.707106781186543,0.,-0.707106781186552));
#4965=DIRECTION('center_axis',(2.77555755906386E-17,1.,-2.72893686814586E-16));
#4966=DIRECTION('ref_axis',(-0.707106781186543,0.,-0.707106781186552));
#4967=DIRECTION('',(7.88283990313525E-30,1.,-2.69399157066595E-16));
#4968=DIRECTION('',(-7.88283990313525E-30,-1.,2.69399157066595E-16));
#4969=DIRECTION('center_axis',(1.,-5.13866027950253E-30,1.01862962509358E-14));
#4970=DIRECTION('ref_axis',(1.01862962509358E-14,-2.69399157066595E-16,
-1.));
#4971=DIRECTION('',(1.01862962509358E-14,-3.58046925441613E-15,-1.));
#4972=DIRECTION('',(7.88283990313525E-30,1.,-2.69399157066595E-16));
#4973=DIRECTION('',(1.01862962509358E-14,-2.69399157066595E-16,-1.));
#4974=DIRECTION('center_axis',(1.,-5.13866027950253E-30,1.01862962509358E-14));
#4975=DIRECTION('ref_axis',(-1.01862962509358E-14,2.69399157066595E-16,
1.));
#4976=DIRECTION('center_axis',(1.,-5.13866027950253E-30,1.01862962509358E-14));
#4977=DIRECTION('ref_axis',(-1.01862962509358E-14,2.69399157066595E-16,
1.));
#4978=DIRECTION('center_axis',(-2.77555755906386E-17,-1.,2.72893686814586E-16));
#4979=DIRECTION('ref_axis',(2.22044604925042E-16,2.72893686814586E-16,1.));
#4980=DIRECTION('',(-1.,2.77555755906362E-17,-1.1962653090336E-14));
#4981=DIRECTION('center_axis',(2.77555755906386E-17,1.,-2.72893686814586E-16));
#4982=DIRECTION('ref_axis',(0.707106781186563,-1.31615503607092E-16,-0.707106781186533));
#4983=DIRECTION('',(-0.707106781186535,-1.73338820773719E-16,-0.70710678118656));
#4984=DIRECTION('center_axis',(-2.77555755906374E-17,-1.,3.56160413661472E-16));
#4985=DIRECTION('ref_axis',(-0.382683432365108,0.,0.923879532511279));
#4986=DIRECTION('',(-1.,2.77555755906346E-17,-1.34218033512719E-14));
#4987=DIRECTION('center_axis',(2.77555755906386E-17,1.,-2.72893686814586E-16));
#4988=DIRECTION('ref_axis',(0.707106781186561,-1.31615503607092E-16,-0.707106781186535));
#4989=DIRECTION('',(1.1962653090336E-14,-2.72893686814587E-16,-1.));
#4990=DIRECTION('center_axis',(2.77555755906386E-17,1.,-2.72893686814586E-16));
#4991=DIRECTION('ref_axis',(0.707106781186544,1.31615503607082E-16,0.707106781186551));
#4992=DIRECTION('',(-1.,-3.58046925441613E-15,-2.66442683888312E-17));
#4993=DIRECTION('center_axis',(-3.58046925441613E-15,1.,6.01732205729471E-17));
#4994=DIRECTION('ref_axis',(-0.707106781186541,0.,-0.707106781186554));
#4995=DIRECTION('',(-1.1962653090336E-14,-6.01732205729899E-17,1.));
#4996=DIRECTION('center_axis',(3.58046925441613E-15,-1.,-6.01732205729471E-17));
#4997=DIRECTION('ref_axis',(0.707106781186544,1.90493970807725E-16,0.707106781186551));
#4998=DIRECTION('',(-1.,2.77555755906383E-17,-9.29811783123568E-16));
#4999=DIRECTION('center_axis',(-2.77555755906386E-17,-1.,2.72893686814586E-16));
#5000=DIRECTION('ref_axis',(-0.3826834323651,2.48892367289622E-16,0.923879532511283));
#5001=DIRECTION('',(-0.707106781186539,-1.73338820773718E-16,-0.707106781186556));
#5002=DIRECTION('center_axis',(-2.77555755906386E-17,-1.,2.72893686814586E-16));
#5003=DIRECTION('ref_axis',(-0.923879532511291,1.03094594102511E-16,0.382683432365079));
#5004=DIRECTION('',(1.1962653090336E-14,-2.72893686814587E-16,-1.));
#5005=DIRECTION('center_axis',(-2.77555755906386E-17,-1.,2.72893686814586E-16));
#5006=DIRECTION('ref_axis',(-0.707106781186546,-1.90493970807724E-16,-0.707106781186549));
#5007=DIRECTION('',(1.,2.77555760144377E-17,1.01862962509358E-14));
#5008=DIRECTION('center_axis',(-2.77555760144013E-17,1.,-3.58046925441613E-15));
#5009=DIRECTION('ref_axis',(0.707106781186537,0.,0.707106781186559));
#5010=DIRECTION('center_axis',(2.77555755906386E-17,1.,-2.72893686814586E-16));
#5011=DIRECTION('ref_axis',(1.,-2.77555755906388E-17,-8.88178419700112E-16));
#5012=DIRECTION('center_axis',(2.77555755906386E-17,1.,-2.72893686814586E-16));
#5013=DIRECTION('ref_axis',(1.,-2.77555755906388E-17,-8.88178419700112E-16));
#5014=DIRECTION('',(-0.965925826289073,9.7439910722369E-17,0.258819045102502));
#5015=DIRECTION('',(-0.258819045102537,2.70778731496089E-16,0.965925826289064));
#5016=DIRECTION('',(0.707106781186537,1.73338820773719E-16,0.707106781186558));
#5017=DIRECTION('',(0.965925826289072,-9.74399107223699E-17,-0.258819045102506));
#5018=DIRECTION('',(0.258819045102534,-2.70778731496089E-16,-0.965925826289065));
#5019=DIRECTION('',(-0.707106781186535,-1.73338820773719E-16,-0.70710678118656));
#5020=DIRECTION('',(-0.460329225668741,2.55037602997779E-16,0.887748277382286));
#5021=DIRECTION('',(0.852068011048466,-1.66490677659553E-16,-0.523431088633366));
#5022=DIRECTION('',(0.707097400826693,1.73341640938029E-16,0.707116161421966));
#5023=DIRECTION('',(0.707116161421967,-2.12588832718317E-16,-0.707097400826692));
#5024=DIRECTION('',(-0.707097400826693,-1.73341640938029E-16,-0.707116161421966));
#5025=DIRECTION('',(-0.707116161421967,2.12588832718317E-16,0.707097400826692));
#5026=DIRECTION('center_axis',(-1.1962653090336E-14,2.69399157066595E-16,
1.));
#5027=DIRECTION('ref_axis',(1.,-4.66011124431863E-30,1.1962653090336E-14));
#5028=DIRECTION('',(1.,-4.66011124431862E-30,1.1962653090336E-14));
#5029=DIRECTION('',(-3.69482222595252E-14,1.,-1.77635683940027E-16));
#5030=DIRECTION('center_axis',(-7.88283990313525E-30,-1.,2.69399157066595E-16));
#5031=DIRECTION('ref_axis',(-0.923879532511292,0.,0.382683432365078));
#5032=DIRECTION('center_axis',(3.58046925441612E-15,-1.,3.49720252756924E-15));
#5033=DIRECTION('ref_axis',(-0.923879532511292,0.,0.382683432365078));
#5034=DIRECTION('center_axis',(-3.58046925441612E-15,1.,-3.49720252756924E-15));
#5035=DIRECTION('ref_axis',(-0.923879532511292,0.,0.382683432365078));
#5036=DIRECTION('center_axis',(0.355310664605486,0.923089377744596,-0.147174496135376));
#5037=DIRECTION('ref_axis',(-0.418169026663673,0.297783706456825,0.858172202595721));
#5038=DIRECTION('',(-0.663904462355894,0.663904462355911,-0.344182698181997));
#5039=DIRECTION('',(0.226077427540279,-0.663904462355895,-0.712825267243453));
#5040=DIRECTION('center_axis',(-7.88283990313525E-30,-1.,2.69399157066595E-16));
#5041=DIRECTION('ref_axis',(-0.923879532511292,0.,0.382683432365078));
#5042=DIRECTION('center_axis',(3.58046925441612E-15,-1.,3.49720252756924E-15));
#5043=DIRECTION('ref_axis',(-0.923879532511292,0.,0.382683432365078));
#5044=DIRECTION('center_axis',(0.707106781186555,0.70710678118654,8.26837915035118E-15));
#5045=DIRECTION('ref_axis',(-0.70710678118654,0.707106781186555,-8.5864431334268E-15));
#5046=DIRECTION('center_axis',(0.500000000000006,0.707106781186548,-0.499999999999993));
#5047=DIRECTION('ref_axis',(-0.500000000000007,0.707106781186547,0.499999999999994));
#5048=DIRECTION('center_axis',(-0.707106781186555,-0.70710678118654,-8.26837915035118E-15));
#5049=DIRECTION('ref_axis',(0.70710678118654,-0.707106781186555,8.64936709196646E-15));
#5050=DIRECTION('center_axis',(0.707106781186555,0.70710678118654,8.26837915035118E-15));
#5051=DIRECTION('ref_axis',(0.70710678118654,-0.707106781186555,8.48831235475907E-15));
#5052=DIRECTION('',(1.1962653090336E-14,-2.69399157066595E-16,-1.));
#5053=DIRECTION('center_axis',(0.707106781186555,-0.70710678118654,7.3932931250196E-15));
#5054=DIRECTION('ref_axis',(0.70710678118654,0.707106781186555,8.26837915035099E-15));
#5055=DIRECTION('',(-0.70710678118654,-0.707106781186555,-8.26837915035099E-15));
#5056=DIRECTION('',(-1.01862962509358E-14,2.69399157066595E-16,1.));
#5057=DIRECTION('center_axis',(-0.500000000000006,-0.707106781186548,0.499999999999993));
#5058=DIRECTION('ref_axis',(0.816496580927726,-0.577350269189626,1.00793499905819E-14));
#5059=DIRECTION('',(-0.707106781186539,-1.90493970807726E-16,-0.707106781186556));
#5060=DIRECTION('',(0.500000000000036,-0.707106781186521,-0.500000000000001));
#5061=DIRECTION('center_axis',(-7.88283990313525E-30,-1.,2.69399157066595E-16));
#5062=DIRECTION('ref_axis',(0.707106781186563,-1.90493970807731E-16,-0.707106781186533));
#5063=DIRECTION('center_axis',(8.45887312115882E-15,0.707106781186547,-0.707106781186548));
#5064=DIRECTION('ref_axis',(8.5864431334269E-15,-0.707106781186548,-0.707106781186547));
#5065=DIRECTION('center_axis',(7.88283990313525E-30,1.,-2.69399157066595E-16));
#5066=DIRECTION('ref_axis',(0.707106781186563,-1.90493970807731E-16,-0.707106781186533));
#5067=DIRECTION('center_axis',(-7.88283990313525E-30,-1.,2.69399157066595E-16));
#5068=DIRECTION('ref_axis',(1.,-4.66011124431863E-30,1.1962653090336E-14));
#5069=DIRECTION('center_axis',(-7.88283990313525E-30,-1.,2.69399157066595E-16));
#5070=DIRECTION('ref_axis',(0.707106781186543,1.90493970807725E-16,0.707106781186552));
#5071=DIRECTION('',(-1.,5.13866027950253E-30,-1.01862962509358E-14));
#5072=DIRECTION('center_axis',(7.88283990313525E-30,1.,-2.69399157066595E-16));
#5073=DIRECTION('ref_axis',(-0.707106781186546,-1.90493970807724E-16,-0.707106781186549));
#5074=DIRECTION('',(-1.1962653090336E-14,2.69399157066595E-16,1.));
#5075=DIRECTION('center_axis',(7.88283990313525E-30,1.,-2.69399157066595E-16));
#5076=DIRECTION('ref_axis',(-0.923879532511291,1.03094594102511E-16,0.382683432365079));
#5077=DIRECTION('',(0.707106781186539,1.90493970807726E-16,0.707106781186556));
#5078=DIRECTION('center_axis',(7.88283990313525E-30,1.,-2.69399157066595E-16));
#5079=DIRECTION('ref_axis',(-0.3826834323651,2.48892367289622E-16,0.923879532511283));
#5080=DIRECTION('',(1.,-4.67207497019822E-30,1.1918244169351E-14));
#5081=DIRECTION('center_axis',(7.88283990313525E-30,1.,-2.69399157066595E-16));
#5082=DIRECTION('ref_axis',(0.707106781186545,1.90493970807724E-16,0.70710678118655));
#5083=DIRECTION('',(1.1962653090336E-14,-2.69399157066595E-16,-1.));
#5084=DIRECTION('center_axis',(-7.88283990313525E-30,-1.,2.69399157066595E-16));
#5085=DIRECTION('ref_axis',(-0.707106781186545,-1.90493970807724E-16,-0.70710678118655));
#5086=DIRECTION('',(1.,-4.67506590166812E-30,1.19071419391048E-14));
#5087=DIRECTION('center_axis',(7.88283990313525E-30,1.,-2.69399157066595E-16));
#5088=DIRECTION('ref_axis',(0.707106781186544,1.90493970807725E-16,0.707106781186552));
#5089=DIRECTION('',(1.1962653090336E-14,-2.69399157066595E-16,-1.));
#5090=DIRECTION('center_axis',(7.88283990313525E-30,1.,-2.69399157066595E-16));
#5091=DIRECTION('ref_axis',(0.707106781186561,-1.90493970807731E-16,-0.707106781186535));
#5092=DIRECTION('',(-1.,4.26701739398899E-30,-1.34218033512719E-14));
#5093=DIRECTION('center_axis',(-7.88283990313525E-30,-1.,2.69399157066595E-16));
#5094=DIRECTION('ref_axis',(-0.3826834323651,2.48892367289622E-16,0.923879532511282));
#5095=DIRECTION('',(-1.,4.66011124431862E-30,-1.1962653090336E-14));
#5096=DIRECTION('',(1.,-1.15674720861454E-29,-1.36772223904894E-14));
#5097=DIRECTION('center_axis',(7.88283990313525E-30,1.,-2.69399157066595E-16));
#5098=DIRECTION('ref_axis',(-2.30042061959192E-14,1.31234801932566E-15,
1.));
#5099=DIRECTION('',(-2.40615679471966E-14,2.69399157066595E-16,1.));
#5100=DIRECTION('center_axis',(-7.88283990313525E-30,-1.,2.69399157066595E-16));
#5101=DIRECTION('ref_axis',(-2.30887946168431E-14,1.23129752424043E-15,
1.));
#5102=DIRECTION('center_axis',(-7.76555289703216E-15,-1.,1.16513752339509E-14));
#5103=DIRECTION('ref_axis',(0.0323800770621333,1.13938163757025E-14,0.999475627821634));
#5104=DIRECTION('',(-0.499999999999959,-2.33306513777788E-16,-0.866025403784463));
#5105=DIRECTION('',(0.500000000000043,-2.33306513777783E-16,-0.866025403784414));
#5106=DIRECTION('',(1.,1.6540365874713E-29,9.06580630904159E-14));
#5107=DIRECTION('',(0.499999999999926,2.33306513777793E-16,0.866025403784481));
#5108=DIRECTION('',(-0.500000000000063,2.3330651377778E-16,0.866025403784402));
#5109=DIRECTION('center_axis',(-1.16550375698443E-14,-1.,-2.62762454707701E-16));
#5110=DIRECTION('ref_axis',(-0.999475627821634,1.16404177238724E-14,0.0323800770621314));
#5111=DIRECTION('',(0.866025403784462,-1.34699578533294E-16,-0.49999999999996));
#5112=DIRECTION('',(0.866025403784411,1.34699578533304E-16,0.500000000000048));
#5113=DIRECTION('',(-9.97094445784955E-14,2.69399157066595E-16,1.));
#5114=DIRECTION('',(-0.866025403784484,1.34699578533283E-16,0.499999999999922));
#5115=DIRECTION('',(-0.866025403784403,-1.34699578533307E-16,-0.500000000000062));
#5116=DIRECTION('center_axis',(-8.45887312115882E-15,-0.707106781186547,
0.707106781186548));
#5117=DIRECTION('ref_axis',(1.,-4.66011124431863E-30,1.1962653090336E-14));
#5118=DIRECTION('center_axis',(-0.70710678118656,1.90493970807731E-16,0.707106781186535));
#5119=DIRECTION('ref_axis',(0.707106781186535,1.90493970807727E-16,0.707106781186561));
#5120=DIRECTION('',(0.707106781186535,1.31615503607084E-16,0.70710678118656));
#5121=DIRECTION('',(-7.8790506488631E-30,-1.,2.69399157066595E-16));
#5122=DIRECTION('center_axis',(-1.1603440675295E-14,-1.,-6.59284306188062E-16));
#5123=DIRECTION('ref_axis',(-1.,1.16034406752951E-14,-7.67135619378653E-14));
#5124=DIRECTION('center_axis',(-4.59564876750445E-15,-1.,4.55614125701085E-15));
#5125=DIRECTION('ref_axis',(-0.999614666572301,4.72034824861825E-15,0.0277582127225057));
#5126=DIRECTION('',(-4.34300117316568E-14,1.,-8.40716483422918E-14));
#5127=DIRECTION('center_axis',(-8.31030805595791E-15,-1.,2.0962238624352E-15));
#5128=DIRECTION('ref_axis',(-0.999614666572301,8.36529324435694E-15,0.0277582127225083));
#5129=DIRECTION('',(-8.81973519821487E-14,1.,5.95418582431527E-15));
#5130=DIRECTION('center_axis',(-0.499999999999952,-9.45231890682854E-14,
-0.866025403784466));
#5131=DIRECTION('ref_axis',(-4.34300117316569E-14,1.,-8.40716483422919E-14));
#5132=DIRECTION('',(0.866025403784466,-9.52121573942894E-15,-0.499999999999952));
#5133=DIRECTION('',(-4.34300117316568E-14,1.,-8.40716483422918E-14));
#5134=DIRECTION('',(0.866025403784466,-9.52121573942894E-15,-0.499999999999952));
#5135=DIRECTION('center_axis',(-0.353553390593268,0.70710678118648,-0.612372435695876));
#5136=DIRECTION('ref_axis',(0.392819454711196,0.706365789620531,0.58884653964693));
#5137=DIRECTION('',(0.392819454711195,0.706365789620532,0.588846539646929));
#5138=DIRECTION('',(0.392819454711195,0.706365789620532,0.588846539646929));
#5139=DIRECTION('',(-0.866025403784474,-7.22282495566525E-15,0.499999999999938));
#5140=DIRECTION('center_axis',(-1.0833005226315E-14,-1.,2.11829218648498E-16));
#5141=DIRECTION('ref_axis',(-0.499999999999939,5.23305312854345E-15,-0.866025403784474));
#5142=DIRECTION('center_axis',(-1.20510456370813E-14,-1.,6.34920241647988E-15));
#5143=DIRECTION('ref_axis',(-0.523846650667551,9.04569346284888E-16,-0.851812588885835));
#5144=DIRECTION('',(5.69765369388548E-14,1.,-9.02612538049687E-14));
#5145=DIRECTION('center_axis',(-1.2051045637081E-14,-1.,6.34920241647945E-15));
#5146=DIRECTION('ref_axis',(-0.523846650667553,9.04569346285171E-16,-0.851812588885834));
#5147=DIRECTION('',(-0.313546334909199,0.70636578962054,0.634614896704103));
#5148=DIRECTION('center_axis',(1.0833005226315E-14,1.,-2.11829218648498E-16));
#5149=DIRECTION('ref_axis',(-0.499999999999969,5.23305312854378E-15,-0.866025403784457));
#5150=DIRECTION('center_axis',(0.500000000000057,-1.06656807241965E-13,
-0.866025403784406));
#5151=DIRECTION('ref_axis',(5.69765369388546E-14,1.,-9.02612538049683E-14));
#5152=DIRECTION('',(0.866025403784406,-1.01404923475115E-14,0.500000000000057));
#5153=DIRECTION('',(5.69765369388548E-14,1.,-9.02612538049687E-14));
#5154=DIRECTION('',(0.866025403784406,-1.01404923475115E-14,0.500000000000057));
#5155=DIRECTION('center_axis',(0.353553390593358,0.707106781186471,-0.612372435695834));
#5156=DIRECTION('ref_axis',(-0.313546334909199,0.70636578962054,0.634614896704104));
#5157=DIRECTION('',(-0.313546334909199,0.70636578962054,0.634614896704103));
#5158=DIRECTION('',(-0.866025403784403,5.30534225561214E-15,-0.500000000000061));
#5159=DIRECTION('center_axis',(-1.22003118491158E-14,-1.,8.3784670919132E-16));
#5160=DIRECTION('ref_axis',(0.500000000000152,-6.82575245919656E-15,-0.866025403784351));
#5161=DIRECTION('center_axis',(-1.07067015857633E-14,-1.,-2.35437344513531E-15));
#5162=DIRECTION('ref_axis',(0.475768015904801,-3.02306803192027E-15,-0.87957080160838));
#5163=DIRECTION('',(1.12464588329507E-13,1.,-6.77220184380491E-15));
#5164=DIRECTION('center_axis',(-1.5746769761673E-14,-1.,7.45161437930807E-16));
#5165=DIRECTION('ref_axis',(0.475768015904799,-8.14723164970928E-15,-0.879570801608382));
#5166=DIRECTION('',(-0.706365789620382,0.706365789620544,0.0457683570572382));
#5167=DIRECTION('center_axis',(1.22003118491158E-14,1.,-8.3784670919132E-16));
#5168=DIRECTION('ref_axis',(0.500000000000127,-6.82575245919627E-15,-0.866025403784366));
#5169=DIRECTION('center_axis',(1.,-1.12464588329507E-13,1.00721274228944E-13));
#5170=DIRECTION('ref_axis',(1.12464588329508E-13,1.,-6.77220184380491E-15));
#5171=DIRECTION('',(-1.00707396441136E-13,-7.67094003572762E-16,1.));
#5172=DIRECTION('',(1.12464588329507E-13,1.,-6.77220184380491E-15));
#5173=DIRECTION('',(-1.00707396441136E-13,-7.67094003572762E-16,1.));
#5174=DIRECTION('center_axis',(0.70710678118663,0.707106781186465,7.18570215077579E-14));
#5175=DIRECTION('ref_axis',(-0.706365789620383,0.706365789620544,0.0457683570572382));
#5176=DIRECTION('',(-0.706365789620382,0.706365789620544,0.0457683570572382));
#5177=DIRECTION('',(7.26326317059275E-14,2.88963810930575E-14,-1.));
#5178=DIRECTION('center_axis',(-1.14696917648345E-14,-1.,-8.90944214562537E-16));
#5179=DIRECTION('ref_axis',(1.,-1.14696917648346E-14,1.10242754534969E-13));
#5180=DIRECTION('center_axis',(-6.82065730780369E-15,-1.,2.45136610347071E-15));
#5181=DIRECTION('ref_axis',(0.999614666572298,-6.88607462230518E-15,-0.0277582127225906));
#5182=DIRECTION('',(6.79223334431993E-14,1.,8.3343495706201E-14));
#5183=DIRECTION('center_axis',(-1.05353165962579E-14,-1.,-8.5512911048544E-18));
#5184=DIRECTION('ref_axis',(0.999614666572298,-1.05310196180444E-14,-0.0277582127225917));
#5185=DIRECTION('',(-0.392819454711334,0.706365789620541,-0.588846539646826));
#5186=DIRECTION('center_axis',(1.14696917648345E-14,1.,8.90944214562537E-16));
#5187=DIRECTION('ref_axis',(1.,-1.14696917648346E-14,8.96624120695685E-14));
#5188=DIRECTION('center_axis',(0.49999999999993,-1.06138751243368E-13,0.866025403784479));
#5189=DIRECTION('ref_axis',(6.79223334431995E-14,1.,8.33434957062013E-14));
#5190=DIRECTION('',(-0.866025403784479,9.56412670035735E-15,0.49999999999993));
#5191=DIRECTION('',(6.79223334431993E-14,1.,8.3343495706201E-14));
#5192=DIRECTION('',(-0.866025403784479,9.56412670035735E-15,0.49999999999993));
#5193=DIRECTION('center_axis',(0.353553390593272,0.707106781186465,0.612372435695891));
#5194=DIRECTION('ref_axis',(-0.392819454711334,0.706365789620541,-0.588846539646826));
#5195=DIRECTION('',(-0.392819454711334,0.706365789620541,-0.588846539646826));
#5196=DIRECTION('',(0.866025403784474,3.99645719182233E-19,-0.499999999999938));
#5197=DIRECTION('center_axis',(-1.23755605578138E-14,-1.,1.14138637661691E-15));
#5198=DIRECTION('ref_axis',(0.499999999999866,-5.19931068122142E-15,0.866025403784516));
#5199=DIRECTION('center_axis',(-1.30898138405448E-14,-1.,-2.50068512456529E-15));
#5200=DIRECTION('ref_axis',(0.523846650667609,-8.9871702081761E-15,0.851812588885799));
#5201=DIRECTION('',(-3.3138078311014E-14,1.,8.94154993326921E-14));
#5202=DIRECTION('center_axis',(-1.30898138405445E-14,-1.,-2.50068512456508E-15));
#5203=DIRECTION('ref_axis',(0.523846650667609,-8.98717020817576E-15,0.851812588885799));
#5204=DIRECTION('',(0.313546334909053,0.706365789620532,-0.634614896704184));
#5205=DIRECTION('center_axis',(1.23755605578138E-14,1.,-1.14138637661691E-15));
#5206=DIRECTION('ref_axis',(0.499999999999892,-5.19931068122177E-15,0.866025403784501));
#5207=DIRECTION('center_axis',(-0.500000000000054,-9.40051330696879E-14,
0.866025403784408));
#5208=DIRECTION('ref_axis',(-3.3138078311014E-14,1.,8.94154993326921E-14));
#5209=DIRECTION('',(-0.866025403784408,9.88785085064606E-15,-0.500000000000054));
#5210=DIRECTION('',(-3.3138078311014E-14,1.,8.94154993326921E-14));
#5211=DIRECTION('',(-0.866025403784408,9.88785085064606E-15,-0.500000000000054));
#5212=DIRECTION('center_axis',(-0.353553390593342,0.707106781186475,0.612372435695839));
#5213=DIRECTION('ref_axis',(0.313546334909053,0.706365789620532,-0.634614896704185));
#5214=DIRECTION('',(0.313546334909053,0.706365789620532,-0.634614896704184));
#5215=DIRECTION('',(0.866025403784403,-1.78660819250837E-14,0.500000000000061));
#5216=DIRECTION('center_axis',(-1.42929780093892E-14,-1.,-2.79246031643716E-16));
#5217=DIRECTION('ref_axis',(-0.49999999999986,6.90465484738311E-15,0.86602540378452));
#5218=DIRECTION('center_axis',(-1.35547810762709E-14,-1.,-6.46275200249147E-17));
#5219=DIRECTION('ref_axis',(-0.475768015904544,6.39208681908357E-15,0.879570801608519));
#5220=DIRECTION('center_axis',(-1.30646808438559E-14,-1.,-6.5928631010827E-16));
#5221=DIRECTION('ref_axis',(-0.499999999999884,5.96138172900532E-15,0.866025403784506));
#5222=DIRECTION('center_axis',(-1.31261342620304E-14,-1.,3.92543756908348E-16));
#5223=DIRECTION('ref_axis',(-0.475768015904545,6.59026488127314E-15,0.879570801608519));
#5224=DIRECTION('',(1.30646808438559E-14,1.,6.59286310108269E-16));
#5225=DIRECTION('center_axis',(0.706607466618546,-0.707605743418551,1.93924213056958E-9));
#5226=DIRECTION('ref_axis',(-0.70756232530311,-0.706564109726202,0.011077664847592));
#5227=DIRECTION('center_axis',(-9.10285547444314E-15,-1.,3.22482724612291E-16));
#5228=DIRECTION('ref_axis',(-0.127016965998114,8.36346294120803E-16,-0.99190054458531));
#5229=DIRECTION('',(-1.59631656591603E-14,9.05514288432926E-16,-1.));
#5230=DIRECTION('',(1.60047990225837E-14,-3.49601369215383E-16,1.));
#5231=DIRECTION('',(1.55468320249258E-14,-6.30309795657033E-16,1.));
#5232=DIRECTION('center_axis',(-1.,-8.81973519821488E-14,1.59631656591603E-14));
#5233=DIRECTION('ref_axis',(-8.81973519821487E-14,1.,5.95418582431527E-15));
#5234=DIRECTION('center_axis',(1.1603440675295E-14,1.,6.59284306188062E-16));
#5235=DIRECTION('ref_axis',(-1.,1.1603440675295E-14,-4.49715985197287E-14));
#5236=DIRECTION('center_axis',(-1.,1.19600012877452E-14,-7.26326317059272E-14));
#5237=DIRECTION('ref_axis',(7.2644774770259E-14,-1.30068886171818E-15,-1.));
#5238=DIRECTION('',(-1.21972933584856E-14,-1.,3.33502777582678E-16));
#5239=DIRECTION('',(-3.58046925441607E-15,-1.,-1.74182162432737E-15));
#5240=DIRECTION('',(-7.2632631705927E-14,2.73619943171626E-14,1.));
#5241=DIRECTION('center_axis',(-1.21770387877928E-14,-1.,1.38389885907487E-15));
#5242=DIRECTION('ref_axis',(0.866025403784477,-1.12375743626348E-14,-0.499999999999934));
#5243=DIRECTION('',(1.2147546657053E-14,1.,-1.40980171953346E-15));
#5244=DIRECTION('center_axis',(-1.22003118491158E-14,-1.,8.3784670919132E-16));
#5245=DIRECTION('ref_axis',(0.500000000000129,-6.8257524591963E-15,-0.866025403784364));
#5246=DIRECTION('center_axis',(-0.500000000000061,6.81792148878736E-15,
0.866025403784403));
#5247=DIRECTION('ref_axis',(-0.866025403784403,9.04825972441949E-15,-0.500000000000061));
#5248=DIRECTION('',(-1.23451098994121E-14,-1.,7.45205090128304E-16));
#5249=DIRECTION('',(0.866025403784403,-1.50399154994529E-14,0.500000000000061));
#5250=DIRECTION('center_axis',(1.23451098994121E-14,1.,-7.45205090128305E-16));
#5251=DIRECTION('ref_axis',(7.05696118121218E-14,-7.45205090129176E-16,
-1.));
#5252=DIRECTION('',(1.23451098994121E-14,1.,-7.45205090128304E-16));
#5253=DIRECTION('center_axis',(-1.0833005226315E-14,-1.,2.11829218648498E-16));
#5254=DIRECTION('ref_axis',(-0.499999999999963,5.23305312854371E-15,-0.86602540378446));
#5255=DIRECTION('center_axis',(-0.499999999999938,5.52718841062467E-15,
-0.866025403784474));
#5256=DIRECTION('ref_axis',(0.833672847123963,-0.270775636442872,-0.481321242703024));
#5257=DIRECTION('',(1.22684458308832E-14,1.,-4.02432400444305E-16));
#5258=DIRECTION('',(0.866025403784474,-2.63771536601719E-14,-0.499999999999938));
#5259=DIRECTION('center_axis',(1.22684458308832E-14,1.,-4.02432400444305E-16));
#5260=DIRECTION('ref_axis',(-0.866025403784405,1.04235695542756E-14,-0.500000000000059));
#5261=DIRECTION('',(1.22684458308832E-14,1.,-4.02432400444305E-16));
#5262=DIRECTION('center_axis',(-1.1603440675295E-14,-1.,-6.59284306188062E-16));
#5263=DIRECTION('ref_axis',(-1.,1.1603440675295E-14,-5.03275572518041E-14));
#5264=DIRECTION('center_axis',(-1.,1.19600012877452E-14,-7.26326317059272E-14));
#5265=DIRECTION('ref_axis',(-1.19600012877452E-14,-1.,5.35422780329708E-16));
#5266=DIRECTION('',(1.21770387877928E-14,1.,-1.38389885907487E-15));
#5267=DIRECTION('',(-1.55468320249258E-14,6.30309795657033E-16,-1.));
#5268=DIRECTION('',(-0.313546334909023,0.706365789620571,0.634614896704155));
#5269=DIRECTION('center_axis',(-1.3345107675785E-14,-1.,-5.33226827652511E-16));
#5270=DIRECTION('ref_axis',(-0.499999999999862,6.21076585916415E-15,0.866025403784518));
#5271=DIRECTION('center_axis',(-0.353553390593374,-0.707106781186435,0.612372435695867));
#5272=DIRECTION('ref_axis',(-0.313546334909023,0.706365789620571,0.634614896704156));
#5273=DIRECTION('',(-0.313546334909023,0.706365789620571,0.634614896704155));
#5274=DIRECTION('',(-0.866025403784403,1.92964346944139E-15,-0.500000000000061));
#5275=DIRECTION('',(0.392819454711334,0.706365789620562,0.588846539646799));
#5276=DIRECTION('center_axis',(-1.23755605578138E-14,-1.,1.14138637661691E-15));
#5277=DIRECTION('ref_axis',(0.499999999999889,-5.19931068122172E-15,0.866025403784503));
#5278=DIRECTION('center_axis',(0.353553390593271,-0.707106781186443,0.612372435695918));
#5279=DIRECTION('ref_axis',(0.392819454711334,0.706365789620562,0.5888465396468));
#5280=DIRECTION('',(0.392819454711334,0.706365789620562,0.588846539646799));
#5281=DIRECTION('',(-0.866025403784474,1.90762237272913E-14,0.499999999999938));
#5282=DIRECTION('',(0.706365789620368,0.706365789620559,-0.0457683570572367));
#5283=DIRECTION('center_axis',(-1.14696917648345E-14,-1.,-8.90944214562537E-16));
#5284=DIRECTION('ref_axis',(1.,-1.14696917648346E-14,8.4978658684433E-14));
#5285=DIRECTION('center_axis',(0.707106781186645,-0.70710678118645,7.06957183806158E-14));
#5286=DIRECTION('ref_axis',(0.706365789620368,0.706365789620558,-0.0457683570572367));
#5287=DIRECTION('',(0.706365789620368,0.706365789620559,-0.0457683570572367));
#5288=DIRECTION('',(0.313546334909203,0.706365789620563,-0.634614896704075));
#5289=DIRECTION('center_axis',(0.353553390593357,-0.707106781186449,-0.61237243569586));
#5290=DIRECTION('ref_axis',(0.313546334909203,0.706365789620563,-0.634614896704076));
#5291=DIRECTION('',(0.313546334909203,0.706365789620563,-0.634614896704075));
#5292=DIRECTION('',(-0.392819454711161,0.706365789620572,-0.588846539646904));
#5293=DIRECTION('center_axis',(-0.353553390593299,-0.70710678118644,-0.612372435695904));
#5294=DIRECTION('ref_axis',(-0.392819454711161,0.706365789620572,-0.588846539646903));
#5295=DIRECTION('',(-0.392819454711161,0.706365789620572,-0.588846539646904));
#5296=DIRECTION('center_axis',(1.21770387877928E-14,1.,-1.38389885907487E-15));
#5297=DIRECTION('ref_axis',(-0.866025403784474,1.12375743626348E-14,0.499999999999939));
#5298=DIRECTION('',(1.21770387877928E-14,1.,-1.38389885907487E-15));
#5299=DIRECTION('center_axis',(0.500000000000061,-7.05037443456825E-15,
-0.866025403784403));
#5300=DIRECTION('ref_axis',(0.866025403784403,-8.90948184634134E-15,0.500000000000061));
#5301=DIRECTION('',(1.2147546657053E-14,1.,-1.40980171953346E-15));
#5302=DIRECTION('center_axis',(1.21770387877928E-14,1.,-1.38389885907487E-15));
#5303=DIRECTION('ref_axis',(-7.24452815705217E-14,1.38389885907575E-15,
1.));
#5304=DIRECTION('',(-1.2147546657053E-14,-1.,1.40980171953346E-15));
#5305=DIRECTION('center_axis',(-0.499999999999938,5.52718841062467E-15,
-0.866025403784474));
#5306=DIRECTION('ref_axis',(0.866025403784474,-9.88057324762391E-15,-0.499999999999938));
#5307=DIRECTION('',(1.21594504836271E-14,1.,-3.67556364282719E-16));
#5308=DIRECTION('center_axis',(-1.22684458308832E-14,-1.,4.02432400444305E-16));
#5309=DIRECTION('ref_axis',(0.866025403784405,-1.04235695542756E-14,0.500000000000059));
#5310=DIRECTION('center_axis',(-8.16207474851252E-15,-1.,1.15997783394016E-14));
#5311=DIRECTION('ref_axis',(-7.48955717350415E-14,1.15997783394022E-14,
1.));
#5312=DIRECTION('center_axis',(-2.94664918531362E-15,-1.,4.59198643161099E-15));
#5313=DIRECTION('ref_axis',(0.0277582127225075,4.50842327083481E-15,0.999614666572301));
#5314=DIRECTION('',(-7.65688578999673E-14,1.,4.34336740675504E-14));
#5315=DIRECTION('center_axis',(-5.40656657988927E-15,-1.,8.30664572006446E-15));
#5316=DIRECTION('ref_axis',(0.0277582127225101,8.15336826657348E-15,0.999614666572301));
#5317=DIRECTION('',(1.34569762666399E-14,1.,8.82010143180422E-14));
#5318=DIRECTION('center_axis',(-0.866025403784465,-8.80274131139078E-14,
0.499999999999954));
#5319=DIRECTION('ref_axis',(-7.65688578999673E-14,1.,4.34336740675505E-14));
#5320=DIRECTION('',(-0.499999999999954,-5.76664884234613E-15,-0.866025403784465));
#5321=DIRECTION('',(-7.65688578999673E-14,1.,4.34336740675504E-14));
#5322=DIRECTION('',(-0.499999999999954,-5.76664884234613E-15,-0.866025403784465));
#5323=DIRECTION('center_axis',(-0.61237243569587,0.707106781186485,0.353553390593269));
#5324=DIRECTION('ref_axis',(0.588846539646934,0.706365789620527,-0.392819454711197));
#5325=DIRECTION('',(0.588846539646933,0.706365789620527,-0.392819454711196));
#5326=DIRECTION('',(0.588846539646933,0.706365789620527,-0.392819454711196));
#5327=DIRECTION('',(0.49999999999994,-1.0977391852748E-14,0.866025403784474));
#5328=DIRECTION('center_axis',(-7.29096122367597E-15,-1.,1.08293428904216E-14));
#5329=DIRECTION('ref_axis',(-0.866025403784473,1.17288290829211E-14,0.49999999999994));
#5330=DIRECTION('center_axis',(-1.15358802584458E-15,-1.,1.20473833011878E-14));
#5331=DIRECTION('ref_axis',(-0.851812588885834,7.2936221944378E-15,0.523846650667552));
#5332=DIRECTION('',(-8.27584633626443E-14,1.,-5.69728746029612E-14));
#5333=DIRECTION('center_axis',(-1.15358802584501E-15,-1.,1.20473833011876E-14));
#5334=DIRECTION('ref_axis',(-0.851812588885833,7.29362219443807E-15,0.523846650667555));
#5335=DIRECTION('',(0.634614896704109,0.706365789620535,0.313546334909198));
#5336=DIRECTION('center_axis',(7.29096122367597E-15,1.,-1.08293428904216E-14));
#5337=DIRECTION('ref_axis',(-0.866025403784456,1.17288290829213E-14,0.49999999999997));
#5338=DIRECTION('center_axis',(-0.866025403784407,-1.00157368951694E-13,
-0.500000000000055));
#5339=DIRECTION('ref_axis',(-8.27584633626439E-14,1.,-5.6972874602961E-14));
#5340=DIRECTION('',(0.500000000000055,-1.38887158927532E-14,-0.866025403784407));
#5341=DIRECTION('',(-8.27584633626443E-14,1.,-5.69728746029612E-14));
#5342=DIRECTION('',(0.500000000000055,-1.38887158927532E-14,-0.866025403784407));
#5343=DIRECTION('center_axis',(-0.612372435695829,0.707106781186476,-0.353553390593357));
#5344=DIRECTION('ref_axis',(0.634614896704109,0.706365789620535,0.313546334909198));
#5345=DIRECTION('',(0.634614896704109,0.706365789620535,0.313546334909198));
#5346=DIRECTION('',(-0.50000000000006,9.05356580085391E-15,0.866025403784404));
#5347=DIRECTION('center_axis',(-6.66494373313314E-15,-1.,1.21966495132224E-14));
#5348=DIRECTION('ref_axis',(-0.866025403784352,-3.263141689264E-16,-0.50000000000015));
#5349=DIRECTION('center_axis',(-9.85716388745977E-15,-1.,1.07030392498699E-14));
#5350=DIRECTION('ref_axis',(-0.879570801608381,3.57790979401638E-15,-0.4757680159048));
#5351=DIRECTION('',(7.30588598519366E-16,1.,-1.12460925993614E-13));
#5352=DIRECTION('center_axis',(-6.75762900439365E-15,-1.,1.57431074257795E-14));
#5353=DIRECTION('ref_axis',(-0.879570801608382,-1.54625382377262E-15,-0.475768015904797));
#5354=DIRECTION('',(0.0457683570572448,0.706365789620544,0.706365789620382));
#5355=DIRECTION('center_axis',(6.66494373313314E-15,1.,-1.21966495132224E-14));
#5356=DIRECTION('ref_axis',(-0.866025403784366,-3.26314168925997E-16,-0.500000000000125));
#5357=DIRECTION('center_axis',(9.89032840261192E-14,-1.12460925993614E-13,
-1.));
#5358=DIRECTION('ref_axis',(7.30588598519367E-16,1.,-1.12460925993614E-13));
#5359=DIRECTION('',(1.,-8.26988444589725E-15,9.88894062383122E-14));
#5360=DIRECTION('',(7.30588598519366E-16,1.,-1.12460925993614E-13));
#5361=DIRECTION('',(1.,-8.26988444589725E-15,9.88894062383122E-14));
#5362=DIRECTION('center_axis',(7.5876782306799E-14,0.707106781186465,-0.70710678118663));
#5363=DIRECTION('ref_axis',(0.0457683570572448,0.706365789620543,0.706365789620383));
#5364=DIRECTION('',(0.0457683570572448,0.706365789620544,0.706365789620382));
#5365=DIRECTION('',(-1.,3.6399171535382E-14,-7.08146415031038E-14));
#5366=DIRECTION('center_axis',(-8.393734656887E-15,-1.,1.14660294289411E-14));
#5367=DIRECTION('ref_axis',(1.08424764332145E-13,-1.1466029428942E-14,-1.));
#5368=DIRECTION('center_axis',(-5.05142433885377E-15,-1.,6.81699497191023E-15));
#5369=DIRECTION('ref_axis',(-0.0277582127225924,-6.6741496445211E-15,-0.999614666572298));
#5370=DIRECTION('',(9.08462861485254E-14,1.,-6.7918671107306E-14));
#5371=DIRECTION('center_axis',(-7.51134173342932E-15,-1.,1.05316542603645E-14));
#5372=DIRECTION('ref_axis',(-0.0277582127225935,-1.03190946402603E-14,-0.999614666572298));
#5373=DIRECTION('',(-0.58884653964682,0.706365789620545,0.392819454711335));
#5374=DIRECTION('center_axis',(8.393734656887E-15,1.,-1.14660294289411E-14));
#5375=DIRECTION('ref_axis',(8.78444218667448E-14,-1.14660294289418E-14,
-1.));
#5376=DIRECTION('center_axis',(0.866025403784478,-1.12634527197746E-13,
-0.499999999999932));
#5377=DIRECTION('ref_axis',(9.08462861485257E-14,1.,-6.79186711073062E-14));
#5378=DIRECTION('',(0.499999999999932,5.8095598032747E-15,0.866025403784478));
#5379=DIRECTION('',(9.08462861485254E-14,1.,-6.7918671107306E-14));
#5380=DIRECTION('',(0.499999999999932,5.8095598032747E-15,0.866025403784478));
#5381=DIRECTION('center_axis',(0.612372435695896,0.70710678118646,-0.353553390593273));
#5382=DIRECTION('ref_axis',(-0.58884653964682,0.706365789620545,0.392819454711335));
#5383=DIRECTION('',(-0.58884653964682,0.706365789620545,0.392819454711335));
#5384=DIRECTION('',(-0.49999999999994,3.75496654280189E-15,-0.866025403784474));
#5385=DIRECTION('center_axis',(-6.36140406570756E-15,-1.,1.23718982219203E-14));
#5386=DIRECTION('ref_axis',(0.866025403784515,-1.16950866355994E-14,-0.499999999999867));
#5387=DIRECTION('center_axis',(-1.00034755668898E-14,-1.,1.30861515046514E-14));
#5388=DIRECTION('ref_axis',(0.851812588885798,-1.53762230563287E-14,-0.523846650667611));
#5389=DIRECTION('',(9.69182897750166E-14,1.,3.31417406469073E-14));
#5390=DIRECTION('center_axis',(-1.00034755668895E-14,-1.,1.30861515046511E-14));
#5391=DIRECTION('ref_axis',(0.851812588885798,-1.53762230563284E-14,-0.523846650667611));
#5392=DIRECTION('',(-0.63461489670418,0.706365789620537,-0.313546334909051));
#5393=DIRECTION('center_axis',(6.36140406570756E-15,1.,-1.23718982219203E-14));
#5394=DIRECTION('ref_axis',(0.8660254037845,-1.16950866355996E-14,-0.499999999999894));
#5395=DIRECTION('center_axis',(0.866025403784409,-1.00504571359959E-13,
0.500000000000052));
#5396=DIRECTION('ref_axis',(9.69182897750166E-14,1.,3.31417406469073E-14));
#5397=DIRECTION('',(-0.500000000000052,1.36360743958878E-14,0.866025403784409));
#5398=DIRECTION('',(9.69182897750166E-14,1.,3.31417406469073E-14));
#5399=DIRECTION('',(-0.500000000000052,1.36360743958878E-14,0.866025403784409));
#5400=DIRECTION('center_axis',(0.612372435695845,0.70710678118647,0.353553390593341));
#5401=DIRECTION('ref_axis',(-0.63461489670418,0.706365789620536,-0.313546334909052));
#5402=DIRECTION('',(-0.63461489670418,0.706365789620537,-0.313546334909051));
#5403=DIRECTION('',(0.50000000000006,-2.16143054703255E-14,-0.866025403784404));
#5404=DIRECTION('center_axis',(-7.78203647396818E-15,-1.,1.42893156734957E-14));
#5405=DIRECTION('ref_axis',(0.86602540378452,4.05216557111683E-16,0.499999999999858));
#5406=DIRECTION('center_axis',(-7.56741796234938E-15,-1.,1.35511187403774E-14));
#5407=DIRECTION('ref_axis',(0.87957080160852,-2.08891006854116E-16,0.475768015904543));
#5408=DIRECTION('center_axis',(-8.16207675243273E-15,-1.,1.30610185079625E-14));
#5409=DIRECTION('ref_axis',(0.866025403784507,-5.38056561265998E-16,0.499999999999882));
#5410=DIRECTION('center_axis',(-7.11024668541611E-15,-1.,1.31224719261369E-14));
#5411=DIRECTION('ref_axis',(0.87957080160852,-1.07129446645459E-17,0.475768015904543));
#5412=DIRECTION('',(8.16207675243273E-15,1.,-1.30610185079625E-14));
#5413=DIRECTION('center_axis',(1.93923553694652E-9,-0.707605743418551,-0.706607466618546));
#5414=DIRECTION('ref_axis',(0.011077664847588,-0.706564109726202,0.70756232530311));
#5415=DIRECTION('center_axis',(-7.18030771771218E-15,-1.,9.0991931385497E-15));
#5416=DIRECTION('ref_axis',(-0.99190054458531,8.27790304097826E-15,0.127016965998116));
#5417=DIRECTION('',(-1.,8.40830473075741E-15,1.77811558619839E-14));
#5418=DIRECTION('',(1.,-7.85239181153987E-15,-1.78227892254074E-14));
#5419=DIRECTION('',(1.,-8.13310023798152E-15,-1.73648222277495E-14));
#5420=DIRECTION('center_axis',(1.77811558619833E-14,-8.82010143180424E-14,
1.));
#5421=DIRECTION('ref_axis',(1.34569762666399E-14,1.,8.82010143180421E-14));
#5422=DIRECTION('center_axis',(8.16207474851252E-15,1.,-1.15997783394016E-14));
#5423=DIRECTION('ref_axis',(-4.31536083169049E-14,1.15997783394019E-14,
1.));
#5424=DIRECTION('center_axis',(-7.08146415031034E-14,1.19563389518523E-14,
1.));
#5425=DIRECTION('ref_axis',(-1.,6.2021015806063E-15,-7.08267845674353E-14));
#5426=DIRECTION('',(-7.16928766474178E-15,-1.,1.21936310225921E-14));
#5427=DIRECTION('',(-9.24461206665185E-15,-1.,3.57680691852262E-15));
#5428=DIRECTION('',(1.,1.98592038748382E-14,7.08146415031033E-14));
#5429=DIRECTION('center_axis',(-6.1188915832496E-15,-1.,1.21733764518993E-14));
#5430=DIRECTION('ref_axis',(-0.499999999999936,-7.48300746555213E-15,-0.866025403784476));
#5431=DIRECTION('',(6.09298872279101E-15,1.,-1.21438843211595E-14));
#5432=DIRECTION('center_axis',(-6.66494373313314E-15,-1.,1.21966495132224E-14));
#5433=DIRECTION('ref_axis',(-0.866025403784365,-3.26314168926036E-16,-0.500000000000127));
#5434=DIRECTION('center_axis',(0.866025403784404,3.184831985168E-16,0.50000000000006));
#5435=DIRECTION('ref_axis',(-0.50000000000006,1.27964832696613E-14,0.866025403784404));
#5436=DIRECTION('',(-6.75758535219616E-15,-1.,1.23414475635186E-14));
#5437=DIRECTION('',(0.50000000000006,-1.87881390446946E-14,-0.866025403784404));
#5438=DIRECTION('center_axis',(6.75758535219616E-15,1.,-1.23414475635186E-14));
#5439=DIRECTION('ref_axis',(-1.,6.75758535219531E-15,-6.87516216092981E-14));
#5440=DIRECTION('',(6.75758535219616E-15,1.,-1.23414475635186E-14));
#5441=DIRECTION('center_axis',(-7.29096122367597E-15,-1.,1.08293428904216E-14));
#5442=DIRECTION('ref_axis',(-0.866025403784459,1.17288290829212E-14,0.499999999999965));
#5443=DIRECTION('center_axis',(-0.866025403784474,1.20229643650023E-14,
0.49999999999994));
#5444=DIRECTION('ref_axis',(-0.481321242703027,-0.270775636442868,-0.833672847123962));
#5445=DIRECTION('',(7.10035804188016E-15,1.,-1.22647834949898E-14));
#5446=DIRECTION('',(-0.49999999999994,-2.26225867630892E-14,-0.866025403784474));
#5447=DIRECTION('center_axis',(7.10035804188016E-15,1.,-1.22647834949898E-14));
#5448=DIRECTION('ref_axis',(-0.500000000000058,1.41717930995173E-14,0.866025403784405));
#5449=DIRECTION('',(7.10035804188016E-15,1.,-1.22647834949898E-14));
#5450=DIRECTION('center_axis',(-8.16207474851252E-15,-1.,1.15997783394016E-14));
#5451=DIRECTION('ref_axis',(-4.85095670489803E-14,1.1599778339402E-14,1.));
#5452=DIRECTION('center_axis',(-7.08146415031034E-14,1.19563389518523E-14,
1.));
#5453=DIRECTION('ref_axis',(-6.96736766199475E-15,-1.,1.19563389518518E-14));
#5454=DIRECTION('',(6.1188915832496E-15,1.,-1.21733764518993E-14));
#5455=DIRECTION('',(-1.,8.13310023798152E-15,1.73648222277495E-14));
#5456=DIRECTION('',(0.634614896704161,0.706365789620567,0.313546334909022));
#5457=DIRECTION('center_axis',(-8.03601726997697E-15,-1.,1.33414453398915E-14));
#5458=DIRECTION('ref_axis',(0.866025403784519,-2.88672431107266E-16,0.499999999999861));
#5459=DIRECTION('center_axis',(0.612372435695862,-0.707106781186439,0.353553390593373));
#5460=DIRECTION('ref_axis',(0.634614896704162,0.706365789620566,0.313546334909022));
#5461=DIRECTION('',(0.634614896704161,0.706365789620567,0.313546334909022));
#5462=DIRECTION('',(-0.50000000000006,5.67786701468316E-15,0.866025403784404));
#5463=DIRECTION('',(0.588846539646804,0.706365789620558,-0.392819454711335));
#5464=DIRECTION('center_axis',(-6.36140406570756E-15,-1.,1.23718982219203E-14));
#5465=DIRECTION('ref_axis',(0.866025403784502,-1.16950866355996E-14,-0.49999999999989));
#5466=DIRECTION('center_axis',(0.612372435695912,-0.707106781186447,-0.353553390593272));
#5467=DIRECTION('ref_axis',(0.588846539646804,0.706365789620558,-0.392819454711335));
#5468=DIRECTION('',(0.588846539646804,0.706365789620558,-0.392819454711335));
#5469=DIRECTION('',(0.49999999999994,1.53216568302086E-14,0.866025403784474));
#5470=DIRECTION('',(-0.0457683570572327,0.706365789620559,-0.706365789620368));
#5471=DIRECTION('center_axis',(-8.393734656887E-15,-1.,1.14660294289411E-14));
#5472=DIRECTION('ref_axis',(8.31606684816093E-14,-1.14660294289418E-14,
-1.));
#5473=DIRECTION('center_axis',(6.41049311804798E-14,-0.70710678118645,-0.707106781186645));
#5474=DIRECTION('ref_axis',(-0.0457683570572326,0.706365789620559,-0.706365789620368));
#5475=DIRECTION('',(-0.0457683570572327,0.706365789620559,-0.706365789620368));
#5476=DIRECTION('',(-0.634614896704071,0.706365789620568,-0.313546334909202));
#5477=DIRECTION('center_axis',(-0.612372435695866,-0.707106781186445,-0.353553390593356));
#5478=DIRECTION('ref_axis',(-0.634614896704071,0.706365789620568,-0.313546334909202));
#5479=DIRECTION('',(-0.634614896704071,0.706365789620568,-0.313546334909202));
#5480=DIRECTION('',(-0.588846539646898,0.706365789620576,0.392819454711162));
#5481=DIRECTION('center_axis',(-0.612372435695908,-0.707106781186436,0.353553390593301));
#5482=DIRECTION('ref_axis',(-0.588846539646897,0.706365789620577,0.392819454711162));
#5483=DIRECTION('',(-0.588846539646898,0.706365789620576,0.392819454711162));
#5484=DIRECTION('center_axis',(6.1188915832496E-15,1.,-1.21733764518993E-14));
#5485=DIRECTION('ref_axis',(0.49999999999994,7.48300746555207E-15,0.866025403784473));
#5486=DIRECTION('',(6.1188915832496E-15,1.,-1.21733764518993E-14));
#5487=DIRECTION('center_axis',(-0.866025403784404,-5.5093614429769E-16,
-0.50000000000006));
#5488=DIRECTION('ref_axis',(0.50000000000006,-1.26577053915831E-14,-0.866025403784404));
#5489=DIRECTION('',(6.09298872279101E-15,1.,-1.21438843211595E-14));
#5490=DIRECTION('center_axis',(6.1188915832496E-15,1.,-1.21733764518993E-14));
#5491=DIRECTION('ref_axis',(1.,-6.11889158324874E-15,7.0627291367698E-14));
#5492=DIRECTION('',(-6.09298872279101E-15,-1.,1.21438843211595E-14));
#5493=DIRECTION('center_axis',(-0.866025403784474,1.20229643650023E-14,
0.49999999999994));
#5494=DIRECTION('ref_axis',(-0.49999999999994,-6.1260063505412E-15,-0.866025403784474));
#5495=DIRECTION('',(7.13523407804174E-15,1.,-1.21557881477336E-14));
#5496=DIRECTION('center_axis',(-7.10035804188016E-15,-1.,1.22647834949898E-14));
#5497=DIRECTION('ref_axis',(0.500000000000058,-1.41717930995173E-14,-0.866025403784405));
#5498=DIRECTION('center_axis',(-0.707106781186522,-0.707106781186573,-1.68236038906353E-14));
#5499=DIRECTION('ref_axis',(-2.33406629230384E-14,-4.51505867091588E-16,
1.));
#5500=DIRECTION('',(2.31152284983819E-14,6.7694029174813E-16,-1.));
#5501=DIRECTION('center_axis',(9.6712567001115E-15,-0.707106781186548,0.707106781186547));
#5502=DIRECTION('ref_axis',(1.,-1.11022302460547E-16,-1.37882446929499E-14));
#5503=DIRECTION('',(-1.,-3.6792450888871E-14,-2.31152284983817E-14));
#5504=DIRECTION('center_axis',(3.5416114485501E-14,-1.,-4.51505867092984E-16));
#5505=DIRECTION('ref_axis',(-2.30887946168431E-14,1.23129752424043E-15,
1.));
#5506=DIRECTION('center_axis',(-3.67924508888711E-14,1.,6.76940291747277E-16));
#5507=DIRECTION('ref_axis',(-2.30887946168432E-14,3.21223011417141E-15,
1.));
#5508=DIRECTION('center_axis',(-3.54161144855035E-14,1.,4.51505867092984E-16));
#5509=DIRECTION('ref_axis',(-2.30042061959192E-14,1.31234801932566E-15,
1.));
#5510=DIRECTION('center_axis',(3.67924508888711E-14,-1.,-6.76940291747277E-16));
#5511=DIRECTION('ref_axis',(-2.30042061959193E-14,3.21223011417141E-15,
1.));
#5512=DIRECTION('center_axis',(-2.78911684047435E-15,-1.,3.21223011417134E-15));
#5513=DIRECTION('ref_axis',(-2.30887946168431E-14,3.21223011417141E-15,
1.));
#5514=DIRECTION('',(2.78911684047435E-15,1.,-3.21223011417134E-15));
#5515=DIRECTION('center_axis',(1.63635605764378E-15,-1.,2.57415483303438E-15));
#5516=DIRECTION('ref_axis',(-2.30887946168431E-14,3.21223011417141E-15,
1.));
#5517=DIRECTION('',(2.78911684047435E-15,1.,-3.21223011417134E-15));
#5518=DIRECTION('center_axis',(-2.31152284983818E-14,3.21223011417141E-15,
1.));
#5519=DIRECTION('ref_axis',(1.,1.63635605764384E-15,2.31152284983819E-14));
#5520=DIRECTION('',(1.,1.63635605764384E-15,2.31152284983819E-14));
#5521=DIRECTION('',(2.78911684047435E-15,1.,-3.21223011417134E-15));
#5522=DIRECTION('center_axis',(-1.65177525802968E-15,1.,-3.21223011417145E-15));
#5523=DIRECTION('ref_axis',(-2.30042061959193E-14,2.88618065732664E-15,
1.));
#5524=DIRECTION('center_axis',(1.63635605764378E-15,-1.,2.57415483303438E-15));
#5525=DIRECTION('ref_axis',(-2.30042061959193E-14,2.57415483303435E-15,
1.));
#5526=DIRECTION('center_axis',(-1.63635605764378E-15,1.,-2.57415483303438E-15));
#5527=DIRECTION('ref_axis',(-2.30042061959193E-14,3.21223011417141E-15,
1.));
#5528=DIRECTION('center_axis',(-1.51878563550874E-14,-0.70710678118652,
0.707106781186575));
#5529=DIRECTION('ref_axis',(-1.,-1.52533375518131E-15,-2.30042061959193E-14));
#5530=DIRECTION('',(-1.,-1.63635605764384E-15,-2.31152284983819E-14));
#5531=DIRECTION('center_axis',(1.65177525802968E-15,-1.,3.21223011417145E-15));
#5532=DIRECTION('ref_axis',(-2.30887946168431E-14,2.89938737924498E-15,
1.));
#5533=DIRECTION('center_axis',(-1.63635605764378E-15,1.,-2.57415483303438E-15));
#5534=DIRECTION('ref_axis',(-2.30887946168431E-14,2.57415483303434E-15,
1.));
#5535=DIRECTION('center_axis',(-0.707106781186582,-0.707106781186513,-1.45247324816206E-14));
#5536=DIRECTION('ref_axis',(-0.707106781186513,0.707106781186582,-1.85378198934097E-14));
#5537=DIRECTION('',(-2.31152284983818E-14,2.57415483303434E-15,1.));
#5538=DIRECTION('',(2.31152284983818E-14,-2.57415483303434E-15,-1.));
#5539=DIRECTION('center_axis',(-1.,2.78911684047428E-15,-2.31152284983819E-14));
#5540=DIRECTION('ref_axis',(-2.31152284983818E-14,2.57415483303434E-15,
1.));
#5541=DIRECTION('',(2.78911684047435E-15,1.,-3.21223011417134E-15));
#5542=DIRECTION('center_axis',(-2.78911684047435E-15,-1.,3.21223011417134E-15));
#5543=DIRECTION('ref_axis',(-2.30042061959193E-14,3.21223011417141E-15,
1.));
#5544=DIRECTION('center_axis',(1.63635605764378E-15,-1.,2.57415483303438E-15));
#5545=DIRECTION('ref_axis',(0.707106781186531,2.97728080305835E-15,0.707106781186564));
#5546=DIRECTION('center_axis',(9.59836892780684E-14,-2.56579820002765E-16,
-1.));
#5547=DIRECTION('ref_axis',(-6.63033997848526E-14,-1.,2.56579819996401E-16));
#5548=DIRECTION('center_axis',(9.71540938148102E-14,3.51817846372261E-15,
-1.));
#5549=DIRECTION('ref_axis',(-6.7473804321594E-14,-1.,-3.51817846372916E-15));
#5550=DIRECTION('center_axis',(9.59836892780684E-14,-2.56579820002765E-16,
-1.));
#5551=DIRECTION('ref_axis',(-6.63033997848526E-14,-1.,2.56579819996401E-16));
#5552=DIRECTION('center_axis',(9.71540945973348E-14,3.51817846372261E-15,
-1.));
#5553=DIRECTION('ref_axis',(-6.74738051041187E-14,-1.,-3.51817846372916E-15));
#5554=DIRECTION('center_axis',(-1.89626959967704E-16,1.,-7.18869408442289E-15));
#5555=DIRECTION('ref_axis',(1.,1.89626959967698E-16,-8.88178419700113E-16));
#5556=DIRECTION('center_axis',(3.49720252756924E-15,-1.,7.18869408442289E-15));
#5557=DIRECTION('ref_axis',(1.,3.49720252756924E-15,-8.88178419700137E-16));
#5558=DIRECTION('center_axis',(-1.89626959967704E-16,1.,-7.18869408442289E-15));
#5559=DIRECTION('ref_axis',(1.,1.89626959967698E-16,-8.88178419700113E-16));
#5560=DIRECTION('center_axis',(3.49720252756924E-15,-1.,7.18869408442289E-15));
#5561=DIRECTION('ref_axis',(1.,3.49720252756923E-15,-8.88178419700137E-16));
#5562=DIRECTION('center_axis',(-2.76366231487049E-15,-1.,9.92460082370276E-15));
#5563=DIRECTION('ref_axis',(1.,-2.7636623148705E-15,-8.88178419700114E-16));
#5564=DIRECTION('',(-0.258819045102534,6.89466620473095E-15,0.965925826289065));
#5565=DIRECTION('',(-0.965925826289072,1.67740536047088E-15,0.258819045102506));
#5566=DIRECTION('',(-0.707106781186537,-5.21726084426007E-15,-0.707106781186558));
#5567=DIRECTION('',(0.258819045102537,-6.89466620473095E-15,-0.965925826289064));
#5568=DIRECTION('',(0.965925826289073,-1.67740536047085E-15,-0.258819045102502));
#5569=DIRECTION('',(0.707106781186535,5.21726084426008E-15,0.70710678118656));
#5570=DIRECTION('center_axis',(1.,-4.66011124431863E-30,1.1962653090336E-14));
#5571=DIRECTION('ref_axis',(-1.1962653090336E-14,2.69399157066595E-16,1.));
#5572=DIRECTION('center_axis',(-1.,4.66011124431863E-30,-1.1962653090336E-14));
#5573=DIRECTION('ref_axis',(-1.1962653090336E-14,2.69399157066595E-16,1.));
#5574=DIRECTION('center_axis',(1.,-4.66011124431862E-30,1.1962653090336E-14));
#5575=DIRECTION('ref_axis',(-1.1962653090336E-14,2.69399157066595E-16,1.));
#5576=DIRECTION('center_axis',(-1.,4.66011124431862E-30,-1.1962653090336E-14));
#5577=DIRECTION('ref_axis',(-1.1962653090336E-14,2.69399157066595E-16,1.));
#5578=DIRECTION('center_axis',(-6.85562717706031E-15,2.02785775589086E-16,
1.));
#5579=DIRECTION('ref_axis',(-1.,6.66133814775151E-17,-6.85562717706031E-15));
#5580=DIRECTION('center_axis',(6.85562717706031E-15,-2.02785775589086E-16,
-1.));
#5581=DIRECTION('ref_axis',(-1.,6.66133814775151E-17,-6.8556271770603E-15));
#5582=DIRECTION('center_axis',(-6.8556271770603E-15,2.02785775589086E-16,
1.));
#5583=DIRECTION('ref_axis',(-1.,6.66133814775151E-17,-6.8556271770603E-15));
#5584=DIRECTION('center_axis',(6.8556271770603E-15,-2.02785775589086E-16,
-1.));
#5585=DIRECTION('ref_axis',(-1.,6.66133814775151E-17,-6.8556271770603E-15));
#5586=DIRECTION('center_axis',(9.71540938148102E-14,3.51817846372261E-15,
-1.));
#5587=DIRECTION('ref_axis',(-6.7473804321594E-14,-1.,-3.51817846372916E-15));
#5588=DIRECTION('center_axis',(9.71540938148102E-14,3.29613385880262E-15,
-1.));
#5589=DIRECTION('ref_axis',(-6.7473804321594E-14,-1.,-3.51817846372916E-15));
#5590=DIRECTION('',(9.71540938148102E-14,3.51817846372261E-15,-1.));
#5591=DIRECTION('center_axis',(9.71540945973348E-14,3.51817846372261E-15,
-1.));
#5592=DIRECTION('ref_axis',(-6.74738051041187E-14,-1.,-3.51817846372916E-15));
#5593=DIRECTION('center_axis',(9.71540938148102E-14,3.29613385880262E-15,
-1.));
#5594=DIRECTION('ref_axis',(-6.74738051041187E-14,-1.,-3.51817846372916E-15));
#5595=DIRECTION('',(9.71540945973348E-14,3.51817846372261E-15,-1.));
#5596=DIRECTION('center_axis',(2.77555756156273E-17,-1.,7.13318293321663E-15));
#5597=DIRECTION('ref_axis',(1.,2.77555756156209E-17,-8.88178419700112E-16));
#5598=DIRECTION('center_axis',(-2.77555755906386E-17,-1.,2.72893686814586E-16));
#5599=DIRECTION('ref_axis',(1.,2.77555756156209E-17,-8.88178419700112E-16));
#5600=DIRECTION('',(-2.77555756156273E-17,1.,-7.13318293321663E-15));
#5601=DIRECTION('center_axis',(2.77555756156273E-17,-1.,7.13318293321663E-15));
#5602=DIRECTION('ref_axis',(1.,2.77555756156209E-17,-8.88178419700112E-16));
#5603=DIRECTION('center_axis',(-2.77555755906386E-17,-1.,2.72893686814586E-16));
#5604=DIRECTION('ref_axis',(1.,2.77555756156209E-17,-8.88178419700112E-16));
#5605=DIRECTION('',(-2.77555756156273E-17,1.,-7.13318293321663E-15));
#5606=DIRECTION('center_axis',(-0.70710678118656,8.97195690676436E-15,0.707106781186535));
#5607=DIRECTION('ref_axis',(0.707106781186535,5.21726084426008E-15,0.70710678118656));
#5608=DIRECTION('',(0.707106781186535,1.73338820773719E-16,0.70710678118656));
#5609=DIRECTION('',(2.76366231487049E-15,1.,-9.92460082370276E-15));
#5610=DIRECTION('',(2.76366231487049E-15,1.,-9.92460082370276E-15));
#5611=DIRECTION('center_axis',(-0.965925826289065,1.00817096860659E-16,
-0.258819045102534));
#5612=DIRECTION('ref_axis',(-0.258819045102534,6.89466620473095E-15,0.965925826289065));
#5613=DIRECTION('',(-0.258819045102534,2.70778731496089E-16,0.965925826289065));
#5614=DIRECTION('',(2.76366231487049E-15,1.,-9.92460082370276E-15));
#5615=DIRECTION('center_axis',(-0.258819045102506,-8.87113980990373E-15,
-0.965925826289072));
#5616=DIRECTION('ref_axis',(-0.965925826289072,1.67740536047088E-15,0.258819045102506));
#5617=DIRECTION('',(-0.965925826289072,9.74399107223699E-17,0.258819045102506));
#5618=DIRECTION('',(2.76366231487049E-15,1.,-9.92460082370276E-15));
#5619=DIRECTION('center_axis',(0.707106781186558,-8.97195690676437E-15,
-0.707106781186537));
#5620=DIRECTION('ref_axis',(-0.707106781186537,-5.21726084426007E-15,-0.707106781186558));
#5621=DIRECTION('',(-0.707106781186537,-1.73338820773719E-16,-0.707106781186558));
#5622=DIRECTION('',(2.76366231487049E-15,1.,-9.92460082370276E-15));
#5623=DIRECTION('center_axis',(0.965925826289064,-1.00817096860631E-16,
0.258819045102537));
#5624=DIRECTION('ref_axis',(0.258819045102537,-6.89466620473095E-15,-0.965925826289064));
#5625=DIRECTION('',(0.258819045102537,-2.70778731496089E-16,-0.965925826289064));
#5626=DIRECTION('',(2.76366231487049E-15,1.,-9.92460082370276E-15));
#5627=DIRECTION('center_axis',(0.258819045102502,8.87113980990375E-15,0.965925826289073));
#5628=DIRECTION('ref_axis',(0.965925826289073,-1.67740536047085E-15,-0.258819045102502));
#5629=DIRECTION('',(0.965925826289073,-9.74399107223688E-17,-0.258819045102502));
#5630=DIRECTION('center_axis',(5.57907132752081E-16,-1.,-2.31822088213892E-15));
#5631=DIRECTION('ref_axis',(1.,5.57907132752081E-16,2.6590051339858E-30));
#5632=DIRECTION('',(0.852068011048466,-2.70475772476242E-16,-0.523431088633366));
#5633=DIRECTION('',(-0.460329225668741,2.60840646224384E-16,0.887748277382286));
#5634=DIRECTION('center_axis',(-3.58046925441621E-15,1.,3.29613385880228E-15));
#5635=DIRECTION('ref_axis',(2.60998202387999E-14,3.29613385880237E-15,-1.));
#5636=DIRECTION('',(0.707116161421967,-2.76175826504275E-16,-0.707097400826692));
#5637=DIRECTION('',(0.707097400826693,-8.00228723884404E-18,0.707116161421966));
#5638=DIRECTION('',(-0.707116161421967,2.76175826504275E-16,0.707097400826692));
#5639=DIRECTION('',(-0.707097400826693,8.00228723884404E-18,-0.707116161421966));
#5640=DIRECTION('center_axis',(-1.,4.66011124431863E-30,-1.1962653090336E-14));
#5641=DIRECTION('ref_axis',(-1.1962653090336E-14,2.69399157066595E-16,1.));
#5642=DIRECTION('center_axis',(-1.,5.13866027950253E-30,-1.01862962509358E-14));
#5643=DIRECTION('ref_axis',(-1.01862962509358E-14,2.69399157066595E-16,
1.));
#5644=DIRECTION('',(1.,-4.66011124431863E-30,1.1962653090336E-14));
#5645=DIRECTION('center_axis',(-1.,4.66011124431862E-30,-1.1962653090336E-14));
#5646=DIRECTION('ref_axis',(-1.1962653090336E-14,2.69399157066595E-16,1.));
#5647=DIRECTION('center_axis',(-1.,5.13866027950253E-30,-1.01862962509358E-14));
#5648=DIRECTION('ref_axis',(-1.01862962509358E-14,2.69399157066595E-16,
1.));
#5649=DIRECTION('',(1.,-4.66011124431863E-30,1.1962653090336E-14));
#5650=DIRECTION('center_axis',(1.,-8.32667268467006E-17,1.1962653090336E-14));
#5651=DIRECTION('ref_axis',(-1.1962653090336E-14,1.57651669496771E-14,1.));
#5652=DIRECTION('center_axis',(1.,-8.32667268467006E-17,1.1962653090336E-14));
#5653=DIRECTION('ref_axis',(-1.1962653090336E-14,1.57651669496771E-14,1.));
#5654=DIRECTION('center_axis',(0.707106781186535,1.31615503607084E-16,0.70710678118656));
#5655=DIRECTION('ref_axis',(0.500000000000011,0.707106781186545,-0.499999999999992));
#5656=DIRECTION('center_axis',(0.316227766016851,1.05325004057301E-15,-0.94868329805051));
#5657=DIRECTION('ref_axis',(0.948683298050509,0.,0.316227766016851));
#5658=DIRECTION('center_axis',(6.85562717706031E-15,-2.02785775589086E-16,
-1.));
#5659=DIRECTION('ref_axis',(-1.,6.66133814775151E-17,-6.8556271770603E-15));
#5660=DIRECTION('',(-6.85562717706031E-15,2.02785775589086E-16,1.));
#5661=DIRECTION('center_axis',(-1.19071419391048E-14,2.69399157066595E-16,
1.));
#5662=DIRECTION('ref_axis',(-1.,6.66133814775138E-17,-1.19071419391048E-14));
#5663=DIRECTION('center_axis',(6.8556271770603E-15,-2.02785775589086E-16,
-1.));
#5664=DIRECTION('ref_axis',(-1.,6.66133814775151E-17,-6.8556271770603E-15));
#5665=DIRECTION('',(-6.8556271770603E-15,2.02785775589086E-16,1.));
#5666=DIRECTION('center_axis',(-1.19071419391048E-14,2.69399157066595E-16,
1.));
#5667=DIRECTION('ref_axis',(-1.,6.66133814775138E-17,-1.19071419391048E-14));
#5668=DIRECTION('center_axis',(9.71540938148102E-14,3.29613385880262E-15,
-1.));
#5669=DIRECTION('ref_axis',(3.58046925441621E-15,-1.,-3.29613385880228E-15));
#5670=DIRECTION('',(-3.58046925441656E-15,1.,3.29613385880228E-15));
#5671=DIRECTION('',(-0.707106781186555,-0.70710678118654,-7.1029037159745E-14));
#5672=DIRECTION('',(-1.,-3.58046925441646E-15,-9.71540938148102E-14));
#5673=DIRECTION('',(-0.707106781186571,0.707106781186524,-6.63675999532308E-14));
#5674=DIRECTION('',(-3.58046925441616E-15,1.,3.29613385880228E-15));
#5675=DIRECTION('',(-0.705757556807969,-0.708453436019931,-7.0902393242483E-14));
#5676=DIRECTION('',(-1.,-5.11314137601269E-15,-9.71540938148102E-14));
#5677=DIRECTION('',(-3.58046925441656E-15,1.,3.29613385880228E-15));
#5678=DIRECTION('center_axis',(9.71540938148102E-14,3.29613385880262E-15,
-1.));
#5679=DIRECTION('ref_axis',(-0.707106781186548,-0.707106781186547,-7.10290371597438E-14));
#5680=DIRECTION('',(-1.,-3.58046925441589E-15,-9.71540938148102E-14));
#5681=DIRECTION('center_axis',(9.71540938148102E-14,3.29613385880262E-15,
-1.));
#5682=DIRECTION('ref_axis',(0.707106781186553,-0.707106781186542,6.63675999532285E-14));
#5683=DIRECTION('',(3.58046925441656E-15,-1.,-3.29613385880228E-15));
#5684=DIRECTION('center_axis',(9.71540938148102E-14,3.29613385880262E-15,
-1.));
#5685=DIRECTION('ref_axis',(0.707106781186542,0.707106781186553,7.10290371597433E-14));
#5686=DIRECTION('',(-1.,-3.58046925441589E-15,-9.71540938148102E-14));
#5687=DIRECTION('center_axis',(9.71540938148102E-14,3.29613385880262E-15,
-1.));
#5688=DIRECTION('ref_axis',(-0.707106781186547,0.707106781186548,-6.63675999532279E-14));
#5689=DIRECTION('',(-3.58046925441656E-15,1.,3.29613385880228E-15));
#5690=DIRECTION('',(-0.707106781186555,-0.70710678118654,-7.1029037159745E-14));
#5691=DIRECTION('',(-1.,-3.58046925441646E-15,-9.71540938148102E-14));
#5692=DIRECTION('',(-0.707106781186571,0.707106781186524,-6.63675999532308E-14));
#5693=DIRECTION('',(-3.58046925441616E-15,1.,3.29613385880228E-15));
#5694=DIRECTION('',(0.707106781186563,0.707106781186532,7.10290371597457E-14));
#5695=DIRECTION('',(1.,3.58046925441646E-15,9.71540938148102E-14));
#5696=DIRECTION('center_axis',(-3.58046925441621E-15,1.,3.29613385880228E-15));
#5697=DIRECTION('ref_axis',(2.60998202387999E-14,3.29613385880237E-15,-1.));
#5698=DIRECTION('',(-9.59836892780684E-14,-3.29613385880262E-15,1.));
#5699=DIRECTION('',(-1.,-3.5804692544162E-15,-9.29811783123566E-16));
#5700=DIRECTION('',(9.59836892780684E-14,3.29613385880262E-15,-1.));
#5701=DIRECTION('center_axis',(9.59836892780684E-14,3.29613385880262E-15,
-1.));
#5702=DIRECTION('ref_axis',(0.707106781186553,-0.707106781186542,6.63675999532285E-14));
#5703=DIRECTION('center_axis',(9.29811783123568E-16,-3.33066907387531E-16,
-1.));
#5704=DIRECTION('ref_axis',(0.707106781186553,-0.707106781186542,6.63675913694506E-14));
#5705=DIRECTION('',(-9.71540816755145E-14,-3.29613385880262E-15,1.));
#5706=DIRECTION('center_axis',(-9.59836892780684E-14,-3.29613385880262E-15,
1.));
#5707=DIRECTION('ref_axis',(-0.707106781186548,-0.707106781186547,-7.10290371597438E-14));
#5708=DIRECTION('',(9.59836892780684E-14,3.29613385880262E-15,-1.));
#5709=DIRECTION('center_axis',(9.29811783123568E-16,-3.33066907387531E-16,
-1.));
#5710=DIRECTION('ref_axis',(-0.707106781186548,-0.707106781186547,-7.10290285759659E-14));
#5711=DIRECTION('center_axis',(0.,-1.,0.));
#5712=DIRECTION('ref_axis',(1.,-2.17690787795047E-18,-8.88178419700112E-16));
#5713=DIRECTION('',(0.707106781185857,0.707106781187238,-7.14632589096352E-16));
#5714=DIRECTION('center_axis',(0.,-1.,0.));
#5715=DIRECTION('ref_axis',(1.,-2.17690787795051E-18,-8.88178419700112E-16));
#5716=DIRECTION('',(0.707106781185456,0.707106781187639,-7.14632589095947E-16));
#5717=DIRECTION('center_axis',(0.500000000000008,0.707106781186548,-0.499999999999991));
#5718=DIRECTION('ref_axis',(-0.707106781186535,0.,-0.70710678118656));
#5719=DIRECTION('',(-0.195648807973892,0.654653670707969,0.730171291798696));
#5720=DIRECTION('',(0.730171291798715,-0.654653670707985,-0.19564880797377));
#5721=DIRECTION('center_axis',(0.683012701892239,0.707106781186525,0.183012701892234));
#5722=DIRECTION('ref_axis',(0.258819045102534,0.,-0.965925826289065));
#5723=DIRECTION('',(-0.534522483824911,0.654653670707926,-0.534522483824849));
#5724=DIRECTION('center_axis',(0.183012701892204,0.707106781186565,0.683012701892205));
#5725=DIRECTION('ref_axis',(0.965925826289072,0.,-0.258819045102506));
#5726=DIRECTION('',(0.195648807973874,0.654653670707958,-0.730171291798711));
#5727=DIRECTION('center_axis',(-0.500000000000004,0.707106781186552,0.499999999999989));
#5728=DIRECTION('ref_axis',(0.707106781186537,0.,0.707106781186558));
#5729=DIRECTION('',(0.730171291798726,0.654653670707958,-0.195648807973822));
#5730=DIRECTION('center_axis',(-0.683012701892183,0.707106781186582,-0.183012701892222));
#5731=DIRECTION('ref_axis',(-0.258819045102537,0.,0.965925826289064));
#5732=DIRECTION('',(0.534522483824951,0.654653670707922,0.534522483824813));
#5733=DIRECTION('center_axis',(-0.183012701892202,0.707106781186565,-0.683012701892206));
#5734=DIRECTION('ref_axis',(-0.965925826289073,0.,0.258819045102502));
#5735=DIRECTION('',(-3.58046925441621E-15,1.,3.29613385880228E-15));
#5736=DIRECTION('',(-3.58046925441621E-15,1.,3.29613385880228E-15));
#5737=DIRECTION('',(-3.58046925441621E-15,1.,3.29613385880228E-15));
#5738=DIRECTION('',(-3.58046925441621E-15,1.,3.29613385880228E-15));
#5739=DIRECTION('',(-3.58046925441621E-15,1.,3.29613385880228E-15));
#5740=DIRECTION('',(-3.58046925441621E-15,1.,3.29613385880228E-15));
#5741=DIRECTION('',(-3.58046925441621E-15,1.,3.29613385880228E-15));
#5742=DIRECTION('center_axis',(0.523431088633366,-9.34401301561786E-16,
0.852068011048466));
#5743=DIRECTION('ref_axis',(0.852068011048466,-2.70475772476242E-16,-0.523431088633366));
#5744=DIRECTION('',(-3.58046925441621E-15,1.,3.29613385880228E-15));
#5745=DIRECTION('',(-3.58046925441621E-15,1.,3.29613385880228E-15));
#5746=DIRECTION('',(-3.58046925441621E-15,1.,3.29613385880228E-15));
#5747=DIRECTION('',(-3.58046925441621E-15,1.,3.29613385880228E-15));
#5748=DIRECTION('',(-3.58046925441621E-15,1.,3.29613385880228E-15));
#5749=DIRECTION('',(-3.58046925441621E-15,1.,3.29613385880228E-15));
#5750=DIRECTION('',(-3.58046925441621E-15,1.,3.29613385880228E-15));
#5751=DIRECTION('',(-3.58046925441621E-15,1.,3.29613385880228E-15));
#5752=DIRECTION('',(-3.58046925441621E-15,1.,3.29613385880228E-15));
#5753=DIRECTION('center_axis',(-0.887748277382286,-1.66124866590526E-15,
-0.460329225668741));
#5754=DIRECTION('ref_axis',(-0.460329225668741,2.60840646224384E-16,0.887748277382286));
#5755=DIRECTION('',(-3.58046925441621E-15,1.,3.29613385880228E-15));
#5756=DIRECTION('',(-3.58046925441621E-15,1.,3.29613385880228E-15));
#5757=DIRECTION('center_axis',(-0.707097400826692,-2.00990981768348E-16,
-0.707116161421967));
#5758=DIRECTION('ref_axis',(-0.707116161421967,2.76175826504275E-16,0.707097400826692));
#5759=DIRECTION('',(-3.58046925441621E-15,1.,3.29613385880228E-15));
#5760=DIRECTION('',(-3.58046925441621E-15,1.,3.29613385880228E-15));
#5761=DIRECTION('center_axis',(0.707116161421966,4.86249535960811E-15,-0.707097400826693));
#5762=DIRECTION('ref_axis',(-0.707097400826693,8.00228723884404E-18,-0.707116161421966));
#5763=DIRECTION('',(-3.58046925441621E-15,1.,3.29613385880228E-15));
#5764=DIRECTION('center_axis',(0.707097400826692,2.00990981768348E-16,0.707116161421967));
#5765=DIRECTION('ref_axis',(0.707116161421967,-2.76175826504275E-16,-0.707097400826692));
#5766=DIRECTION('',(-3.58046925441621E-15,1.,3.29613385880228E-15));
#5767=DIRECTION('center_axis',(-0.707116161421966,-4.86249535960811E-15,
0.707097400826693));
#5768=DIRECTION('ref_axis',(0.707097400826693,-8.00228723884404E-18,0.707116161421966));
#5769=DIRECTION('center_axis',(-1.,4.66011124431863E-30,-1.1962653090336E-14));
#5770=DIRECTION('ref_axis',(-1.1962653090336E-14,2.69399157066595E-16,1.));
#5771=DIRECTION('',(-0.707106781186603,-1.03898365184167E-16,-0.707106781186492));
#5772=DIRECTION('center_axis',(-1.,4.66011124431862E-30,-1.1962653090336E-14));
#5773=DIRECTION('ref_axis',(-1.1962653090336E-14,2.69399157066595E-16,1.));
#5774=DIRECTION('',(-0.707106781186603,-1.03898365184167E-16,-0.707106781186492));
#5775=DIRECTION('center_axis',(-3.37385287802841E-15,-0.996194698091745,
0.0871557427476616));
#5776=DIRECTION('ref_axis',(3.21010895174164E-16,0.0871557427476616,0.996194698091745));
#5777=DIRECTION('',(5.2301042279516E-15,-0.0871557427476616,-0.996194698091745));
#5778=DIRECTION('center_axis',(-0.70710678118654,0.707106781186555,-6.24111752326795E-15));
#5779=DIRECTION('ref_axis',(-8.90953977261689E-15,-8.32667268468812E-17,
1.));
#5780=DIRECTION('',(5.32907051820071E-15,-3.49720252756923E-15,-1.));
#5781=DIRECTION('',(-5.32907051820071E-15,3.49720252756923E-15,1.));
#5782=DIRECTION('center_axis',(-3.58046925441612E-15,1.,-3.49720252756924E-15));
#5783=DIRECTION('ref_axis',(-2.22044604925054E-16,-3.49720252756925E-15,
-1.));
#5784=DIRECTION('',(-5.32907051820071E-15,3.49720252756923E-15,1.));
#5785=DIRECTION('center_axis',(0.707106781186524,0.707106781186571,1.29532627841389E-15));
#5786=DIRECTION('ref_axis',(1.74860126378436E-15,8.32667268468812E-17,-1.));
#5787=DIRECTION('',(5.32907051820071E-15,-3.49720252756923E-15,-1.));
#5788=DIRECTION('center_axis',(-1.,-3.58046925441614E-15,-5.32907051820069E-15));
#5789=DIRECTION('ref_axis',(3.58046925441612E-15,-1.,3.41393580072236E-15));
#5790=DIRECTION('',(-5.2301042279516E-15,0.0871557427476616,0.996194698091745));
#5791=DIRECTION('center_axis',(0.707106781186527,-0.704416026402779,0.0616284167162272));
#5792=DIRECTION('ref_axis',(8.81057348236789E-15,-0.087155742747658,-0.996194698091746));
#5793=DIRECTION('center_axis',(3.58046925441612E-15,-1.,3.49720252756924E-15));
#5794=DIRECTION('ref_axis',(2.22044604925054E-16,3.49720252756925E-15,1.));
#5795=DIRECTION('',(5.32907051820071E-15,-3.49720252756923E-15,-1.));
#5796=DIRECTION('center_axis',(1.,3.58046925441614E-15,5.3290705182007E-15));
#5797=DIRECTION('ref_axis',(-3.58046925441612E-15,1.,-3.41393580072236E-15));
#5798=DIRECTION('',(-5.32907051820071E-15,3.49720252756923E-15,1.));
#5799=DIRECTION('',(-9.59836892780684E-14,-3.29613385880262E-15,1.));
#5800=DIRECTION('',(-3.69482222595252E-14,1.,-1.77635683940027E-16));
#5801=DIRECTION('center_axis',(-0.70710678118654,0.707106781186555,-6.24111752326795E-15));
#5802=DIRECTION('ref_axis',(-8.90953977261689E-15,-8.32667268468812E-17,
1.));
#5803=DIRECTION('',(5.32907051820071E-15,-3.49720252756923E-15,-1.));
#5804=DIRECTION('center_axis',(-3.58046925441612E-15,1.,-3.49720252756924E-15));
#5805=DIRECTION('ref_axis',(-2.22044604925054E-16,-3.49720252756925E-15,
-1.));
#5806=DIRECTION('',(-5.32907051820071E-15,3.49720252756923E-15,1.));
#5807=DIRECTION('center_axis',(0.707106781186524,0.707106781186571,1.29532627841389E-15));
#5808=DIRECTION('ref_axis',(1.74860126378436E-15,8.32667268468812E-17,-1.));
#5809=DIRECTION('',(5.32907051820071E-15,-3.49720252756923E-15,-1.));
#5810=DIRECTION('center_axis',(-1.,-3.58046925441614E-15,-5.32907051820069E-15));
#5811=DIRECTION('ref_axis',(3.58046925441612E-15,-1.,3.41393580072236E-15));
#5812=DIRECTION('',(-5.32907051820071E-15,3.49720252756923E-15,1.));
#5813=DIRECTION('center_axis',(0.707106781186532,-0.707106781186563,6.24111752326793E-15));
#5814=DIRECTION('ref_axis',(8.90953977261697E-15,8.32667268468812E-17,-1.));
#5815=DIRECTION('center_axis',(-1.34218033512719E-14,2.69399157066595E-16,
1.));
#5816=DIRECTION('ref_axis',(1.,9.81307786677366E-17,1.34218033512719E-14));
#5817=DIRECTION('center_axis',(0.,-1.,0.));
#5818=DIRECTION('ref_axis',(-1.33226762955019E-14,0.,1.));
#5819=DIRECTION('center_axis',(7.8790506488631E-30,1.,-2.69399157066595E-16));
#5820=DIRECTION('ref_axis',(-0.382683432365108,0.,0.923879532511279));
#5821=DIRECTION('',(7.8790506488631E-30,1.,-2.69399157066595E-16));
#5822=DIRECTION('center_axis',(-1.1962653090336E-14,2.69399157066595E-16,
1.));
#5823=DIRECTION('ref_axis',(-1.,6.66133814775138E-17,-1.1962653090336E-14));
#5824=DIRECTION('',(0.707106781186722,5.67955914235797E-17,0.707106781186373));
#5825=DIRECTION('center_axis',(1.19071419391048E-14,-2.69399157066595E-16,
-1.));
#5826=DIRECTION('ref_axis',(-1.,6.66133814775138E-17,-1.19071419391048E-14));
#5827=DIRECTION('center_axis',(-1.1962653090336E-14,2.69399157066595E-16,
1.));
#5828=DIRECTION('ref_axis',(-1.,6.66133814775138E-17,-1.1962653090336E-14));
#5829=DIRECTION('',(0.707106781186714,5.67955914235833E-17,0.707106781186381));
#5830=DIRECTION('center_axis',(1.19071419391048E-14,-2.69399157066595E-16,
-1.));
#5831=DIRECTION('ref_axis',(-1.,6.66133814775138E-17,-1.19071419391048E-14));
#5832=DIRECTION('center_axis',(-1.,-3.58046925441624E-15,-9.59836892780684E-14));
#5833=DIRECTION('ref_axis',(-9.59836892780684E-14,3.33066907387193E-16,
1.));
#5834=DIRECTION('',(-8.60422844084498E-16,-1.,2.4980018054066E-16));
#5835=DIRECTION('',(9.59836892780684E-14,3.29613385880262E-15,-1.));
#5836=DIRECTION('center_axis',(-9.59836892780684E-14,-3.29613385880262E-15,
1.));
#5837=DIRECTION('ref_axis',(0.707106781186542,0.707106781186553,7.10290371597433E-14));
#5838=DIRECTION('center_axis',(9.29811783123568E-16,-3.33066907387531E-16,
-1.));
#5839=DIRECTION('ref_axis',(0.707106781186542,0.707106781186553,7.10290285759654E-14));
#5840=DIRECTION('',(-9.71540816755145E-14,-3.29613385880262E-15,1.));
#5841=DIRECTION('center_axis',(3.58046925441621E-15,-1.,-3.29613385880228E-15));
#5842=DIRECTION('ref_axis',(-2.60998202387999E-14,-3.29613385880237E-15,
1.));
#5843=DIRECTION('',(1.,3.5804692544162E-15,9.29811783123566E-16));
#5844=DIRECTION('',(9.59836892780684E-14,3.29613385880262E-15,-1.));
#5845=DIRECTION('center_axis',(9.59836892780684E-14,3.29613385880262E-15,
-1.));
#5846=DIRECTION('ref_axis',(-0.707106781186547,0.707106781186548,-6.63675999532279E-14));
#5847=DIRECTION('center_axis',(9.29811783123568E-16,-3.33066907387531E-16,
-1.));
#5848=DIRECTION('ref_axis',(-0.707106781186547,0.707106781186548,-6.636759136945E-14));
#5849=DIRECTION('center_axis',(9.29811783123568E-16,-3.33066907387531E-16,
-1.));
#5850=DIRECTION('ref_axis',(-1.,-2.49900041417537E-26,-9.29811783123568E-16));
#5851=DIRECTION('',(-3.69482222595252E-14,1.,-1.77635683940027E-16));
#5852=DIRECTION('',(-8.60422844084498E-16,-1.,2.4980018054066E-16));
#5853=DIRECTION('center_axis',(-1.34218033512719E-14,2.69399157066595E-16,
1.));
#5854=DIRECTION('ref_axis',(1.,-4.26701739398899E-30,1.34218033512719E-14));
#5855=DIRECTION('',(1.,-4.26701739398899E-30,1.34218033512719E-14));
#5856=DIRECTION('',(-3.69482222595252E-14,1.,-1.77635683940027E-16));
#5857=DIRECTION('center_axis',(-7.88283990313525E-30,-1.,2.69399157066595E-16));
#5858=DIRECTION('ref_axis',(0.707106781186561,-1.90493970807731E-16,-0.707106781186535));
#5859=DIRECTION('',(7.88283990313525E-30,1.,-2.69399157066595E-16));
#5860=DIRECTION('center_axis',(-7.88283990313525E-30,-1.,2.69399157066595E-16));
#5861=DIRECTION('ref_axis',(0.707106781186561,-1.90493970807731E-16,-0.707106781186535));
#5862=DIRECTION('center_axis',(-1.,4.66011124431863E-30,-1.1962653090336E-14));
#5863=DIRECTION('ref_axis',(-1.1962653090336E-14,2.69399157066595E-16,1.));
#5864=DIRECTION('',(-3.69482222595252E-14,1.,-1.77635683940027E-16));
#5865=DIRECTION('',(-1.1962653090336E-14,2.69399157066595E-16,1.));
#5866=DIRECTION('center_axis',(-7.88283990313525E-30,-1.,2.69399157066595E-16));
#5867=DIRECTION('ref_axis',(0.707106781186544,1.90493970807725E-16,0.707106781186551));
#5868=DIRECTION('',(-8.60422844084498E-16,-1.,2.4980018054066E-16));
#5869=DIRECTION('center_axis',(-7.88283990313525E-30,-1.,2.69399157066595E-16));
#5870=DIRECTION('ref_axis',(0.707106781186544,1.90493970807725E-16,0.707106781186551));
#5871=DIRECTION('center_axis',(2.66442683888313E-17,-2.30935062739412E-17,
-1.));
#5872=DIRECTION('ref_axis',(-1.,2.77555756156289E-17,-2.66442683888313E-17));
#5873=DIRECTION('',(-1.,4.67506590166812E-30,-1.19071419391048E-14));
#5874=DIRECTION('',(-4.93637084851328E-30,-1.,2.30935062739412E-17));
#5875=DIRECTION('center_axis',(-4.93637084851328E-30,-1.,2.30935062739412E-17));
#5876=DIRECTION('ref_axis',(-0.707106781186541,0.,-0.707106781186554));
#5877=DIRECTION('center_axis',(-4.93637084851328E-30,-1.,2.30935062739412E-17));
#5878=DIRECTION('ref_axis',(-0.707106781186541,0.,-0.707106781186554));
#5879=DIRECTION('',(4.93637084851328E-30,1.,-2.30935062739412E-17));
#5880=DIRECTION('center_axis',(-1.,4.66011124431863E-30,-1.1962653090336E-14));
#5881=DIRECTION('ref_axis',(-1.1962653090336E-14,2.69399157066595E-16,1.));
#5882=DIRECTION('',(-1.1962653090336E-14,2.69399157066595E-16,1.));
#5883=DIRECTION('',(-3.69482222595252E-14,1.,-1.77635683940027E-16));
#5884=DIRECTION('center_axis',(-7.88283990313525E-30,-1.,2.69399157066595E-16));
#5885=DIRECTION('ref_axis',(0.707106781186544,1.90493970807725E-16,0.707106781186551));
#5886=DIRECTION('center_axis',(-7.88283990313525E-30,-1.,2.69399157066595E-16));
#5887=DIRECTION('ref_axis',(0.707106781186545,1.90493970807724E-16,0.707106781186551));
#5888=DIRECTION('',(-8.60422844084498E-16,-1.,2.4980018054066E-16));
#5889=DIRECTION('center_axis',(9.29811783123568E-16,-3.33066907387531E-16,
-1.));
#5890=DIRECTION('ref_axis',(-1.,-2.49900041417537E-26,-9.29811783123568E-16));
#5891=DIRECTION('',(-1.,4.67207497019822E-30,-1.1918244169351E-14));
#5892=DIRECTION('',(-3.69482222595252E-14,1.,-1.77635683940027E-16));
#5893=DIRECTION('center_axis',(7.88283990313525E-30,1.,-2.69399157066595E-16));
#5894=DIRECTION('ref_axis',(-0.3826834323651,2.48892367289622E-16,0.923879532511283));
#5895=DIRECTION('center_axis',(-7.88283990313525E-30,-1.,2.69399157066595E-16));
#5896=DIRECTION('ref_axis',(-0.3826834323651,2.48892367289622E-16,0.923879532511283));
#5897=DIRECTION('',(7.88283990313525E-30,1.,-2.69399157066595E-16));
#5898=DIRECTION('center_axis',(0.707106781186556,-1.90493970807733E-16,
-0.707106781186539));
#5899=DIRECTION('ref_axis',(7.88283990313525E-30,1.,-2.69399157066595E-16));
#5900=DIRECTION('',(-0.707106781186539,-1.90493970807726E-16,-0.707106781186556));
#5901=DIRECTION('',(-3.69482222595252E-14,1.,-1.77635683940027E-16));
#5902=DIRECTION('center_axis',(-7.88283990313525E-30,-1.,2.69399157066595E-16));
#5903=DIRECTION('ref_axis',(-0.923879532511291,1.03094594102511E-16,0.382683432365079));
#5904=DIRECTION('center_axis',(-7.88283990313525E-30,-1.,2.69399157066595E-16));
#5905=DIRECTION('ref_axis',(-0.923879532511291,1.03094594102511E-16,0.382683432365079));
#5906=DIRECTION('',(-8.60422844084517E-16,-1.,3.58046925441613E-15));
#5907=DIRECTION('center_axis',(1.,-4.66011124431863E-30,1.1962653090336E-14));
#5908=DIRECTION('ref_axis',(1.1962653090336E-14,-2.69399157066595E-16,-1.));
#5909=DIRECTION('',(1.1962653090336E-14,-2.69399157066595E-16,-1.));
#5910=DIRECTION('',(-8.60422844084517E-16,-1.,3.58046925441613E-15));
#5911=DIRECTION('center_axis',(-7.88283990313525E-30,-1.,2.69399157066595E-16));
#5912=DIRECTION('ref_axis',(-0.707106781186546,-1.90493970807724E-16,-0.707106781186549));
#5913=DIRECTION('center_axis',(-7.88283990313525E-30,-1.,2.69399157066595E-16));
#5914=DIRECTION('ref_axis',(-0.707106781186546,-1.90493970807724E-16,-0.707106781186549));
#5915=DIRECTION('',(7.88283990313525E-30,1.,-2.69399157066595E-16));
#5916=DIRECTION('center_axis',(-1.01862962509358E-14,2.69399157066595E-16,
1.));
#5917=DIRECTION('ref_axis',(1.,-5.13866027950253E-30,1.01862962509358E-14));
#5918=DIRECTION('',(1.,-5.13866027950253E-30,1.01862962509358E-14));
#5919=DIRECTION('',(-7.88283990313525E-30,-1.,2.69399157066595E-16));
#5920=DIRECTION('center_axis',(-7.88283990313525E-30,-1.,2.69399157066595E-16));
#5921=DIRECTION('ref_axis',(0.707106781186537,0.,0.707106781186559));
#5922=DIRECTION('center_axis',(-7.88283990313525E-30,-1.,2.69399157066595E-16));
#5923=DIRECTION('ref_axis',(0.707106781186537,0.,0.707106781186559));
#5924=DIRECTION('center_axis',(7.88283990313525E-30,1.,-2.69399157066595E-16));
#5925=DIRECTION('ref_axis',(-0.3826834323651,2.48892367289622E-16,0.923879532511283));
#5926=DIRECTION('',(8.45887312115881E-15,-0.707106781186548,-0.707106781186547));
#5927=DIRECTION('center_axis',(-9.49064816543673E-15,-0.707106781186547,
0.707106781186548));
#5928=DIRECTION('ref_axis',(1.,-1.45915026093592E-15,1.1962653090336E-14));
#5929=DIRECTION('',(8.45887312115872E-15,-0.707106781186555,-0.70710678118654));
#5930=DIRECTION('center_axis',(-7.88283990313525E-30,-1.,2.69399157066595E-16));
#5931=DIRECTION('ref_axis',(0.707106781186561,-1.90493970807731E-16,-0.707106781186534));
#5932=DIRECTION('',(0.70710678118654,-0.707106781186555,8.64936709196646E-15));
#5933=DIRECTION('center_axis',(-0.707106781186555,-0.70710678118654,-8.26837915035117E-15));
#5934=DIRECTION('ref_axis',(0.70710678118654,-0.707106781186555,8.64936709196645E-15));
#5935=DIRECTION('',(0.70710678118654,-0.707106781186555,8.64936709196646E-15));
#5936=DIRECTION('center_axis',(-7.88283990313525E-30,-1.,2.69399157066595E-16));
#5937=DIRECTION('ref_axis',(0.707106781186544,1.90493970807725E-16,0.707106781186551));
#5938=DIRECTION('',(-8.4588731211588E-15,-0.707106781186549,0.707106781186546));
#5939=DIRECTION('center_axis',(8.41962080969173E-15,-0.707106781186546,
-0.707106781186549));
#5940=DIRECTION('ref_axis',(1.,-5.55111512312628E-17,1.1962653090336E-14));
#5941=DIRECTION('',(-8.45887312115873E-15,-0.707106781186555,0.70710678118654));
#5942=DIRECTION('center_axis',(7.88283990313525E-30,1.,-2.69399157066595E-16));
#5943=DIRECTION('ref_axis',(-0.707106781186545,-1.90493970807724E-16,-0.70710678118655));
#5944=DIRECTION('',(0.70710678118654,-0.707106781186555,6.68675151861171E-15));
#5945=DIRECTION('center_axis',(-0.707106781186555,-0.70710678118654,-8.26837915035117E-15));
#5946=DIRECTION('ref_axis',(0.70710678118654,-0.707106781186555,8.64936709196645E-15));
#5947=DIRECTION('',(0.70710678118654,-0.707106781186555,8.58803535529912E-15));
#5948=DIRECTION('center_axis',(-7.88283990313525E-30,-1.,2.69399157066595E-16));
#5949=DIRECTION('ref_axis',(0.707106781186544,1.90493970807725E-16,0.707106781186551));
#5950=DIRECTION('',(-8.45887312115881E-15,-0.707106781186548,0.707106781186547));
#5951=DIRECTION('center_axis',(8.42747127198514E-15,-0.707106781186547,
-0.707106781186548));
#5952=DIRECTION('ref_axis',(1.,-4.4408920985011E-17,1.1962653090336E-14));
#5953=DIRECTION('',(-8.45887312115893E-15,-0.707106781186538,0.707106781186557));
#5954=DIRECTION('center_axis',(-7.88283990313525E-30,-1.,2.69399157066595E-16));
#5955=DIRECTION('ref_axis',(-0.3826834323651,2.48892367289622E-16,0.923879532511283));
#5956=DIRECTION('',(-0.499999999999994,-0.707106781186566,0.499999999999981));
#5957=DIRECTION('center_axis',(0.500000000000019,-0.70710678118653,-0.500000000000007));
#5958=DIRECTION('ref_axis',(0.816496580927712,0.577350269189645,9.61640243766487E-15));
#5959=DIRECTION('',(-0.499999999999996,-0.707106781186553,0.499999999999996));
#5960=DIRECTION('center_axis',(-7.88283990313525E-30,-1.,2.69399157066595E-16));
#5961=DIRECTION('ref_axis',(-0.923879532511291,1.03094594102511E-16,0.382683432365079));
#5962=DIRECTION('',(0.707106781186571,0.707106781186524,8.26837915035137E-15));
#5963=DIRECTION('center_axis',(0.707106781186555,-0.70710678118654,8.64936709196663E-15));
#5964=DIRECTION('ref_axis',(0.70710678118654,0.707106781186555,8.26837915035099E-15));
#5965=DIRECTION('',(-0.70710678118654,-0.707106781186555,-8.26837915035099E-15));
#5966=DIRECTION('center_axis',(-7.88283990313525E-30,-1.,2.69399157066595E-16));
#5967=DIRECTION('ref_axis',(-0.707106781186545,-1.90493970807724E-16,-0.70710678118655));
#5968=DIRECTION('',(8.45887312115881E-15,-0.707106781186548,-0.707106781186547));
#5969=DIRECTION('center_axis',(-7.2027991542118E-15,-0.707106781186547,
0.707106781186548));
#5970=DIRECTION('ref_axis',(1.,1.77635683940024E-15,1.1962653090336E-14));
#5971=DIRECTION('',(8.45887312115872E-15,-0.707106781186555,-0.70710678118654));
#5972=DIRECTION('center_axis',(7.88283990313525E-30,1.,-2.69399157066595E-16));
#5973=DIRECTION('ref_axis',(0.707106781186542,1.90493970807725E-16,0.707106781186552));
#5974=CARTESIAN_POINT('',(0.,0.,0.));
#5975=CARTESIAN_POINT('Origin',(-81.1790000000047,148.034187784749,-6.39428013870831));
#5976=CARTESIAN_POINT('',(-81.3790000000047,148.03418778475,-4.04428013870831));
#5977=CARTESIAN_POINT('',(-81.3790000000047,148.034187784749,-8.74428013870831));
#5978=CARTESIAN_POINT('Origin',(-81.3790000000047,148.034187784749,-6.39428013870831));
#5979=CARTESIAN_POINT('Origin',(-81.3790000000047,148.034187784749,-6.39428013870831));
#5980=CARTESIAN_POINT('',(-80.9790000000047,148.03418778475,-3.6442801387083));
#5981=CARTESIAN_POINT('',(-81.1790000000047,148.03418778475,-3.84428013870831));
#5982=CARTESIAN_POINT('Origin',(-80.9790000000047,148.034187784749,-6.39428013870831));
#5983=CARTESIAN_POINT('Origin',(-80.9790000000046,125.377717259996,-15.3164545100006));
#5984=CARTESIAN_POINT('',(-80.9790000000049,134.431706616783,8.58354548999943));
#5985=CARTESIAN_POINT('',(-80.9790000000049,154.167716880271,8.58354548999943));
#5986=CARTESIAN_POINT('',(-80.9790000000049,125.377717259996,8.58354548999943));
#5987=CARTESIAN_POINT('',(-80.9790000000049,134.229283352419,6.26983699101468));
#5988=CARTESIAN_POINT('',(-80.9790000000049,134.282776527794,6.88126678339788));
#5989=CARTESIAN_POINT('',(-80.9790000000049,131.377717259996,6.26983699101468));
#5990=CARTESIAN_POINT('',(-80.9790000000049,125.377717259996,6.26983699101468));
#5991=CARTESIAN_POINT('',(-80.9790000000048,131.377717259996,0.269836991014505));
#5992=CARTESIAN_POINT('',(-80.9790000000047,131.377717259996,-5.10198841593338));
#5993=CARTESIAN_POINT('',(-80.9790000000047,127.377717259996,-5.38701725847791));
#5994=CARTESIAN_POINT('Origin',(-80.9790000000048,127.377717259996,0.269836991014508));
#5995=CARTESIAN_POINT('',(-80.9790000000047,125.377717264471,-5.38701725847791));
#5996=CARTESIAN_POINT('',(-80.9790000000047,125.377717259996,-5.38701725847791));
#5997=CARTESIAN_POINT('',(-80.9790000000046,125.377717264471,-13.3164545100006));
#5998=CARTESIAN_POINT('',(-80.9790000000043,125.377717264471,-40.066454510293));
#5999=CARTESIAN_POINT('',(-80.9790000000046,187.477717259996,-13.3164545100006));
#6000=CARTESIAN_POINT('',(-80.9790000000046,125.377717259996,-13.3164545100006));
#6001=CARTESIAN_POINT('',(-80.9790000000048,187.477717259996,6.26983699101467));
#6002=CARTESIAN_POINT('',(-80.9790000000047,187.477717259996,-2.8164545100006));
#6003=CARTESIAN_POINT('',(-80.9790000000049,176.977715957591,6.26983699101467));
#6004=CARTESIAN_POINT('',(-80.9790000000049,125.377717259996,6.26983699101468));
#6005=CARTESIAN_POINT('',(-80.9790000000049,176.977715957591,8.58354548999943));
#6006=CARTESIAN_POINT('',(-80.9790000000049,176.977715957591,7.18354546242408));
#6007=CARTESIAN_POINT('',(-80.9790000000049,159.087716880271,8.58354548999944));
#6008=CARTESIAN_POINT('',(-80.9790000000049,125.377717259996,8.58354548999944));
#6009=CARTESIAN_POINT('',(-80.9790000000049,159.087716880271,6.26983699101467));
#6010=CARTESIAN_POINT('',(-80.9790000000049,159.087716880271,7.18354546242414));
#6011=CARTESIAN_POINT('',(-80.9790000000049,154.167716880271,6.26983699101468));
#6012=CARTESIAN_POINT('',(-80.9790000000049,125.377717259996,6.26983699101468));
#6013=CARTESIAN_POINT('',(-80.9790000000049,154.167716880271,7.18354546242408));
#6014=CARTESIAN_POINT('',(-80.9790000000047,167.83418778475,-3.64428013870849));
#6015=CARTESIAN_POINT('Origin',(-80.9790000000047,167.83418778475,-6.39428013870851));
#6016=CARTESIAN_POINT('Origin',(-88.3790000000047,148.034187784749,-6.39428013870839));
#6017=CARTESIAN_POINT('',(-85.9790000000047,148.034187784749,-8.74428013870837));
#6018=CARTESIAN_POINT('',(-88.3790000000047,148.034187784749,-8.74428013870839));
#6019=CARTESIAN_POINT('Origin',(-85.9790000000047,148.034187784749,-6.39428013870837));
#6020=CARTESIAN_POINT('Origin',(-81.1790000000047,167.83418778475,-6.39428013870851));
#6021=CARTESIAN_POINT('',(-81.3790000000047,167.83418778475,-4.0442801387085));
#6022=CARTESIAN_POINT('',(-81.3790000000047,167.83418778475,-8.74428013870853));
#6023=CARTESIAN_POINT('Origin',(-81.3790000000047,167.83418778475,-6.39428013870851));
#6024=CARTESIAN_POINT('Origin',(-81.3790000000047,167.83418778475,-6.39428013870851));
#6025=CARTESIAN_POINT('',(-81.1790000000047,167.83418778475,-3.8442801387085));
#6026=CARTESIAN_POINT('Origin',(-88.3790000000048,167.83418778475,-6.3942801387086));
#6027=CARTESIAN_POINT('',(-85.9790000000048,167.83418778475,-8.74428013870858));
#6028=CARTESIAN_POINT('',(-88.3790000000048,167.83418778475,-8.74428013870861));
#6029=CARTESIAN_POINT('Origin',(-85.9790000000048,167.83418778475,-6.39428013870857));
#6030=CARTESIAN_POINT('Origin',(-81.5368643762727,136.47695632281,29.6661139529537));
#6031=CARTESIAN_POINT('',(-81.7368643762726,134.860698792101,8.89746319308894));
#6032=CARTESIAN_POINT('',(-81.3368643762726,134.444675260689,8.73177776813971));
#6033=CARTESIAN_POINT('',(-81.6807512865193,134.802337877707,8.87422039028647));
#6034=CARTESIAN_POINT('',(-81.7368643762736,136.679245352199,29.6835454899994));
#6035=CARTESIAN_POINT('',(-81.7368643762727,136.676195262428,29.6486828044041));
#6036=CARTESIAN_POINT('',(-81.3368643762727,136.27771741718,29.6835454899995));
#6037=CARTESIAN_POINT('',(-85.346030102504,140.30219750517,29.6835454899991));
#6038=CARTESIAN_POINT('',(-81.3368643762727,136.277717383191,29.6835451015032));
#6039=CARTESIAN_POINT('Origin',(-81.3325533905982,125.377717259996,8.72999209940615));
#6040=CARTESIAN_POINT('',(-84.1216049908262,134.545591450719,9.88525509837897));
#6041=CARTESIAN_POINT('',(-81.3368643762727,154.167716880271,8.73177776813973));
#6042=CARTESIAN_POINT('',(-81.9746912453172,154.167716880271,8.99597430774393));
#6043=CARTESIAN_POINT('',(-81.7368643762726,153.767716880271,8.89746319308895));
#6044=CARTESIAN_POINT('',(-90.0548438051713,145.449737451372,12.3428830840791));
#6045=CARTESIAN_POINT('',(-81.7368643762727,150.286216608793,8.89746319308896));
#6046=CARTESIAN_POINT('Origin',(-81.5368643762728,159.287716880271,29.683545434849));
#6047=CARTESIAN_POINT('',(-81.7368643762727,159.487716880271,8.89746319308898));
#6048=CARTESIAN_POINT('',(-81.3368643762727,159.087716880271,8.73177776813975));
#6049=CARTESIAN_POINT('',(-75.6643529418966,153.415205445895,6.38214659930483));
#6050=CARTESIAN_POINT('',(-81.7368643762731,159.487716880271,29.6835454899996));
#6051=CARTESIAN_POINT('',(-81.7368643762728,159.487716880271,29.683545434849));
#6052=CARTESIAN_POINT('',(-81.3368643762726,159.087716880271,29.6835454899997));
#6053=CARTESIAN_POINT('',(-80.0093660247097,157.760218528708,29.6835454899998));
#6054=CARTESIAN_POINT('',(-81.3368643762728,159.087716880271,29.683545434849));
#6055=CARTESIAN_POINT('Origin',(-81.3325533905982,125.377717259996,8.72999209940616));
#6056=CARTESIAN_POINT('',(-84.2366060111961,159.087716880271,9.93289008070292));
#6057=CARTESIAN_POINT('',(-81.3368643762727,176.977715957591,8.73177776813976));
#6058=CARTESIAN_POINT('',(-81.9746912453172,176.977715957591,8.99597430774394));
#6059=CARTESIAN_POINT('',(-81.7368643762728,176.577715957591,8.89746319308901));
#6060=CARTESIAN_POINT('',(-95.3067972020046,163.007783131859,14.5183134099987));
#6061=CARTESIAN_POINT('',(-81.7368643762727,150.286216608793,8.89746319308897));
#6062=CARTESIAN_POINT('Origin',(-72.9790000000048,131.377717259996,6.26983699101478));
#6063=CARTESIAN_POINT('',(-78.6358542494973,131.377717259996,11.9266912405071));
#6064=CARTESIAN_POINT('Origin',(-72.9790000000048,131.377717259996,6.26983699101478));
#6065=CARTESIAN_POINT('',(-77.2216406871242,129.377717259996,10.512477678134));
#6066=CARTESIAN_POINT('Origin',(-77.2216406871242,131.377717259996,10.512477678134));
#6067=CARTESIAN_POINT('',(-78.9790000000048,129.377717259996,6.2698369910147));
#6068=CARTESIAN_POINT('Origin',(-72.9790000000048,129.377717259996,6.26983699101478));
#6069=CARTESIAN_POINT('Origin',(-78.9790000000048,131.377717259996,6.2698369910147));
#6070=CARTESIAN_POINT('Origin',(-67.56529150102,131.377717259996,11.6835454899996));
#6071=CARTESIAN_POINT('',(-67.5652915010192,131.377717259996,19.6835454899996));
#6072=CARTESIAN_POINT('',(-67.56529150102,129.377717259996,17.6835454899996));
#6073=CARTESIAN_POINT('Origin',(-67.5652915010194,131.377717259996,17.6835454899996));
#6074=CARTESIAN_POINT('',(-71.8079321881395,129.377717259996,15.9261861771186));
#6075=CARTESIAN_POINT('Origin',(-67.56529150102,129.377717259996,11.6835454899996));
#6076=CARTESIAN_POINT('',(-73.2221457505127,131.377717259996,17.3403997394916));
#6077=CARTESIAN_POINT('Origin',(-71.8079321881395,131.377717259996,15.9261861771186));
#6078=CARTESIAN_POINT('Origin',(-67.56529150102,131.377717259996,11.6835454899996));
#6079=CARTESIAN_POINT('Origin',(-76.964786437632,131.377717259996,10.7693319276262));
#6080=CARTESIAN_POINT('',(-78.3790000000051,131.377717259996,12.1835454899993));
#6081=CARTESIAN_POINT('',(-76.964786437632,129.377717259996,10.7693319276262));
#6082=CARTESIAN_POINT('Origin',(-78.9790000000047,131.377717259996,-5.10198841593336));
#6083=CARTESIAN_POINT('',(-78.9790000000048,129.377717259996,0.269836991014529));
#6084=CARTESIAN_POINT('Origin',(-78.9790000000048,131.377717259996,0.269836991014529));
#6085=CARTESIAN_POINT('',(-78.9790000000047,129.377717259996,-5.10198841593336));
#6086=CARTESIAN_POINT('Ctrl Pts',(-80.3932135623778,127.377717259996,-3.97280369610481));
#6087=CARTESIAN_POINT('Ctrl Pts',(-80.3932135623778,127.826516210509,-3.97280369610481));
#6088=CARTESIAN_POINT('Ctrl Pts',(-80.2076768369193,128.571729774568,-3.41619351972912));
#6089=CARTESIAN_POINT('Ctrl Pts',(-79.61290062229,129.240822147281,-1.63186487584137));
#6090=CARTESIAN_POINT('Ctrl Pts',(-79.1905658542028,129.377717259996,-0.364860571579532));
#6091=CARTESIAN_POINT('Ctrl Pts',(-78.9790000000048,129.377717259996,0.26983699101453));
#6092=CARTESIAN_POINT('Ctrl Pts',(-80.6047794165758,127.377717259996,-4.18436955030283));
#6093=CARTESIAN_POINT('Ctrl Pts',(-80.6047794165758,127.893578944717,-4.18436955030283));
#6094=CARTESIAN_POINT('Ctrl Pts',(-80.4835659167988,128.751320800094,-3.57605272884105));
#6095=CARTESIAN_POINT('Ctrl Pts',(-80.0699307641106,129.404349824634,-1.6712683271389));
#6096=CARTESIAN_POINT('Ctrl Pts',(-79.748456298805,129.442986327315,-0.364172575124267));
#6097=CARTESIAN_POINT('Ctrl Pts',(-79.5773986006886,129.377717259996,0.269836991014522));
#6098=CARTESIAN_POINT('Ctrl Pts',(-80.890200721616,127.377717259996,-4.63892905810509));
#6099=CARTESIAN_POINT('Ctrl Pts',(-80.890200721616,128.037929790473,-4.63892905810509));
#6100=CARTESIAN_POINT('Ctrl Pts',(-80.8617975813757,129.131133975517,-3.96363649059987));
#6101=CARTESIAN_POINT('Ctrl Pts',(-80.7549570877055,129.956748867104,-1.85437949179635));
#6102=CARTESIAN_POINT('Ctrl Pts',(-80.6648717671393,129.980569934897,-0.418156658156869));
#6103=CARTESIAN_POINT('Ctrl Pts',(-80.613354792489,129.879889400206,0.26983699101451));
#6104=CARTESIAN_POINT('Ctrl Pts',(-80.9790000000047,127.377717259996,-5.1626177832215));
#6105=CARTESIAN_POINT('Ctrl Pts',(-80.9790000000047,128.204116394276,-5.1626177832215));
#6106=CARTESIAN_POINT('Ctrl Pts',(-80.978248973493,129.575068879042,-4.44056464838808));
#6107=CARTESIAN_POINT('Ctrl Pts',(-80.9784804134019,130.759778568805,-2.14250960052546));
#6108=CARTESIAN_POINT('Ctrl Pts',(-80.97846405724,130.958818833053,-0.52906927590731));
#6109=CARTESIAN_POINT('Ctrl Pts',(-80.9790000000048,130.928918309483,0.269836991014504));
#6110=CARTESIAN_POINT('Ctrl Pts',(-80.9790000000047,127.377717259996,-5.38701725847791));
#6111=CARTESIAN_POINT('Ctrl Pts',(-80.9790000000047,128.275315161022,-5.38701725847791));
#6112=CARTESIAN_POINT('Ctrl Pts',(-80.9790000000047,129.765742289141,-4.64487035664366));
#6113=CARTESIAN_POINT('Ctrl Pts',(-80.9790000000048,131.103927034566,-2.26576549812667));
#6114=CARTESIAN_POINT('Ctrl Pts',(-80.9790000000048,131.377717259996,-0.576426425777571));
#6115=CARTESIAN_POINT('Ctrl Pts',(-80.9790000000048,131.377717259996,0.269836991014504));
#6116=CARTESIAN_POINT('',(-80.3932135623778,127.377717259996,-3.97280369610481));
#6117=CARTESIAN_POINT('Origin',(-78.9790000000047,127.377717259996,-5.38701725847788));
#6118=CARTESIAN_POINT('Origin',(-78.9790000000048,127.377717259996,0.269836991014532));
#6119=CARTESIAN_POINT('Origin',(-78.9790000000047,125.377717259996,-5.38701725847789));
#6120=CARTESIAN_POINT('',(-80.3932135623779,125.377717264471,-3.97280369610481));
#6121=CARTESIAN_POINT('Origin',(-78.9790000000047,125.377717264471,-5.38701725847789));
#6122=CARTESIAN_POINT('',(-80.3932135623778,125.377717259996,-3.97280369610482));
#6123=CARTESIAN_POINT('Origin',(-72.9790000000048,125.377717259996,6.26983699101478));
#6124=CARTESIAN_POINT('',(-78.6358542494973,134.724193970468,11.9266912405071));
#6125=CARTESIAN_POINT('Origin',(-72.9790000000048,134.229283352419,6.26983699101478));
#6126=CARTESIAN_POINT('',(-78.6358542494973,125.377717259996,11.9266912405071));
#6127=CARTESIAN_POINT('Origin',(-71.3079321881398,129.377717259996,5.11247767813394));
#6128=CARTESIAN_POINT('',(-61.5652915010203,129.377717259996,17.6835454899997));
#6129=CARTESIAN_POINT('',(-78.5934660940725,129.377717259996,17.6835454899995));
#6130=CARTESIAN_POINT('',(-80.0076796564453,129.377717259996,-0.758842665425987));
#6131=CARTESIAN_POINT('Origin',(-78.5934660940725,131.377717259996,17.6835454899995));
#6132=CARTESIAN_POINT('',(-61.5652915010203,131.377717259996,19.6835454899997));
#6133=CARTESIAN_POINT('',(-78.5934660940725,131.377717259996,19.6835454899995));
#6134=CARTESIAN_POINT('Origin',(-61.5652915010203,131.377717259996,17.6835454899997));
#6135=CARTESIAN_POINT('Origin',(-67.56529150102,125.377717259996,11.6835454899996));
#6136=CARTESIAN_POINT('',(-73.2221457505129,187.477717259996,17.3403997394918));
#6137=CARTESIAN_POINT('',(-73.2221457505127,133.377717259996,17.3403997394916));
#6138=CARTESIAN_POINT('',(-67.56529150102,187.477717259996,19.6835454899996));
#6139=CARTESIAN_POINT('Origin',(-67.56529150102,187.477717259996,11.6835454899996));
#6140=CARTESIAN_POINT('',(-67.56529150102,153.344430554116,19.6835454899996));
#6141=CARTESIAN_POINT('Origin',(-78.3790000000049,125.377717259996,12.1835454899994));
#6142=CARTESIAN_POINT('',(-73.7579381833857,135.150956327883,16.8046073066188));
#6143=CARTESIAN_POINT('',(-74.4601612912823,135.089519766677,16.1023841987222));
#6144=CARTESIAN_POINT('',(-73.3579381833857,135.587479728311,17.2046073066188));
#6145=CARTESIAN_POINT('',(-74.6039485589789,134.227698013006,15.9585969310256));
#6146=CARTESIAN_POINT('',(-73.3579381833858,153.767716880271,17.2046073066188));
#6147=CARTESIAN_POINT('',(-73.3579381833857,131.866217531473,17.2046073066188));
#6148=CARTESIAN_POINT('',(-73.7579381833857,154.167716880271,16.8046073066188));
#6149=CARTESIAN_POINT('',(-68.2868024975082,148.696581194393,22.2757429924965));
#6150=CARTESIAN_POINT('',(-78.6358542494973,154.167716880271,11.9266912405071));
#6151=CARTESIAN_POINT('',(-72.9487325149601,154.167716880271,17.6138129750444));
#6152=CARTESIAN_POINT('',(-78.6358542494973,159.087716880271,11.9266912405071));
#6153=CARTESIAN_POINT('',(-78.6358542494973,125.377717259996,11.9266912405071));
#6154=CARTESIAN_POINT('',(-73.7579381833858,159.087716880271,16.8046073066189));
#6155=CARTESIAN_POINT('',(-74.27373150788,159.087716880271,16.2888139821245));
#6156=CARTESIAN_POINT('',(-73.3579381833858,159.487716880271,17.2046073066189));
#6157=CARTESIAN_POINT('',(-78.7034690375994,154.142186026057,11.8590764524049));
#6158=CARTESIAN_POINT('',(-73.3579381833859,176.577715957591,17.2046073066189));
#6159=CARTESIAN_POINT('',(-73.3579381833858,143.271217070133,17.2046073066188));
#6160=CARTESIAN_POINT('',(-73.7579381833859,176.977715957591,16.8046073066189));
#6161=CARTESIAN_POINT('',(-64.4851359846216,167.704913758827,26.0774095053831));
#6162=CARTESIAN_POINT('',(-78.6358542494973,176.977715957591,11.9266912405071));
#6163=CARTESIAN_POINT('',(-72.9487325149602,176.977715957591,17.6138129750443));
#6164=CARTESIAN_POINT('',(-78.6358542494973,187.477717259996,11.9266912405071));
#6165=CARTESIAN_POINT('',(-78.6358542494973,125.377717259996,11.9266912405071));
#6166=CARTESIAN_POINT('',(-78.3790000000049,187.477717259996,12.1835454899994));
#6167=CARTESIAN_POINT('Origin',(-93.8790000000046,125.377717259996,-13.3164545100007));
#6168=CARTESIAN_POINT('',(-93.8790000000046,125.377717264471,-15.3164545100007));
#6169=CARTESIAN_POINT('',(-95.8790000000047,125.377717264471,-13.3164545100008));
#6170=CARTESIAN_POINT('Origin',(-93.8790000000046,125.377717264471,-13.3164545100007));
#6171=CARTESIAN_POINT('',(-95.8790000000046,187.477717259996,-13.3164545100007));
#6172=CARTESIAN_POINT('',(-95.8790000000047,125.377717259996,-13.3164545100008));
#6173=CARTESIAN_POINT('',(-93.8790000000046,187.477717259996,-15.3164545100008));
#6174=CARTESIAN_POINT('Ctrl Pts',(-95.8790000000046,187.477717259996,-13.3164545100008));
#6175=CARTESIAN_POINT('Ctrl Pts',(-95.8790000000046,187.477717259996,-13.5184850189112));
#6176=CARTESIAN_POINT('Ctrl Pts',(-95.8479022024322,187.477717259996,-13.7338645948598));
#6177=CARTESIAN_POINT('Ctrl Pts',(-95.777291148584,187.477717259996,-13.9465728968145));
#6178=CARTESIAN_POINT('Ctrl Pts',(-95.7066800947358,187.477717259996,-14.1592811987692));
#6179=CARTESIAN_POINT('Ctrl Pts',(-95.5965557846118,187.477717259996,-14.36931822673));
#6180=CARTESIAN_POINT('Ctrl Pts',(-95.4505635724986,187.477717259996,-14.5541637585036));
#6181=CARTESIAN_POINT('Ctrl Pts',(-95.255907289681,187.477717259996,-14.8006244675351));
#6182=CARTESIAN_POINT('Ctrl Pts',(-94.9974858477717,187.477717259996,-15.002300294456));
#6183=CARTESIAN_POINT('Ctrl Pts',(-94.7206025283227,187.477717259996,-15.1312578050724));
#6184=CARTESIAN_POINT('Ctrl Pts',(-94.4437192088738,187.477717259996,-15.2602153156888));
#6185=CARTESIAN_POINT('Ctrl Pts',(-94.1483740118852,187.477717259996,-15.3164545100007));
#6186=CARTESIAN_POINT('Ctrl Pts',(-93.8790000000047,187.477717259996,-15.3164545100007));
#6187=CARTESIAN_POINT('',(-93.8790000000046,125.377717259996,-15.3164545100007));
#6188=CARTESIAN_POINT('Ctrl Pts',(-93.8790000000046,187.477717259996,-15.3164545100008));
#6189=CARTESIAN_POINT('Ctrl Pts',(-93.8790000000046,187.611051719486,-15.1831200505105));
#6190=CARTESIAN_POINT('Ctrl Pts',(-93.8790000000046,187.744386178977,-15.0497855910201));
#6191=CARTESIAN_POINT('Ctrl Pts',(-93.8790000000046,187.877720638467,-14.9164511315297));
#6192=CARTESIAN_POINT('Ctrl Pts',(-94.1483740118852,187.477717259996,-15.3164545100008));
#6193=CARTESIAN_POINT('Ctrl Pts',(-94.1305466934717,187.611051719486,-15.1831410080492));
#6194=CARTESIAN_POINT('Ctrl Pts',(-94.1123260728864,187.744386178977,-15.0497646334813));
#6195=CARTESIAN_POINT('Ctrl Pts',(-94.0944987544729,187.877720638467,-14.9164511315297));
#6196=CARTESIAN_POINT('Ctrl Pts',(-94.7390644058624,187.477717259996,-15.2039761213771));
#6197=CARTESIAN_POINT('Ctrl Pts',(-94.6817062980316,187.611051719486,-15.0781004502364));
#6198=CARTESIAN_POINT('Ctrl Pts',(-94.6244081796702,187.744386178977,-14.9523442817739));
#6199=CARTESIAN_POINT('Ctrl Pts',(-94.5670500718394,187.877720638467,-14.8264686106332));
#6200=CARTESIAN_POINT('Ctrl Pts',(-95.4497233711132,187.477717259996,-14.6493675973445));
#6201=CARTESIAN_POINT('Ctrl Pts',(-95.345029391478,187.611051719486,-14.5605011419339));
#6202=CARTESIAN_POINT('Ctrl Pts',(-95.2402700232048,187.744386178977,-14.4716491836822));
#6203=CARTESIAN_POINT('Ctrl Pts',(-95.1355760435697,187.877720638467,-14.3827827282716));
#6204=CARTESIAN_POINT('Ctrl Pts',(-95.81680440486,187.477717259996,-13.9492441708085));
#6205=CARTESIAN_POINT('Ctrl Pts',(-95.6876259012518,187.611051719486,-13.9070738452018));
#6206=CARTESIAN_POINT('Ctrl Pts',(-95.5584187540891,187.744386178977,-13.8648554953228));
#6207=CARTESIAN_POINT('Ctrl Pts',(-95.4292402504809,187.877720638467,-13.8226851697161));
#6208=CARTESIAN_POINT('Ctrl Pts',(-95.8790000000047,187.477717259996,-13.5184850189112));
#6209=CARTESIAN_POINT('Ctrl Pts',(-95.7456591703363,187.611051719486,-13.5050053266257));
#6210=CARTESIAN_POINT('Ctrl Pts',(-95.612337451202,187.744386178977,-13.4915582681375));
#6211=CARTESIAN_POINT('Ctrl Pts',(-95.4789966215336,187.877720638467,-13.478078575852));
#6212=CARTESIAN_POINT('Ctrl Pts',(-95.8790000000047,187.477717259996,-13.3164545100007));
#6213=CARTESIAN_POINT('Ctrl Pts',(-95.7456655405144,187.611051719486,-13.3164545100007));
#6214=CARTESIAN_POINT('Ctrl Pts',(-95.612331081024,187.744386178977,-13.3164545100007));
#6215=CARTESIAN_POINT('Ctrl Pts',(-95.4789966215336,187.877720638467,-13.3164545100007));
#6216=CARTESIAN_POINT('',(-95.4790000000046,187.877717259996,-13.3164545100007));
#6217=CARTESIAN_POINT('',(-93.8790000000046,187.877717259996,-14.9164545100007));
#6218=CARTESIAN_POINT('Ctrl Pts',(-95.4790000000046,187.877717259996,-13.3164545100007));
#6219=CARTESIAN_POINT('Ctrl Pts',(-95.479000000166,187.877717259996,-13.4780789174047));
#6220=CARTESIAN_POINT('Ctrl Pts',(-95.4541217619065,187.877717259996,-13.650382577823));
#6221=CARTESIAN_POINT('Ctrl Pts',(-95.3976329186805,187.877717259996,-13.8205492192957));
#6222=CARTESIAN_POINT('Ctrl Pts',(-95.3411440754546,187.877717259996,-13.9907158607683));
#6223=CARTESIAN_POINT('Ctrl Pts',(-95.2530446272622,187.877717259996,-14.1587454832954));
#6224=CARTESIAN_POINT('Ctrl Pts',(-95.1362508576423,187.877717259996,-14.3066219089084));
#6225=CARTESIAN_POINT('Ctrl Pts',(-94.9805258314823,187.877717259996,-14.5037904763925));
#6226=CARTESIAN_POINT('Ctrl Pts',(-94.7737886783398,187.877717259996,-14.6651311382518));
#6227=CARTESIAN_POINT('Ctrl Pts',(-94.5522820220161,187.877717259996,-14.7682971465211));
#6228=CARTESIAN_POINT('Ctrl Pts',(-94.3307753656923,187.877717259996,-14.8714631547904));
#6229=CARTESIAN_POINT('Ctrl Pts',(-94.0944992061873,187.877717259996,-14.9164545094697));
#6230=CARTESIAN_POINT('Ctrl Pts',(-93.8790000000046,187.877717259996,-14.9164545100007));
#6231=CARTESIAN_POINT('Ctrl Pts',(-93.8790000000046,187.877713881553,-14.9164578884432));
#6232=CARTESIAN_POINT('Ctrl Pts',(-93.8790000000046,187.744381674368,-15.0497900956291));
#6233=CARTESIAN_POINT('Ctrl Pts',(-93.8790000000046,187.611049467182,-15.183122302815));
#6234=CARTESIAN_POINT('Ctrl Pts',(-93.8790000000046,187.477717259996,-15.3164545100008));
#6235=CARTESIAN_POINT('Ctrl Pts',(-95.8790000000047,187.477717259996,-13.3164545100007));
#6236=CARTESIAN_POINT('Ctrl Pts',(-95.7456677928188,187.611049467182,-13.3164545100007));
#6237=CARTESIAN_POINT('Ctrl Pts',(-95.612335585633,187.744381674368,-13.3164545100007));
#6238=CARTESIAN_POINT('Ctrl Pts',(-95.4790033784471,187.877713881553,-13.3164545100007));
#6239=CARTESIAN_POINT('Origin',(-95.8790000000048,125.377717259996,4.68354548999924));
#6240=CARTESIAN_POINT('',(-95.8790000000048,125.377717264471,3.68354548999923));
#6241=CARTESIAN_POINT('',(-95.8790000000046,125.377717264471,-19.4544765123977));
#6242=CARTESIAN_POINT('',(-95.8790000000048,187.477717259996,3.68354548999923));
#6243=CARTESIAN_POINT('',(-95.8790000000048,125.377717259996,3.68354548999923));
#6244=CARTESIAN_POINT('',(-95.8790000000049,187.477717259996,7.18354548999922));
#6245=CARTESIAN_POINT('',(-95.8790000000047,177.877717259996,-7.86645451000077));
#6246=CARTESIAN_POINT('Origin',(-95.8790000000047,177.877717259996,-5.31645451000077));
#6247=CARTESIAN_POINT('',(-95.8790000000047,135.377717259996,-7.86645451000076));
#6248=CARTESIAN_POINT('Origin',(-95.8790000000047,135.377717259996,-5.31645451000077));
#6249=CARTESIAN_POINT('Origin',(-0.8789132331579,125.377717264471,-65.3164545099997));
#6250=CARTESIAN_POINT('',(-82.9790000000037,125.377717264471,-15.3164545100006));
#6251=CARTESIAN_POINT('',(-43.7289132364801,125.377717264471,-15.3164545100001));
#6252=CARTESIAN_POINT('Origin',(-82.9790000000046,125.377717264471,-13.3164545100006));
#6253=CARTESIAN_POINT('',(-57.322650813901,125.377717264471,19.0977590523729));
#6254=CARTESIAN_POINT('',(-78.5934227124562,125.377717264471,-2.17301284618312));
#6255=CARTESIAN_POINT('',(-55.9084372515279,125.377717264471,19.6835454899998));
#6256=CARTESIAN_POINT('Origin',(-55.9084372515279,125.377717264471,17.6835454899998));
#6257=CARTESIAN_POINT('',(-52.8790000000041,125.377717264471,19.6835454899998));
#6258=CARTESIAN_POINT('',(-43.6289132364806,125.377717264471,19.6835454899999));
#6259=CARTESIAN_POINT('',(-50.8790000000051,125.377717264471,21.6835454899998));
#6260=CARTESIAN_POINT('Origin',(-52.879000000005,125.377717264471,21.6835454899998));
#6261=CARTESIAN_POINT('',(-50.8790000000042,125.377717264471,27.6835454899998));
#6262=CARTESIAN_POINT('',(-50.8790000000045,125.377717264471,-22.5664545102927));
#6263=CARTESIAN_POINT('',(-52.8790000000052,125.377717264471,29.6835454899998));
#6264=CARTESIAN_POINT('Origin',(-52.8790000000051,125.377717264471,27.6835454899998));
#6265=CARTESIAN_POINT('',(-69.8790000000052,125.377717264471,29.6835454894154));
#6266=CARTESIAN_POINT('',(25.1360625572936,125.377717264471,29.6835454894154));
#6267=CARTESIAN_POINT('',(-70.8790000000052,125.377717264471,30.6835454894154));
#6268=CARTESIAN_POINT('Origin',(-69.8790000000052,125.377717264471,30.6835454894154));
#6269=CARTESIAN_POINT('',(-70.8790000000042,125.377717264471,33.6835454899995));
#6270=CARTESIAN_POINT('',(-70.8790000000051,125.377717264471,29.6835454899995));
#6271=CARTESIAN_POINT('',(-71.8790000000052,125.377717264471,34.6835454900004));
#6272=CARTESIAN_POINT('Origin',(-71.8790000000052,125.377717264471,33.6835454899995));
#6273=CARTESIAN_POINT('',(-81.7368643762732,125.377717264471,34.6835454899994));
#6274=CARTESIAN_POINT('',(49.1211301484208,125.377717264471,34.68354549));
#6275=CARTESIAN_POINT('',(-88.8079321881401,125.377717264471,31.7546133018648));
#6276=CARTESIAN_POINT('Origin',(-81.7368643762741,125.377717264471,24.6835454899994));
#6277=CARTESIAN_POINT('',(-97.95006781187,125.377717264471,22.6124776781337));
#6278=CARTESIAN_POINT('',(-93.3789783082936,125.377717264471,27.1835671817108));
#6279=CARTESIAN_POINT('',(-100.879000000004,125.377717264471,15.5414098662683));
#6280=CARTESIAN_POINT('Origin',(-90.879000000005,125.377717264471,15.5414098662684));
#6281=CARTESIAN_POINT('',(-100.879000000005,125.377717264471,5.68354548999918));
#6282=CARTESIAN_POINT('',(-100.879000000005,125.377717264471,-15.3164545100008));
#6283=CARTESIAN_POINT('',(-99.8790000000048,125.377717264471,4.68354548999919));
#6284=CARTESIAN_POINT('Origin',(-99.8790000000049,125.377717264471,5.68354548999919));
#6285=CARTESIAN_POINT('',(-96.8790000000048,125.377717264471,4.68354548999922));
#6286=CARTESIAN_POINT('',(-100.878913237041,125.377717264471,4.68354548999918));
#6287=CARTESIAN_POINT('Origin',(-96.8790000000048,125.377717264471,3.68354548999922));
#6288=CARTESIAN_POINT('',(-93.6290000000045,125.377717264471,-7.96645451000067));
#6289=CARTESIAN_POINT('Origin',(-90.8790000000046,125.377717264471,-7.96645451000067));
#6290=CARTESIAN_POINT('',(-60.9790000000052,125.377717264471,24.6835454899999));
#6291=CARTESIAN_POINT('Origin',(-58.2290000000052,125.377717264471,24.6835454899998));
#6292=CARTESIAN_POINT('',(-75.6046930163088,125.377717264471,5.71494228062388));
#6293=CARTESIAN_POINT('',(-80.651674715527,125.377717264471,7.06727695114396));
#6294=CARTESIAN_POINT('',(-34.2776729116848,125.377717264471,-5.35859938199406));
#6295=CARTESIAN_POINT('',(-82.0040093860472,125.377717264471,12.114258650362));
#6296=CARTESIAN_POINT('',(-69.5781088919209,125.377717264471,-34.2598333235097));
#6297=CARTESIAN_POINT('',(-78.3093623573493,125.377717264471,15.80890567906));
#6298=CARTESIAN_POINT('',(-79.3147397816597,125.377717264471,14.8035282547496));
#6299=CARTESIAN_POINT('',(-73.2623806581311,125.377717264471,14.45657100854));
#6300=CARTESIAN_POINT('',(-29.6349407182281,125.377717264471,2.76663370880636));
#6301=CARTESIAN_POINT('',(-71.9100459876109,125.377717264471,9.4095893093219));
#6302=CARTESIAN_POINT('',(-60.2200845268894,125.377717264471,-34.2179408006107));
#6303=CARTESIAN_POINT('',(-74.5994476100849,125.377717264471,6.72018768684785));
#6304=CARTESIAN_POINT('',(-85.2880376584752,125.377717264471,21.0414156548861));
#6305=CARTESIAN_POINT('',(-85.8244002535026,125.377717264471,21.2883652589633));
#6306=CARTESIAN_POINT('Ctrl Pts',(-85.2880376584752,125.377717264471,21.0414156548861));
#6307=CARTESIAN_POINT('Ctrl Pts',(-85.3667211731449,125.377717264471,21.1085817951811));
#6308=CARTESIAN_POINT('Ctrl Pts',(-85.5223651124497,125.377717264471,21.2414432046809));
#6309=CARTESIAN_POINT('Ctrl Pts',(-85.724467679941,125.377717264471,21.2728404374975));
#6310=CARTESIAN_POINT('Ctrl Pts',(-85.8244002535026,125.377717264471,21.2883652589633));
#6311=CARTESIAN_POINT('',(-86.5151045252462,125.377717264471,21.0684102384728));
#6312=CARTESIAN_POINT('Ctrl Pts',(-85.8244002535026,125.377717264471,21.2883652589633));
#6313=CARTESIAN_POINT('Ctrl Pts',(-85.9356134456639,125.377717264471,21.2805680026043));
#6314=CARTESIAN_POINT('Ctrl Pts',(-86.1827220332176,125.377717264471,21.2632429985447));
#6315=CARTESIAN_POINT('Ctrl Pts',(-86.3971703726343,125.377717264471,21.1375397414135));
#6316=CARTESIAN_POINT('Ctrl Pts',(-86.5151045252462,125.377717264471,21.0684102384728));
#6317=CARTESIAN_POINT('',(-86.8932671043336,125.377717264471,21.7976995371645));
#6318=CARTESIAN_POINT('',(-59.7909545224973,125.377717264471,-30.4693084344634));
#6319=CARTESIAN_POINT('',(-85.7800355751475,125.377717264471,22.0620351044548));
#6320=CARTESIAN_POINT('Ctrl Pts',(-86.8932671043336,125.377717264471,21.7976995371645));
#6321=CARTESIAN_POINT('Ctrl Pts',(-86.7060974809108,125.377717264471,21.8934000247706));
#6322=CARTESIAN_POINT('Ctrl Pts',(-86.3555664443336,125.377717264471,22.072627778228));
#6323=CARTESIAN_POINT('Ctrl Pts',(-85.9629912425315,125.377717264471,22.0654024124539));
#6324=CARTESIAN_POINT('Ctrl Pts',(-85.7800355751475,125.377717264471,22.0620351044548));
#6325=CARTESIAN_POINT('',(-84.8057068254501,125.377717264471,21.5353354920158));
#6326=CARTESIAN_POINT('Ctrl Pts',(-85.7800355751475,125.377717264471,22.0620351044548));
#6327=CARTESIAN_POINT('Ctrl Pts',(-85.6059301129471,125.377717264471,22.018375928326));
#6328=CARTESIAN_POINT('Ctrl Pts',(-85.2372182318808,125.377717264471,21.925916698427));
#6329=CARTESIAN_POINT('Ctrl Pts',(-84.9547786548498,125.377717264471,21.670267394397));
#6330=CARTESIAN_POINT('Ctrl Pts',(-84.8057068254501,125.377717264471,21.5353354920158));
#6331=CARTESIAN_POINT('',(-84.2635419959122,125.377717264471,20.2253142135847));
#6332=CARTESIAN_POINT('Ctrl Pts',(-84.8057068254501,125.377717264471,21.5353354920158));
#6333=CARTESIAN_POINT('Ctrl Pts',(-84.6422218305848,125.377717264471,21.3422626245318));
#6334=CARTESIAN_POINT('Ctrl Pts',(-84.3211162499162,125.377717264471,20.9630426522286));
#6335=CARTESIAN_POINT('Ctrl Pts',(-84.2824983185009,125.377717264471,20.4682112950619));
#6336=CARTESIAN_POINT('Ctrl Pts',(-84.2635419959122,125.377717264471,20.2253142135847));
#6337=CARTESIAN_POINT('',(-84.9542304782375,125.377717264471,18.8091621691845));
#6338=CARTESIAN_POINT('Ctrl Pts',(-84.2635419959122,125.377717264471,20.2253142135847));
#6339=CARTESIAN_POINT('Ctrl Pts',(-84.3045844577148,125.377717264471,19.9729157801578));
#6340=CARTESIAN_POINT('Ctrl Pts',(-84.3922899038061,125.377717264471,19.4335544401154));
#6341=CARTESIAN_POINT('Ctrl Pts',(-84.7590817805728,125.377717264471,19.025998866957));
#6342=CARTESIAN_POINT('Ctrl Pts',(-84.9542304782375,125.377717264471,18.8091621691845));
#6343=CARTESIAN_POINT('',(-86.4147388647349,125.377717264471,18.0779189700875));
#6344=CARTESIAN_POINT('Ctrl Pts',(-84.9542304782375,125.377717264471,18.8091621691845));
#6345=CARTESIAN_POINT('Ctrl Pts',(-85.1803074926849,125.377717264471,18.6028997674319));
#6346=CARTESIAN_POINT('Ctrl Pts',(-85.6000421775604,125.377717264471,18.219952901237));
#6347=CARTESIAN_POINT('Ctrl Pts',(-86.1575262321034,125.377717264471,18.1227613291262));
#6348=CARTESIAN_POINT('Ctrl Pts',(-86.4147388647349,125.377717264471,18.0779189700875));
#6349=CARTESIAN_POINT('',(-87.7652914155935,125.377717264471,18.6451300420011));
#6350=CARTESIAN_POINT('Ctrl Pts',(-86.4147388647349,125.377717264471,18.0779189700875));
#6351=CARTESIAN_POINT('Ctrl Pts',(-86.6628494324656,125.377717264471,18.097614772031));
#6352=CARTESIAN_POINT('Ctrl Pts',(-87.1742659641795,125.377717264471,18.1382126345542));
#6353=CARTESIAN_POINT('Ctrl Pts',(-87.5644188101282,125.377717264471,18.472843349193));
#6354=CARTESIAN_POINT('Ctrl Pts',(-87.7652914155935,125.377717264471,18.6451300420011));
#6355=CARTESIAN_POINT('',(-88.3016659887383,125.377717264471,19.7950156053514));
#6356=CARTESIAN_POINT('Ctrl Pts',(-87.7652914155935,125.377717264471,18.6451300420011));
#6357=CARTESIAN_POINT('Ctrl Pts',(-87.9171818980055,125.377717264471,18.8180083656861));
#6358=CARTESIAN_POINT('Ctrl Pts',(-88.2087314150506,125.377717264471,19.1498434548735));
#6359=CARTESIAN_POINT('Ctrl Pts',(-88.2715665095077,125.377717264471,19.5860584328713));
#6360=CARTESIAN_POINT('Ctrl Pts',(-88.3016659887383,125.377717264471,19.7950156053514));
#6361=CARTESIAN_POINT('',(-88.0701546164367,125.377717264471,20.6053455764472));
#6362=CARTESIAN_POINT('Ctrl Pts',(-88.3016659887383,125.377717264471,19.7950156053514));
#6363=CARTESIAN_POINT('Ctrl Pts',(-88.2921779900907,125.377717264471,19.9270880694247));
#6364=CARTESIAN_POINT('Ctrl Pts',(-88.2716557637271,125.377717264471,20.2127564284532));
#6365=CARTESIAN_POINT('Ctrl Pts',(-88.1406127717997,125.377717264471,20.468070391888));
#6366=CARTESIAN_POINT('Ctrl Pts',(-88.0701546164367,125.377717264471,20.6053455764472));
#6367=CARTESIAN_POINT('',(-87.3697949380078,125.377717264471,20.175109933093));
#6368=CARTESIAN_POINT('',(-37.2583530525638,125.377717264471,-10.6086845985312));
#6369=CARTESIAN_POINT('',(-87.5067713316727,125.377717264471,19.6175257513725));
#6370=CARTESIAN_POINT('Ctrl Pts',(-87.3697949380078,125.377717264471,20.175109933093));
#6371=CARTESIAN_POINT('Ctrl Pts',(-87.418088084785,125.377717264471,20.0856919908417));
#6372=CARTESIAN_POINT('Ctrl Pts',(-87.5121726811086,125.377717264471,19.9114881635451));
#6373=CARTESIAN_POINT('Ctrl Pts',(-87.5085395802576,125.377717264471,19.7137607062699));
#6374=CARTESIAN_POINT('Ctrl Pts',(-87.5067713316727,125.377717264471,19.6175257513725));
#6375=CARTESIAN_POINT('',(-87.248231540172,125.377717264471,19.1043221795984));
#6376=CARTESIAN_POINT('Ctrl Pts',(-87.5067713316727,125.377717264471,19.6175257513725));
#6377=CARTESIAN_POINT('Ctrl Pts',(-87.4871562442777,125.377717264471,19.5236521545467));
#6378=CARTESIAN_POINT('Ctrl Pts',(-87.4466668766279,125.377717264471,19.3298787342225));
#6379=CARTESIAN_POINT('Ctrl Pts',(-87.3157339616721,125.377717264471,19.1810505178786));
#6380=CARTESIAN_POINT('Ctrl Pts',(-87.248231540172,125.377717264471,19.1043221795984));
#6381=CARTESIAN_POINT('',(-86.5112161383532,125.377717264471,18.8187881116409));
#6382=CARTESIAN_POINT('Ctrl Pts',(-87.248231540172,125.377717264471,19.1043221795984));
#6383=CARTESIAN_POINT('Ctrl Pts',(-87.1399147256391,125.377717264471,19.0137410570657));
#6384=CARTESIAN_POINT('Ctrl Pts',(-86.9262781146151,125.377717264471,18.8350851011639));
#6385=CARTESIAN_POINT('Ctrl Pts',(-86.6482701113761,125.377717264471,18.8241693975456));
#6386=CARTESIAN_POINT('Ctrl Pts',(-86.5112161383532,125.377717264471,18.8187881116409));
#6387=CARTESIAN_POINT('',(-85.5851351347821,125.377717264471,19.3551598739024));
#6388=CARTESIAN_POINT('Ctrl Pts',(-86.5112161383532,125.377717264471,18.8187881116409));
#6389=CARTESIAN_POINT('Ctrl Pts',(-86.358404866788,125.377717264471,18.8584983925415));
#6390=CARTESIAN_POINT('Ctrl Pts',(-86.0025375297819,125.377717264471,18.9509758110662));
#6391=CARTESIAN_POINT('Ctrl Pts',(-85.7367768224682,125.377717264471,19.208320387214));
#6392=CARTESIAN_POINT('Ctrl Pts',(-85.5851351347821,125.377717264471,19.3551598739024));
#6393=CARTESIAN_POINT('',(-85.0140604030237,125.377717264471,20.3121249740986));
#6394=CARTESIAN_POINT('Ctrl Pts',(-85.5851351347821,125.377717264471,19.3551598739024));
#6395=CARTESIAN_POINT('Ctrl Pts',(-85.4296807139761,125.377717264471,19.5139329807188));
#6396=CARTESIAN_POINT('Ctrl Pts',(-85.1606138641623,125.377717264471,19.7887439475908));
#6397=CARTESIAN_POINT('Ctrl Pts',(-85.0575701920844,125.377717264471,20.1567400525495));
#6398=CARTESIAN_POINT('Ctrl Pts',(-85.0140604030237,125.377717264471,20.3121249740986));
#6399=CARTESIAN_POINT('Ctrl Pts',(-85.0140604030237,125.377717264471,20.3121249740986));
#6400=CARTESIAN_POINT('Ctrl Pts',(-85.0172904185141,125.377717264471,20.448153091861));
#6401=CARTESIAN_POINT('Ctrl Pts',(-85.0238140941501,125.377717264471,20.7228896435196));
#6402=CARTESIAN_POINT('Ctrl Pts',(-85.199392160074,125.377717264471,20.934551995305));
#6403=CARTESIAN_POINT('Ctrl Pts',(-85.2880376584752,125.377717264471,21.0414156548861));
#6404=CARTESIAN_POINT('',(-89.9011113645331,125.377717264471,20.8773594382699));
#6405=CARTESIAN_POINT('',(-87.07272171908,125.377717264471,23.7058241261052));
#6406=CARTESIAN_POINT('',(-89.1946057840239,125.377717264471,21.5838837636723));
#6407=CARTESIAN_POINT('',(-86.5016265849576,125.377717264471,23.1347441437856));
#6408=CARTESIAN_POINT('',(-43.2681282339016,125.377717264471,-20.0976071734319));
#6409=CARTESIAN_POINT('',(-89.3300162304106,125.377717264471,20.3062794559503));
#6410=CARTESIAN_POINT('',(-87.2093158271749,125.377717264471,22.4270361252703));
#6411=CARTESIAN_POINT('',(-45.8109703122934,125.377717264471,-23.211611852427));
#6412=CARTESIAN_POINT('Origin',(-90.9790000000046,125.377717259996,-15.3164545100007));
#6413=CARTESIAN_POINT('',(-82.9790000000045,187.477717259996,-15.3164545100006));
#6414=CARTESIAN_POINT('',(-80.9790000000046,187.477717259996,-15.3164545100006));
#6415=CARTESIAN_POINT('',(-82.9790000000046,153.344430554115,-15.3164545100006));
#6416=CARTESIAN_POINT('Origin',(-72.9790000000048,125.377717259996,6.26983699101478));
#6417=CARTESIAN_POINT('Origin',(-72.9790000000048,154.167716880271,6.26983699101477));
#6418=CARTESIAN_POINT('Origin',(-72.9790000000048,159.087716880271,6.26983699101477));
#6419=CARTESIAN_POINT('Origin',(-77.6087349784609,185.690978646477,8.18753600928386));
#6420=CARTESIAN_POINT('',(-80.9570413846907,187.455758644682,6.86216769614512));
#6421=CARTESIAN_POINT('',(-81.3790000000048,187.877717259996,6.64341505480179));
#6422=CARTESIAN_POINT('',(-79.9720335381131,186.470750798104,7.37281746217089));
#6423=CARTESIAN_POINT('',(-79.1828565441788,187.877717259996,11.9453743707752));
#6424=CARTESIAN_POINT('Ctrl Pts',(-81.3790000000048,187.877717259996,6.64341505480179));
#6425=CARTESIAN_POINT('Ctrl Pts',(-81.3790000000049,187.877717259996,9.7492309149484));
#6426=CARTESIAN_POINT('Ctrl Pts',(-79.1828565441784,187.877717259996,11.9453743707748));
#6427=CARTESIAN_POINT('',(-79.0391682220062,187.455758644682,11.4923230964099));
#6428=CARTESIAN_POINT('',(-78.7037464065373,186.470750798104,10.4347334562044));
#6429=CARTESIAN_POINT('Ctrl Pts',(-79.0391682220062,187.455758644682,11.4923230964099));
#6430=CARTESIAN_POINT('Ctrl Pts',(-79.5489896761127,187.397935053521,10.9007267354586));
#6431=CARTESIAN_POINT('Ctrl Pts',(-80.0446713231329,187.326307123214,10.15042534638));
#6432=CARTESIAN_POINT('Ctrl Pts',(-80.7376376637873,187.33654491859,8.41019944820713));
#6433=CARTESIAN_POINT('Ctrl Pts',(-80.9016601302179,187.400377390209,7.608092120277));
#6434=CARTESIAN_POINT('Ctrl Pts',(-80.9570413846907,187.455758644682,6.86216769614512));
#6435=CARTESIAN_POINT('Origin',(-72.9790000000048,125.377717259996,6.26983699101478));
#6436=CARTESIAN_POINT('Origin',(-72.9790000000048,176.977715957591,6.26983699101476));
#6437=CARTESIAN_POINT('Origin',(-72.9790000000048,179.477717259996,6.26983699101476));
#6438=CARTESIAN_POINT('Origin',(-72.9790000000048,179.477717259996,6.26983699101476));
#6439=CARTESIAN_POINT('Origin',(-81.1790000000047,187.677717259996,-2.8164545100006));
#6440=CARTESIAN_POINT('',(-81.3790000000045,187.877717259996,-14.5164545100006));
#6441=CARTESIAN_POINT('Origin',(-82.9790000000046,189.477717259996,-13.3164545100006));
#6442=CARTESIAN_POINT('',(-81.3790000000047,187.877717259996,-2.81645451000061));
#6443=CARTESIAN_POINT('Origin',(-95.6790000000048,187.677717259996,7.18354548999923));
#6444=CARTESIAN_POINT('',(-95.4790000000048,187.877717259996,3.68354548999923));
#6445=CARTESIAN_POINT('',(-95.4790000000048,187.877717259996,3.68354548999923));
#6446=CARTESIAN_POINT('',(-95.4790000000049,187.877717259996,7.18354548999923));
#6447=CARTESIAN_POINT('Origin',(-78.5204213562419,187.677717259996,12.3249668462367));
#6448=CARTESIAN_POINT('',(-73.504988462987,187.877717259996,17.6232424519665));
#6449=CARTESIAN_POINT('',(-78.6618427124799,187.877717259996,12.466388202474));
#6450=CARTESIAN_POINT('',(-73.504988462987,187.877717259996,17.6232424519665));
#6451=CARTESIAN_POINT('Origin',(-82.9790000000046,125.377717259996,-13.3164545100006));
#6452=CARTESIAN_POINT('',(-81.7790000000046,187.877717259996,-14.9164545100006));
#6453=CARTESIAN_POINT('Origin',(-82.9790000000046,189.477717259996,-13.3164545100006));
#6454=CARTESIAN_POINT('Origin',(-82.9790000000046,187.877717259996,-13.3164545100006));
#6455=CARTESIAN_POINT('Origin',(-75.8790000000049,187.877717259996,9.68354548999946));
#6456=CARTESIAN_POINT('',(-96.8790000000048,187.877717259996,5.08354548999922));
#6457=CARTESIAN_POINT('Origin',(-96.8790000000048,187.877717259996,3.68354548999922));
#6458=CARTESIAN_POINT('',(-99.8790000000048,187.877717259996,5.08354548999918));
#6459=CARTESIAN_POINT('',(-88.3790000000048,187.877717259996,5.08354548999931));
#6460=CARTESIAN_POINT('',(-100.479000000005,187.877717259996,5.68354548999917));
#6461=CARTESIAN_POINT('Origin',(-99.8790000000049,187.877717259996,5.68354548999918));
#6462=CARTESIAN_POINT('',(-100.479000000005,187.877717259996,15.5414098662683));
#6463=CARTESIAN_POINT('',(-100.479000000005,187.877717259996,22.1835454899992));
#6464=CARTESIAN_POINT('',(-97.6672250993961,187.877717259996,22.3296349656591));
#6465=CARTESIAN_POINT('Origin',(-90.879000000005,187.877717259996,15.5414098662684));
#6466=CARTESIAN_POINT('',(-88.5250894756651,187.877717259996,31.4717705893902));
#6467=CARTESIAN_POINT('',(-93.0961572875301,187.877717259996,26.9007027775247));
#6468=CARTESIAN_POINT('',(-81.7368643762742,187.877717259996,34.2835454899994));
#6469=CARTESIAN_POINT('Origin',(-81.7368643762741,187.877717259996,24.6835454899994));
#6470=CARTESIAN_POINT('',(-71.8790000000052,187.877717259996,34.2835454899995));
#6471=CARTESIAN_POINT('',(-73.3790000000052,187.877717259996,34.2835454899995));
#6472=CARTESIAN_POINT('',(-71.2790000000052,187.877717259996,33.6835454899995));
#6473=CARTESIAN_POINT('Origin',(-71.8790000000052,187.877717259996,33.6835454899995));
#6474=CARTESIAN_POINT('',(-71.2790000000051,187.877717259996,30.6835454899995));
#6475=CARTESIAN_POINT('',(-71.279000000005,187.877717259996,19.6835454899995));
#6476=CARTESIAN_POINT('',(-69.8790000000051,187.877717259996,29.2835454899996));
#6477=CARTESIAN_POINT('Origin',(-69.8790000000051,187.877717259996,30.6835454899995));
#6478=CARTESIAN_POINT('',(-52.8790000000051,187.877717259996,29.2835454899997));
#6479=CARTESIAN_POINT('',(-63.3790000000052,187.877717259996,29.2835454899996));
#6480=CARTESIAN_POINT('',(-51.2790000000051,187.877717259996,27.6835454899998));
#6481=CARTESIAN_POINT('Origin',(-52.8790000000051,187.877717259996,27.6835454899997));
#6482=CARTESIAN_POINT('',(-51.279000000005,187.877717259996,21.6835454899998));
#6483=CARTESIAN_POINT('',(-51.279000000005,187.877717259996,14.6835454899998));
#6484=CARTESIAN_POINT('',(-52.879000000005,187.877717259996,20.0835454899997));
#6485=CARTESIAN_POINT('Origin',(-52.879000000005,187.877717259996,21.6835454899997));
#6486=CARTESIAN_POINT('',(-67.56529150102,187.877717259996,20.0835454899996));
#6487=CARTESIAN_POINT('',(-80.879000000005,187.877717259996,20.0835454899994));
#6488=CARTESIAN_POINT('Origin',(-67.56529150102,187.877717259996,11.6835454899996));
#6489=CARTESIAN_POINT('',(-85.8790000000046,187.877717259996,-14.9164545100007));
#6490=CARTESIAN_POINT('',(-95.8304789794293,187.877717267948,15.5593968585658));
#6491=CARTESIAN_POINT('',(-92.827885155735,187.877717267948,15.5593968585659));
#6492=CARTESIAN_POINT('',(-80.7442074780466,187.877717259996,15.5593968506136));
#6493=CARTESIAN_POINT('',(-81.7146563821716,187.877717267948,26.6726256321299));
#6494=CARTESIAN_POINT('Origin',(-82.2146563821714,187.877717259996,16.0593968585661));
#6495=CARTESIAN_POINT('',(-81.7146563821716,187.877717267948,29.6752194558241));
#6496=CARTESIAN_POINT('',(-81.7146563742187,187.877717259996,14.0587158219596));
#6497=CARTESIAN_POINT('Origin',(-82.2146563821714,187.877717259996,16.0593968585661));
#6498=CARTESIAN_POINT('',(-58.5750976438443,187.877717267949,28.0227931138647));
#6499=CARTESIAN_POINT('',(-61.4849425318328,187.877717267944,28.0227931138601));
#6500=CARTESIAN_POINT('Ctrl Pts',(-58.5750976438443,187.877717267949,28.0227931138647));
#6501=CARTESIAN_POINT('Ctrl Pts',(-61.4849425318328,187.877717267949,28.0227931138647));
#6502=CARTESIAN_POINT('',(-62.164803798497,187.877717267949,27.6448187411981));
#6503=CARTESIAN_POINT('Origin',(-61.4849423015421,187.877717267949,27.2223733960336));
#6504=CARTESIAN_POINT('',(-63.6312734838715,187.877717267949,25.1048187383696));
#6505=CARTESIAN_POINT('',(-67.7742874597969,187.877717259996,17.9289080196922));
#6506=CARTESIAN_POINT('',(-63.657191136017,187.877717267949,24.3048187383695));
#6507=CARTESIAN_POINT('Ctrl Pts',(-63.6312734838715,187.877717267949,25.1048187383696));
#6508=CARTESIAN_POINT('Ctrl Pts',(-63.8751724176201,187.877717267949,24.712300520091));
#6509=CARTESIAN_POINT('Ctrl Pts',(-63.657191136017,187.877717267949,24.3048187383695));
#6510=CARTESIAN_POINT('',(-62.2022684592919,187.877717267949,21.784818741198));
#6511=CARTESIAN_POINT('',(-62.0128393069011,187.877717259996,21.4567178407283));
#6512=CARTESIAN_POINT('',(-61.5224069623371,187.877717267949,21.3623733960335));
#6513=CARTESIAN_POINT('Ctrl Pts',(-62.202268459292,187.877717267949,21.784818741198));
#6514=CARTESIAN_POINT('Ctrl Pts',(-61.9842871776888,187.877717267949,21.3773369594765));
#6515=CARTESIAN_POINT('Ctrl Pts',(-61.5224069623371,187.877717267949,21.3623733960335));
#6516=CARTESIAN_POINT('',(-58.5317325679347,187.877717267949,21.3623733960338));
#6517=CARTESIAN_POINT('',(-68.6877446550987,187.877717259996,21.3623734039858));
#6518=CARTESIAN_POINT('',(-57.8259534188344,187.877717267949,21.7399280508693));
#6519=CARTESIAN_POINT('Ctrl Pts',(-58.5317325679347,187.877717267949,21.3623733960338));
#6520=CARTESIAN_POINT('Ctrl Pts',(-58.069852352583,187.877717267949,21.3474098325908));
#6521=CARTESIAN_POINT('Ctrl Pts',(-57.8259534188344,187.877717267949,21.7399280508693));
#6522=CARTESIAN_POINT('',(-56.3998982539362,187.877717267949,24.2099280508693));
#6523=CARTESIAN_POINT('',(-62.686388229195,187.877717259996,13.3214080283524));
#6524=CARTESIAN_POINT('',(-56.3739806017907,187.877717267949,25.0099280508694));
#6525=CARTESIAN_POINT('Ctrl Pts',(-56.3998982539362,187.877717267949,24.2099280508693));
#6526=CARTESIAN_POINT('Ctrl Pts',(-56.1559993201876,187.877717267949,24.6024462691478));
#6527=CARTESIAN_POINT('Ctrl Pts',(-56.3739806017907,187.877717267949,25.0099280508694));
#6528=CARTESIAN_POINT('',(-57.869317798992,187.877717267949,27.5999280508693));
#6529=CARTESIAN_POINT('',(-55.5003282850336,187.877717259996,23.4967178341903));
#6530=CARTESIAN_POINT('Ctrl Pts',(-57.869317798992,187.877717267949,27.5999280508693));
#6531=CARTESIAN_POINT('Ctrl Pts',(-58.0872991778556,187.877717267949,28.0074100144043));
#6532=CARTESIAN_POINT('Ctrl Pts',(-58.5491796050747,187.877717267949,28.0223734060487));
#6533=CARTESIAN_POINT('Ctrl Pts',(-58.5621352259749,187.877717267949,28.022793125132));
#6534=CARTESIAN_POINT('Ctrl Pts',(-58.5750976438443,187.877717267949,28.0227931138647));
#6535=CARTESIAN_POINT('',(-94.2325579897152,187.87771726795,-4.73932266252358));
#6536=CARTESIAN_POINT('',(-94.2325579897106,187.877717267946,-7.64916755051214));
#6537=CARTESIAN_POINT('Ctrl Pts',(-94.2325579897152,187.87771726795,-4.73932266252358));
#6538=CARTESIAN_POINT('Ctrl Pts',(-94.2325579897152,187.87771726795,-7.64916755051214));
#6539=CARTESIAN_POINT('',(-93.8545836170486,187.87771726795,-8.32902881717629));
#6540=CARTESIAN_POINT('Origin',(-93.4321382718841,187.87771726795,-7.64916732022138));
#6541=CARTESIAN_POINT('',(-91.3145836142201,187.87771726795,-9.79549850255079));
#6542=CARTESIAN_POINT('',(-91.0023538184895,187.877717259996,-9.97576444997996));
#6543=CARTESIAN_POINT('',(-90.51458361422,187.87771726795,-9.82141615469628));
#6544=CARTESIAN_POINT('Ctrl Pts',(-91.3145836142201,187.87771726795,-9.79549850255079));
#6545=CARTESIAN_POINT('Ctrl Pts',(-90.9220653959415,187.87771726795,-10.0393974362994));
#6546=CARTESIAN_POINT('Ctrl Pts',(-90.51458361422,187.87771726795,-9.82141615469628));
#6547=CARTESIAN_POINT('',(-87.9945836170485,187.87771726795,-8.36649347797122));
#6548=CARTESIAN_POINT('',(-80.7920690192474,187.877717259996,-4.20811972690317));
#6549=CARTESIAN_POINT('',(-87.572138271884,187.87771726795,-7.68663198101633));
#6550=CARTESIAN_POINT('Ctrl Pts',(-87.9945836170485,187.87771726795,-8.36649347797122));
#6551=CARTESIAN_POINT('Ctrl Pts',(-87.587101835327,187.87771726795,-8.14851219636809));
#6552=CARTESIAN_POINT('Ctrl Pts',(-87.572138271884,187.87771726795,-7.68663198101633));
#6553=CARTESIAN_POINT('',(-87.5721382718843,187.87771726795,-4.69595758661397));
#6554=CARTESIAN_POINT('',(-87.5721382798392,187.877717259996,1.01141558056377));
#6555=CARTESIAN_POINT('',(-87.9496929267198,187.87771726795,-3.99017843751365));
#6556=CARTESIAN_POINT('Ctrl Pts',(-87.5721382718843,187.87771726795,-4.69595758661397));
#6557=CARTESIAN_POINT('Ctrl Pts',(-87.5571747084413,187.87771726795,-4.23407737126231));
#6558=CARTESIAN_POINT('Ctrl Pts',(-87.9496929267198,187.87771726795,-3.99017843751365));
#6559=CARTESIAN_POINT('',(-90.4196929267198,187.87771726795,-2.56412327261552));
#6560=CARTESIAN_POINT('',(-86.3948538271507,187.877717259996,-4.88786521938106));
#6561=CARTESIAN_POINT('',(-91.2196929267199,187.87771726795,-2.53820562046997));
#6562=CARTESIAN_POINT('Ctrl Pts',(-90.4196929267198,187.87771726795,-2.56412327261552));
#6563=CARTESIAN_POINT('Ctrl Pts',(-90.8122111449983,187.87771726795,-2.32022433886685));
#6564=CARTESIAN_POINT('Ctrl Pts',(-91.2196929267199,187.87771726795,-2.53820562046997));
#6565=CARTESIAN_POINT('',(-93.8096929267198,187.87771726795,-4.03354281767129));
#6566=CARTESIAN_POINT('',(-82.8320690127078,187.877717259996,2.30439129496211));
#6567=CARTESIAN_POINT('Ctrl Pts',(-93.8096929267198,187.87771726795,-4.03354281767129));
#6568=CARTESIAN_POINT('Ctrl Pts',(-94.2171748902548,187.87771726795,-4.25152419653489));
#6569=CARTESIAN_POINT('Ctrl Pts',(-94.2321382818992,187.87771726795,-4.71340462375402));
#6570=CARTESIAN_POINT('Ctrl Pts',(-94.2325580009825,187.87771726795,-4.72636024465424));
#6571=CARTESIAN_POINT('Ctrl Pts',(-94.2325579897151,187.87771726795,-4.73932266252358));
#6572=CARTESIAN_POINT('Origin',(-85.8790000000046,187.677717259996,-15.1164545100006));
#6573=CARTESIAN_POINT('Origin',(-85.8790000000047,125.377717259996,-9.45859013373184));
#6574=CARTESIAN_POINT('',(-57.322650813901,127.377717259996,19.0977590523728));
#6575=CARTESIAN_POINT('',(-78.5934660940721,127.377717259996,-2.17305622779906));
#6576=CARTESIAN_POINT('',(-57.322650813901,125.377717259996,19.0977590523728));
#6577=CARTESIAN_POINT('Origin',(-93.4321382718841,185.125517281863,-7.6491673202214));
#6578=CARTESIAN_POINT('',(-94.1321382718843,184.87771726795,-7.62972908111232));
#6579=CARTESIAN_POINT('',(-93.7989722807575,184.87771726795,-8.24566598331606));
#6580=CARTESIAN_POINT('Origin',(-93.4321382718841,184.87771726795,-7.64916732022137));
#6581=CARTESIAN_POINT('',(-93.7989722807576,185.373317295777,-8.24566598331609));
#6582=CARTESIAN_POINT('',(-93.7989722807576,185.373317295777,-8.24566598331609));
#6583=CARTESIAN_POINT('',(-94.1321382718843,185.373317295777,-7.62972908111232));
#6584=CARTESIAN_POINT('Origin',(-93.4321382718841,185.373317295777,-7.64916732022137));
#6585=CARTESIAN_POINT('',(-94.1321382718843,185.373317295777,-7.62972908111232));
#6586=CARTESIAN_POINT('Origin',(-93.7989722807575,184.87771726795,-8.24566598331606));
#6587=CARTESIAN_POINT('',(-91.258972277929,184.87771726795,-9.71213566869052));
#6588=CARTESIAN_POINT('',(-93.7989722807575,184.87771726795,-8.24566598331606));
#6589=CARTESIAN_POINT('',(-91.2589722779291,185.373317295777,-9.71213566869055));
#6590=CARTESIAN_POINT('',(-91.2589722779291,185.373317295777,-9.71213566869055));
#6591=CARTESIAN_POINT('',(-93.7989722807576,185.373317295777,-8.24566598331609));
#6592=CARTESIAN_POINT('Origin',(-93.7989722807576,185.373317295777,-8.24566598331609));
#6593=CARTESIAN_POINT('',(-93.6321382718842,185.673317295777,-7.99557748173536));
#6594=CARTESIAN_POINT('',(-93.6321382718842,185.673317295777,-7.99557748173536));
#6595=CARTESIAN_POINT('',(-91.0921382690557,185.673317295777,-9.46204716710982));
#6596=CARTESIAN_POINT('',(-91.0921382690557,185.673317295777,-9.46204716710982));
#6597=CARTESIAN_POINT('',(-93.0055552756137,185.673317295777,-8.35733534330153));
#6598=CARTESIAN_POINT('Origin',(-90.8921382690556,185.125517281863,-9.11563700559585));
#6599=CARTESIAN_POINT('',(-90.5589722779289,184.87771726795,-9.73157390779964));
#6600=CARTESIAN_POINT('Origin',(-90.8921382690556,184.87771726795,-9.11563700559585));
#6601=CARTESIAN_POINT('',(-90.5589722779289,185.373317295776,-9.73157390779967));
#6602=CARTESIAN_POINT('',(-90.5589722779289,185.373317295776,-9.73157390779967));
#6603=CARTESIAN_POINT('Origin',(-90.8921382690556,185.373317295777,-9.11563700559585));
#6604=CARTESIAN_POINT('Ctrl Pts',(-91.2589722779291,185.373317295777,-9.71213566869055));
#6605=CARTESIAN_POINT('Ctrl Pts',(-90.9145836142201,185.373317295777,-9.92392738246155));
#6606=CARTESIAN_POINT('Ctrl Pts',(-90.5589722779289,185.373317295777,-9.73157390779967));
#6607=CARTESIAN_POINT('Ctrl Pts',(-91.0921382690557,185.673317295777,-9.46204716710982));
#6608=CARTESIAN_POINT('Ctrl Pts',(-90.8921382690556,185.673317295777,-9.57751722094782));
#6609=CARTESIAN_POINT('Ctrl Pts',(-90.6921382690555,185.673317295777,-9.4620471671098));
#6610=CARTESIAN_POINT('',(-90.6921382690555,185.673317295777,-9.4620471671098));
#6611=CARTESIAN_POINT('',(-90.6921382690555,185.673317295777,-9.4620471671098));
#6612=CARTESIAN_POINT('Origin',(-90.8921382690556,185.673317295777,-9.11563700559585));
#6613=CARTESIAN_POINT('Origin',(-90.5589722779289,184.87771726795,-9.73157390779964));
#6614=CARTESIAN_POINT('',(-88.0389722807574,184.87771726795,-8.27665123107458));
#6615=CARTESIAN_POINT('',(-90.5589722779289,184.87771726795,-9.73157390779964));
#6616=CARTESIAN_POINT('',(-88.0389722807574,185.373317295776,-8.27665123107465));
#6617=CARTESIAN_POINT('',(-88.0389722807574,185.373317295776,-8.27665123107465));
#6618=CARTESIAN_POINT('',(-90.5589722779289,185.373317295776,-9.73157390779967));
#6619=CARTESIAN_POINT('Origin',(-90.5589722779289,185.373317295776,-9.73157390779967));
#6620=CARTESIAN_POINT('',(-88.172138271884,185.673317295776,-8.0071244903848));
#6621=CARTESIAN_POINT('',(-88.172138271884,185.673317295776,-8.0071244903848));
#6622=CARTESIAN_POINT('',(-89.3205552749066,185.673317295777,-8.67016335622161));
#6623=CARTESIAN_POINT('Origin',(-88.3721382718842,185.125517281863,-7.66071432887083));
#6624=CARTESIAN_POINT('',(-87.672138271884,184.87771726795,-7.68015256797995));
#6625=CARTESIAN_POINT('Origin',(-88.3721382718842,184.87771726795,-7.66071432887083));
#6626=CARTESIAN_POINT('',(-87.672138271884,185.373317295776,-7.68015256797995));
#6627=CARTESIAN_POINT('',(-87.672138271884,185.373317295776,-7.68015256797995));
#6628=CARTESIAN_POINT('Origin',(-88.3721382718842,185.373317295776,-7.66071432887083));
#6629=CARTESIAN_POINT('Ctrl Pts',(-88.0389722807574,185.373317295776,-8.27665123107465));
#6630=CARTESIAN_POINT('Ctrl Pts',(-87.6833609444662,185.373317295776,-8.08429775641276));
#6631=CARTESIAN_POINT('Ctrl Pts',(-87.672138271884,185.373317295776,-7.68015256797995));
#6632=CARTESIAN_POINT('Ctrl Pts',(-88.172138271884,185.673317295776,-8.0071244903848));
#6633=CARTESIAN_POINT('Ctrl Pts',(-87.9721382718839,185.673317295776,-7.89165443654674));
#6634=CARTESIAN_POINT('Ctrl Pts',(-87.9721382718839,185.673317295776,-7.66071432887081));
#6635=CARTESIAN_POINT('',(-87.9721382718839,185.673317295776,-7.66071432887081));
#6636=CARTESIAN_POINT('',(-87.9721382718839,185.673317295776,-7.66071432887081));
#6637=CARTESIAN_POINT('Origin',(-88.3721382718842,185.673317295776,-7.66071432887083));
#6638=CARTESIAN_POINT('Origin',(-87.672138271884,184.87771726795,-7.68015256797995));
#6639=CARTESIAN_POINT('',(-87.6721382718843,184.87771726795,-4.68947817357758));
#6640=CARTESIAN_POINT('',(-87.672138271884,184.87771726795,-7.68015256797995));
#6641=CARTESIAN_POINT('',(-87.6721382718843,185.373317295776,-4.68947817357758));
#6642=CARTESIAN_POINT('',(-87.6721382718843,185.373317295776,-4.68947817357758));
#6643=CARTESIAN_POINT('',(-87.672138271884,185.373317295776,-7.68015256797995));
#6644=CARTESIAN_POINT('Origin',(-87.672138271884,185.373317295776,-7.68015256797995));
#6645=CARTESIAN_POINT('',(-87.9721382718842,185.673317295776,-4.67003993446841));
#6646=CARTESIAN_POINT('',(-87.9721382718842,185.673317295776,-4.67003993446841));
#6647=CARTESIAN_POINT('',(-87.9721382718843,185.673317295777,-6.07117320277016));
#6648=CARTESIAN_POINT('Origin',(-88.3721382718844,185.125517281863,-4.67003993446847));
#6649=CARTESIAN_POINT('',(-88.0053042630109,184.87771726795,-4.07354127137392));
#6650=CARTESIAN_POINT('Origin',(-88.3721382718844,184.87771726795,-4.67003993446847));
#6651=CARTESIAN_POINT('',(-88.0053042630109,185.373317295776,-4.07354127137388));
#6652=CARTESIAN_POINT('',(-88.0053042630109,185.373317295776,-4.07354127137385));
#6653=CARTESIAN_POINT('Origin',(-88.3721382718844,185.373317295776,-4.67003993446847));
#6654=CARTESIAN_POINT('Ctrl Pts',(-87.6721382718843,185.373317295776,-4.68947817357758));
#6655=CARTESIAN_POINT('Ctrl Pts',(-87.660915599302,185.373317295776,-4.28533298514484));
#6656=CARTESIAN_POINT('Ctrl Pts',(-88.0053042630109,185.373317295776,-4.07354127137388));
#6657=CARTESIAN_POINT('Ctrl Pts',(-87.9721382718842,185.673317295776,-4.67003993446841));
#6658=CARTESIAN_POINT('Ctrl Pts',(-87.9721382718843,185.673317295776,-4.43909982679251));
#6659=CARTESIAN_POINT('Ctrl Pts',(-88.1721382718843,185.673317295776,-4.32362977295456));
#6660=CARTESIAN_POINT('',(-88.1721382718843,185.673317295776,-4.32362977295456));
#6661=CARTESIAN_POINT('',(-88.1721382718843,185.673317295776,-4.32362977295456));
#6662=CARTESIAN_POINT('Origin',(-88.3721382718844,185.673317295776,-4.67003993446847));
#6663=CARTESIAN_POINT('Origin',(-88.0053042630109,184.87771726795,-4.07354127137392));
#6664=CARTESIAN_POINT('',(-90.475304263011,184.87771726795,-2.64748610647576));
#6665=CARTESIAN_POINT('',(-88.0053042630109,184.87771726795,-4.07354127137392));
#6666=CARTESIAN_POINT('',(-90.4753042630109,185.373317295776,-2.64748610647572));
#6667=CARTESIAN_POINT('',(-90.4753042630109,185.373317295776,-2.64748610647572));
#6668=CARTESIAN_POINT('',(-88.0053042630109,185.373317295776,-4.07354127137388));
#6669=CARTESIAN_POINT('Origin',(-88.0053042630109,185.373317295776,-4.07354127137388));
#6670=CARTESIAN_POINT('',(-90.6421382718843,185.673317295776,-2.89757460805642));
#6671=CARTESIAN_POINT('',(-90.6421382718843,185.673317295776,-2.89757460805642));
#6672=CARTESIAN_POINT('',(-89.5187212674477,185.673317295777,-3.54617971798023));
#6673=CARTESIAN_POINT('Origin',(-90.8421382718844,185.125517281863,-3.24398476957032));
#6674=CARTESIAN_POINT('',(-91.175304263011,184.87771726795,-2.62804786736661));
#6675=CARTESIAN_POINT('Origin',(-90.8421382718844,184.87771726795,-3.24398476957032));
#6676=CARTESIAN_POINT('',(-91.175304263011,185.373317295776,-2.62804786736657));
#6677=CARTESIAN_POINT('',(-91.175304263011,185.373317295776,-2.62804786736657));
#6678=CARTESIAN_POINT('Origin',(-90.8421382718844,185.373317295776,-3.24398476957032));
#6679=CARTESIAN_POINT('Ctrl Pts',(-90.4753042630109,185.373317295776,-2.64748610647572));
#6680=CARTESIAN_POINT('Ctrl Pts',(-90.8196929267199,185.373317295776,-2.43569439270473));
#6681=CARTESIAN_POINT('Ctrl Pts',(-91.175304263011,185.373317295776,-2.62804786736657));
#6682=CARTESIAN_POINT('Ctrl Pts',(-90.6421382718843,185.673317295776,-2.89757460805642));
#6683=CARTESIAN_POINT('Ctrl Pts',(-90.8421382718844,185.673317295776,-2.78210455421846));
#6684=CARTESIAN_POINT('Ctrl Pts',(-91.0421382718845,185.673317295776,-2.89757460805648));
#6685=CARTESIAN_POINT('',(-91.0421382718845,185.673317295776,-2.89757460805648));
#6686=CARTESIAN_POINT('',(-91.0421382718845,185.673317295776,-2.89757460805648));
#6687=CARTESIAN_POINT('Origin',(-90.8421382718844,185.673317295776,-3.24398476957032));
#6688=CARTESIAN_POINT('Origin',(-91.175304263011,184.87771726795,-2.62804786736661));
#6689=CARTESIAN_POINT('',(-93.7653042630109,184.87771726795,-4.12338506456793));
#6690=CARTESIAN_POINT('',(-91.175304263011,184.87771726795,-2.62804786736661));
#6691=CARTESIAN_POINT('',(-93.765304263011,185.373317295777,-4.12338506456789));
#6692=CARTESIAN_POINT('',(-93.765304263011,185.373317295777,-4.12338506456789));
#6693=CARTESIAN_POINT('',(-91.175304263011,185.373317295776,-2.62804786736657));
#6694=CARTESIAN_POINT('Origin',(-91.175304263011,185.373317295776,-2.62804786736657));
#6695=CARTESIAN_POINT('',(-93.6321382718844,185.673317295777,-4.3929118052578));
#6696=CARTESIAN_POINT('',(-93.6321382718844,185.673317295777,-4.3929118052578));
#6697=CARTESIAN_POINT('',(-92.4187212674477,185.673317295777,-3.69234517110703));
#6698=CARTESIAN_POINT('Ctrl Pts',(-93.765304263011,185.373317295777,-4.12338506456789));
#6699=CARTESIAN_POINT('Ctrl Pts',(-94.1209157579716,185.373317295777,-4.31573862505543));
#6700=CARTESIAN_POINT('Ctrl Pts',(-94.1321382793956,185.373317295777,-4.71988399814942));
#6701=CARTESIAN_POINT('Ctrl Pts',(-94.1433608008195,185.373317295777,-5.12402937124341));
#6702=CARTESIAN_POINT('Ctrl Pts',(-93.7989718197717,185.373317295777,-5.33582091336276));
#6703=CARTESIAN_POINT('Ctrl Pts',(-93.454582838724,185.373317295777,-5.54761245548207));
#6704=CARTESIAN_POINT('Ctrl Pts',(-93.0989715667455,185.373317295776,-5.35525848275917));
#6705=CARTESIAN_POINT('Ctrl Pts',(-93.6321382718844,185.673317295777,-4.3929118052578));
#6706=CARTESIAN_POINT('Ctrl Pts',(-93.832138361122,185.673317295777,-4.50838191061704));
#6707=CARTESIAN_POINT('Ctrl Pts',(-93.8321382718845,185.673317295777,-4.73932212133564));
#6708=CARTESIAN_POINT('Ctrl Pts',(-93.8321381826469,185.673317295777,-4.97026233205423));
#6709=CARTESIAN_POINT('Ctrl Pts',(-93.6321380041718,185.673317295777,-5.08573228284947));
#6710=CARTESIAN_POINT('Ctrl Pts',(-93.4321378256966,185.673317295777,-5.20120223364472));
#6711=CARTESIAN_POINT('Ctrl Pts',(-93.2321378703155,185.673317295777,-5.08573189643943));
#6712=CARTESIAN_POINT('',(-94.132408109261,185.373317295777,-4.73932260447766));
#6713=CARTESIAN_POINT('',(-93.8321382718843,185.673317295777,-4.73932243044414));
#6714=CARTESIAN_POINT('Ctrl Pts',(-94.132408109261,185.373317295777,-4.73932260448587));
#6715=CARTESIAN_POINT('Ctrl Pts',(-94.0832489137046,185.422407115841,-4.73932257599367));
#6716=CARTESIAN_POINT('Ctrl Pts',(-94.0315960303571,185.473994165332,-4.73932254605616));
#6717=CARTESIAN_POINT('Ctrl Pts',(-93.9338811551416,185.571612535046,-4.73932248942154));
#6718=CARTESIAN_POINT('Ctrl Pts',(-93.8810130695637,185.624442498097,-4.7393224587797));
#6719=CARTESIAN_POINT('Ctrl Pts',(-93.8321382718843,185.673317295777,-4.73932243045232));
#6720=CARTESIAN_POINT('Origin',(-93.4321382718844,185.673317295777,-4.73932196677172));
#6721=CARTESIAN_POINT('Origin',(-93.4321382718844,185.373317295776,-4.73932196677172));
#6722=CARTESIAN_POINT('Origin',(-93.4321382718844,185.125517281863,-4.73932196677172));
#6723=CARTESIAN_POINT('',(-94.1321382718842,184.87771726795,-4.75876020589036));
#6724=CARTESIAN_POINT('Origin',(-93.4321382718844,184.87771726795,-4.73932196677172));
#6725=CARTESIAN_POINT('',(-94.1321382718829,185.373586752421,-4.75876020598657));
#6726=CARTESIAN_POINT('',(-94.1321382718842,185.125517281863,-4.75876020589036));
#6727=CARTESIAN_POINT('Origin',(-93.6175941844054,185.887404930876,-4.74189305357212));
#6728=CARTESIAN_POINT('Origin',(-90.8821382718842,184.87771726795,-6.16537713166986));
#6729=CARTESIAN_POINT('',(-94.1321382718842,184.87771726795,-5.85635893520253));
#6730=CARTESIAN_POINT('Ctrl Pts',(-94.2917443677989,185.214226037121,-4.73932269682745));
#6731=CARTESIAN_POINT('Ctrl Pts',(-94.291744367799,185.214226037121,-12.9544188761207));
#6732=CARTESIAN_POINT('Ctrl Pts',(-94.2345486563906,185.271327915312,-4.73932266367735));
#6733=CARTESIAN_POINT('Ctrl Pts',(-94.2345486563908,185.271327915312,-12.9544188429706));
#6734=CARTESIAN_POINT('Ctrl Pts',(-94.1810446597709,185.324749383181,-4.73932263266695));
#6735=CARTESIAN_POINT('Ctrl Pts',(-94.181044659771,185.324749383181,-12.9544188119602));
#6736=CARTESIAN_POINT('Ctrl Pts',(-94.132408109261,185.373317295777,-4.73932260447766));
#6737=CARTESIAN_POINT('Ctrl Pts',(-94.1324081092611,185.373317295777,-12.9544187837709));
#6738=CARTESIAN_POINT('Ctrl Pts',(-94.0832489137046,185.422407115841,-4.73932257598547));
#6739=CARTESIAN_POINT('Ctrl Pts',(-94.0832489137047,185.422407115841,-12.9544187552787));
#6740=CARTESIAN_POINT('Ctrl Pts',(-94.0315960303571,185.473994165332,-4.73932254604795));
#6741=CARTESIAN_POINT('Ctrl Pts',(-94.0315960303572,185.473994165332,-12.9544187253412));
#6742=CARTESIAN_POINT('Ctrl Pts',(-93.9338811551416,185.571612535046,-4.73932248941333));
#6743=CARTESIAN_POINT('Ctrl Pts',(-93.9338811551417,185.571612535046,-12.9544186687066));
#6744=CARTESIAN_POINT('Ctrl Pts',(-93.8810130695637,185.624442498097,-4.73932245877149));
#6745=CARTESIAN_POINT('Ctrl Pts',(-93.8810130695638,185.624442498097,-12.9544186380648));
#6746=CARTESIAN_POINT('Ctrl Pts',(-93.8321382718843,185.673317295777,-4.73932243044414));
#6747=CARTESIAN_POINT('Ctrl Pts',(-93.8321382718844,185.673317295777,-12.9544186097374));
#6748=CARTESIAN_POINT('Ctrl Pts',(-93.7939171778264,185.711538389834,-4.73932240829155));
#6749=CARTESIAN_POINT('Ctrl Pts',(-93.7939171778265,185.711538389834,-12.9544185875848));
#6750=CARTESIAN_POINT('Ctrl Pts',(-93.7484681726073,185.757007157689,-4.73932238194974));
#6751=CARTESIAN_POINT('Ctrl Pts',(-93.7484681726075,185.757007157689,-12.954418561243));
#6752=CARTESIAN_POINT('Ctrl Pts',(-93.7052498265908,185.800329761311,-4.7393223569008));
#6753=CARTESIAN_POINT('Ctrl Pts',(-93.7052498265909,185.800329761311,-12.954418536194));
#6754=CARTESIAN_POINT('',(-94.1321382718843,185.373586752419,-7.64916732022032));
#6755=CARTESIAN_POINT('',(-94.1321382718843,185.373586752419,-7.64916732022032));
#6756=CARTESIAN_POINT('',(-93.8321382719642,185.67331729567,-7.64916723396558));
#6757=CARTESIAN_POINT('Ctrl Pts',(-94.1321382718583,185.373586752444,-7.64916732022852));
#6758=CARTESIAN_POINT('Ctrl Pts',(-94.0830599218449,185.422595866869,-7.64916729178315));
#6759=CARTESIAN_POINT('Ctrl Pts',(-94.0315056543309,185.474084452101,-7.64916726190281));
#6760=CARTESIAN_POINT('Ctrl Pts',(-93.933881155247,185.571612534941,-7.64916720532058));
#6761=CARTESIAN_POINT('Ctrl Pts',(-93.8810130697942,185.624442497867,-7.64916717467875));
#6762=CARTESIAN_POINT('Ctrl Pts',(-93.832138272204,185.673317295457,-7.64916714635136));
#6763=CARTESIAN_POINT('',(-93.8321382718843,185.673317295777,-4.73932243044414));
#6764=CARTESIAN_POINT('Origin',(-94.1321382718842,184.87771726795,-5.85635893520253));
#6765=CARTESIAN_POINT('Ctrl Pts',(-94.1321382718843,185.373586752419,-7.64916732022032));
#6766=CARTESIAN_POINT('Ctrl Pts',(-94.1321382718843,185.373586752419,-7.64268618163632));
#6767=CARTESIAN_POINT('Ctrl Pts',(-94.1321382718843,185.373496868314,-7.63620739141553));
#6768=CARTESIAN_POINT('Ctrl Pts',(-94.1321382718843,185.373317295777,-7.62972908111232));
#6769=CARTESIAN_POINT('Ctrl Pts',(-94.2468015540576,185.258654013603,-7.62229957345925));
#6770=CARTESIAN_POINT('Ctrl Pts',(-94.2736693008197,185.258654013603,-8.43696285563276));
#6771=CARTESIAN_POINT('Ctrl Pts',(-93.4590060186462,185.258654013603,-8.46383060239489));
#6772=CARTESIAN_POINT('Ctrl Pts',(-92.6443427364727,185.258654013603,-8.49069834915701));
#6773=CARTESIAN_POINT('Ctrl Pts',(-92.6174749897106,185.258654013603,-7.67603506698352));
#6774=CARTESIAN_POINT('Ctrl Pts',(-92.5906072429484,185.258654013603,-6.86137178481003));
#6775=CARTESIAN_POINT('Ctrl Pts',(-93.4052705251219,185.258654013603,-6.83450403804787));
#6776=CARTESIAN_POINT('Ctrl Pts',(-94.2199338072954,185.258654013603,-6.80763629128576));
#6777=CARTESIAN_POINT('Ctrl Pts',(-94.2468015540576,185.258654013603,-7.62229957345925));
#6778=CARTESIAN_POINT('Ctrl Pts',(-93.7670145389906,185.73844102867,-7.6533869558603));
#6779=CARTESIAN_POINT('Ctrl Pts',(-93.7627949033517,185.73844102867,-7.98826322296682));
#6780=CARTESIAN_POINT('Ctrl Pts',(-93.4279186362452,185.73844102867,-7.98404358732789));
#6781=CARTESIAN_POINT('Ctrl Pts',(-93.0930423691387,185.73844102867,-7.97982395168901));
#6782=CARTESIAN_POINT('Ctrl Pts',(-93.0972620047776,185.73844102867,-7.64494768458249));
#6783=CARTESIAN_POINT('Ctrl Pts',(-93.1014816404164,185.73844102867,-7.31007141747597));
#6784=CARTESIAN_POINT('Ctrl Pts',(-93.436357907523,185.73844102867,-7.31429105311488));
#6785=CARTESIAN_POINT('Ctrl Pts',(-93.7712341746295,185.73844102867,-7.31851068875377));
#6786=CARTESIAN_POINT('Ctrl Pts',(-93.7670145389906,185.73844102867,-7.6533869558603));
#6787=CARTESIAN_POINT('Origin',(-93.4321382718841,185.673317295777,-7.64916732022137));
#6788=CARTESIAN_POINT('Origin',(-87.9721382718843,189.17771726795,-4.46219383756029));
#6789=CARTESIAN_POINT('',(-87.9721382718839,187.47771726795,-7.66071432887079));
#6790=CARTESIAN_POINT('',(-87.9721382718841,189.17771726795,-7.66071432887079));
#6791=CARTESIAN_POINT('',(-87.9721382718842,187.47771726795,-4.6700399344684));
#6792=CARTESIAN_POINT('',(-87.9721382718843,185.87771726795,-4.67003993446841));
#6793=CARTESIAN_POINT('',(-87.9721382718843,187.47771726795,-6.06145408321551));
#6794=CARTESIAN_POINT('Origin',(-88.3721382718841,189.17771726795,-7.66071432887085));
#6795=CARTESIAN_POINT('',(-88.172138271884,187.47771726795,-8.00712449038478));
#6796=CARTESIAN_POINT('',(-88.1721382718841,189.17771726795,-8.00712449038457));
#6797=CARTESIAN_POINT('Origin',(-88.3721382718842,187.47771726795,-7.66071432887081));
#6798=CARTESIAN_POINT('Origin',(-87.9321382718841,189.17771726795,-7.86856042577904));
#6799=CARTESIAN_POINT('',(-90.6921382690555,187.47771726795,-9.46204716710978));
#6800=CARTESIAN_POINT('',(-90.6921382690556,187.67771726795,-9.46204716710961));
#6801=CARTESIAN_POINT('',(-89.3121382704699,187.47771726795,-8.66530379644432));
#6802=CARTESIAN_POINT('Origin',(-90.8921382690556,187.67771726795,-9.11563700559583));
#6803=CARTESIAN_POINT('',(-91.0921382690557,187.47771726795,-9.46204716710984));
#6804=CARTESIAN_POINT('',(-91.0921382690556,187.67771726795,-9.46204716710962));
#6805=CARTESIAN_POINT('Origin',(-90.8921382690556,187.47771726795,-9.11563700559583));
#6806=CARTESIAN_POINT('Origin',(-92.3621382704699,186.17771726795,-8.72881232442239));
#6807=CARTESIAN_POINT('',(-93.6321382718842,187.47771726795,-7.99557748173534));
#6808=CARTESIAN_POINT('',(-93.6321382718841,187.67771726795,-7.99557748173516));
#6809=CARTESIAN_POINT('',(-92.997138271177,187.47771726795,-8.36219490307881));
#6810=CARTESIAN_POINT('Origin',(-93.4321382718841,187.67771726795,-7.64916732022138));
#6811=CARTESIAN_POINT('',(-93.8321382723583,187.477717268424,-7.6491673202214));
#6812=CARTESIAN_POINT('',(-93.8321382718841,187.67771726795,-7.6491673202214));
#6813=CARTESIAN_POINT('Origin',(-93.4321382718841,187.47771726795,-7.64916732022138));
#6814=CARTESIAN_POINT('Origin',(-93.8321382718843,186.47771726795,-6.10382351539709));
#6815=CARTESIAN_POINT('',(-93.8321382718842,187.47771726795,-4.73932243044413));
#6816=CARTESIAN_POINT('',(-93.8321382718841,189.17771726795,-4.73932243044413));
#6817=CARTESIAN_POINT('',(-93.8321382718842,187.47771726795,-4.73932243044413));
#6818=CARTESIAN_POINT('Ctrl Pts',(-93.6985845903008,187.344022730888,-4.73932235303767));
#6819=CARTESIAN_POINT('Ctrl Pts',(-93.6985845903009,187.344022730888,-12.9544185323227));
#6820=CARTESIAN_POINT('Ctrl Pts',(-93.7454180165474,187.39097989922,-4.7393223801819));
#6821=CARTESIAN_POINT('Ctrl Pts',(-93.7454180165476,187.39097989922,-12.9544185594669));
#6822=CARTESIAN_POINT('Ctrl Pts',(-93.7939171778264,187.439496173892,-4.73932240829154));
#6823=CARTESIAN_POINT('Ctrl Pts',(-93.7939171778265,187.439496173892,-12.9544185875766));
#6824=CARTESIAN_POINT('Ctrl Pts',(-93.8321382718842,187.47771726795,-4.73932243044413));
#6825=CARTESIAN_POINT('Ctrl Pts',(-93.8321382718844,187.47771726795,-12.9544186097292));
#6826=CARTESIAN_POINT('Ctrl Pts',(-93.8964534145241,187.54203241059,-4.73932246772055));
#6827=CARTESIAN_POINT('Ctrl Pts',(-93.8964534145242,187.54203241059,-12.9544186470056));
#6828=CARTESIAN_POINT('Ctrl Pts',(-93.9695935291849,187.615105602092,-4.73932251014269));
#6829=CARTESIAN_POINT('Ctrl Pts',(-93.9695935291851,187.615105602092,-12.9544186894277));
#6830=CARTESIAN_POINT('Ctrl Pts',(-94.0977923174161,187.74315508878,-4.73932258444549));
#6831=CARTESIAN_POINT('Ctrl Pts',(-94.0977923174162,187.74315508878,-12.9544187637305));
#6832=CARTESIAN_POINT('Ctrl Pts',(-94.1676071898412,187.812868518398,-4.73932262487871));
#6833=CARTESIAN_POINT('Ctrl Pts',(-94.1676071898413,187.812868518398,-12.9544188041638));
#6834=CARTESIAN_POINT('Ctrl Pts',(-94.2325579897152,187.87771726795,-4.73932266252358));
#6835=CARTESIAN_POINT('Ctrl Pts',(-94.2325579897153,187.87771726795,-12.9544188418086));
#6836=CARTESIAN_POINT('Ctrl Pts',(-94.2844212562148,187.929499047185,-4.73932269258304));
#6837=CARTESIAN_POINT('Ctrl Pts',(-94.2844212562149,187.929499047185,-12.9544188718681));
#6838=CARTESIAN_POINT('Ctrl Pts',(-94.3383490625353,187.983336840442,-4.73932272383907));
#6839=CARTESIAN_POINT('Ctrl Pts',(-94.3383490625354,187.983336840442,-12.9544189031241));
#6840=CARTESIAN_POINT('Ctrl Pts',(-94.3922250895223,188.037119647331,-4.73932275506511));
#6841=CARTESIAN_POINT('Ctrl Pts',(-94.3922250895224,188.037119647331,-12.9544189343502));
#6842=CARTESIAN_POINT('Ctrl Pts',(-93.8321382737805,187.477717269846,-7.6491673202214));
#6843=CARTESIAN_POINT('Ctrl Pts',(-93.8964534159618,187.542032412026,-7.64916735749786));
#6844=CARTESIAN_POINT('Ctrl Pts',(-93.9695935298011,187.615105602707,-7.64916739991996));
#6845=CARTESIAN_POINT('Ctrl Pts',(-94.0977923174115,187.743155088775,-7.64916747422276));
#6846=CARTESIAN_POINT('Ctrl Pts',(-94.1676071898313,187.812868518388,-7.64916751465599));
#6847=CARTESIAN_POINT('Ctrl Pts',(-94.2325579897012,187.877717267936,-7.64916755230086));
#6848=CARTESIAN_POINT('Ctrl Pts',(-93.8321382718842,187.47771726795,-4.73932243044413));
#6849=CARTESIAN_POINT('Ctrl Pts',(-93.8964534145241,187.54203241059,-4.73932246772055));
#6850=CARTESIAN_POINT('Ctrl Pts',(-93.9695935291849,187.615105602092,-4.73932251014269));
#6851=CARTESIAN_POINT('Ctrl Pts',(-94.0977923174161,187.74315508878,-4.73932258444549));
#6852=CARTESIAN_POINT('Ctrl Pts',(-94.1676071898412,187.812868518398,-4.73932262487871));
#6853=CARTESIAN_POINT('Ctrl Pts',(-94.2325579897152,187.87771726795,-4.73932266252358));
#6854=CARTESIAN_POINT('Ctrl Pts',(-93.6321382718844,187.47771726795,-4.39291180525778));
#6855=CARTESIAN_POINT('Ctrl Pts',(-93.832138361122,187.47771726795,-4.50838191061706));
#6856=CARTESIAN_POINT('Ctrl Pts',(-93.8321382718845,187.47771726795,-4.73932212133565));
#6857=CARTESIAN_POINT('Ctrl Pts',(-93.8321381826469,187.47771726795,-4.97026233205421));
#6858=CARTESIAN_POINT('Ctrl Pts',(-93.6321380041717,187.47771726795,-5.08573228284948));
#6859=CARTESIAN_POINT('Ctrl Pts',(-93.4321378256966,187.47771726795,-5.2012022336447));
#6860=CARTESIAN_POINT('Ctrl Pts',(-93.2321378703155,187.47771726795,-5.08573189643945));
#6861=CARTESIAN_POINT('Ctrl Pts',(-93.8096929267198,187.87771726795,-4.03354281767129));
#6862=CARTESIAN_POINT('Ctrl Pts',(-94.2171748902548,187.87771726795,-4.25152419653489));
#6863=CARTESIAN_POINT('Ctrl Pts',(-94.2321382818992,187.87771726795,-4.71340462375402));
#6864=CARTESIAN_POINT('Ctrl Pts',(-94.2471016735436,187.87771726795,-5.1752850509731));
#6865=CARTESIAN_POINT('Ctrl Pts',(-93.8545830916384,187.87771726795,-5.41918379020046));
#6866=CARTESIAN_POINT('Ctrl Pts',(-93.4620645097331,187.87771726795,-5.66308252942777));
#6867=CARTESIAN_POINT('Ctrl Pts',(-93.0545827988889,187.87771726795,-5.44510067819905));
#6868=CARTESIAN_POINT('',(-93.6321382718844,187.47771726795,-4.39291180525778));
#6869=CARTESIAN_POINT('',(-93.8096929267198,187.87771726795,-4.03354281767129));
#6870=CARTESIAN_POINT('Origin',(-93.4321382718844,187.47771726795,-4.7393219667717));
#6871=CARTESIAN_POINT('Origin',(-91.0421382718845,187.47771726795,-2.89757460805649));
#6872=CARTESIAN_POINT('',(-91.0421382718845,187.47771726795,-2.89757460805649));
#6873=CARTESIAN_POINT('',(-91.2196929267199,187.87771726795,-2.53820562046997));
#6874=CARTESIAN_POINT('',(-92.4271382718844,187.47771726795,-3.69720473088432));
#6875=CARTESIAN_POINT('Ctrl Pts',(-90.6421382718843,187.47771726795,-2.89757460805641));
#6876=CARTESIAN_POINT('Ctrl Pts',(-90.8421382718844,187.47771726795,-2.78210455421847));
#6877=CARTESIAN_POINT('Ctrl Pts',(-91.0421382718845,187.47771726795,-2.89757460805649));
#6878=CARTESIAN_POINT('Ctrl Pts',(-90.4196929267198,187.87771726795,-2.56412327261552));
#6879=CARTESIAN_POINT('Ctrl Pts',(-90.8122111449983,187.87771726795,-2.32022433886685));
#6880=CARTESIAN_POINT('Ctrl Pts',(-91.2196929267199,187.87771726795,-2.53820562046997));
#6881=CARTESIAN_POINT('',(-90.6421382718843,187.47771726795,-2.89757460805641));
#6882=CARTESIAN_POINT('',(-90.4196929267198,187.87771726795,-2.56412327261552));
#6883=CARTESIAN_POINT('Origin',(-90.8421382718844,187.47771726795,-3.24398476957034));
#6884=CARTESIAN_POINT('Origin',(-88.1721382718843,187.47771726795,-4.32362977295458));
#6885=CARTESIAN_POINT('',(-88.1721382718843,187.47771726795,-4.32362977295458));
#6886=CARTESIAN_POINT('',(-87.9496929267198,187.87771726795,-3.99017843751365));
#6887=CARTESIAN_POINT('',(-89.5271382718844,187.47771726795,-3.54132015820291));
#6888=CARTESIAN_POINT('Ctrl Pts',(-87.9721382718842,187.47771726795,-4.6700399344684));
#6889=CARTESIAN_POINT('Ctrl Pts',(-87.9721382718842,187.47771726795,-4.43909982679253));
#6890=CARTESIAN_POINT('Ctrl Pts',(-88.1721382718843,187.47771726795,-4.32362977295458));
#6891=CARTESIAN_POINT('Ctrl Pts',(-87.5721382718843,187.87771726795,-4.69595758661397));
#6892=CARTESIAN_POINT('Ctrl Pts',(-87.5571747084413,187.87771726795,-4.23407737126231));
#6893=CARTESIAN_POINT('Ctrl Pts',(-87.9496929267198,187.87771726795,-3.99017843751365));
#6894=CARTESIAN_POINT('',(-87.5721382718843,187.87771726795,-4.69595758661397));
#6895=CARTESIAN_POINT('Origin',(-88.3721382718844,187.47771726795,-4.67003993446845));
#6896=CARTESIAN_POINT('Origin',(-87.9721382718839,187.47771726795,-7.66071432887079));
#6897=CARTESIAN_POINT('',(-87.572138271884,187.87771726795,-7.68663198101633));
#6898=CARTESIAN_POINT('Ctrl Pts',(-88.172138271884,187.47771726795,-8.00712449038478));
#6899=CARTESIAN_POINT('Ctrl Pts',(-87.9721382718839,187.47771726795,-7.89165443654676));
#6900=CARTESIAN_POINT('Ctrl Pts',(-87.9721382718839,187.47771726795,-7.66071432887079));
#6901=CARTESIAN_POINT('Ctrl Pts',(-87.9945836170485,187.87771726795,-8.36649347797122));
#6902=CARTESIAN_POINT('Ctrl Pts',(-87.587101835327,187.87771726795,-8.14851219636809));
#6903=CARTESIAN_POINT('Ctrl Pts',(-87.572138271884,187.87771726795,-7.68663198101633));
#6904=CARTESIAN_POINT('',(-87.9945836170485,187.87771726795,-8.36649347797122));
#6905=CARTESIAN_POINT('Origin',(-90.6921382690555,187.47771726795,-9.46204716710978));
#6906=CARTESIAN_POINT('',(-90.51458361422,187.87771726795,-9.82141615469628));
#6907=CARTESIAN_POINT('Ctrl Pts',(-91.0921382690557,187.47771726795,-9.46204716710984));
#6908=CARTESIAN_POINT('Ctrl Pts',(-90.8921382690556,187.47771726795,-9.5775172209478));
#6909=CARTESIAN_POINT('Ctrl Pts',(-90.6921382690555,187.47771726795,-9.46204716710978));
#6910=CARTESIAN_POINT('Ctrl Pts',(-91.3145836142201,187.87771726795,-9.79549850255079));
#6911=CARTESIAN_POINT('Ctrl Pts',(-90.9220653959415,187.87771726795,-10.0393974362994));
#6912=CARTESIAN_POINT('Ctrl Pts',(-90.51458361422,187.87771726795,-9.82141615469628));
#6913=CARTESIAN_POINT('',(-91.3145836142201,187.87771726795,-9.79549850255079));
#6914=CARTESIAN_POINT('Origin',(-93.6321382718842,187.47771726795,-7.99557748173534));
#6915=CARTESIAN_POINT('',(-93.8545836170486,187.87771726795,-8.32902881717629));
#6916=CARTESIAN_POINT('Ctrl Pts',(-93.7521382718843,187.39771726795,-7.6543508506505));
#6917=CARTESIAN_POINT('Ctrl Pts',(-93.7469547414552,187.39771726795,-7.97435085065075));
#6918=CARTESIAN_POINT('Ctrl Pts',(-93.4269547414549,187.39771726795,-7.96916732022163));
#6919=CARTESIAN_POINT('Ctrl Pts',(-93.1069547414547,187.39771726795,-7.96398378979253));
#6920=CARTESIAN_POINT('Ctrl Pts',(-93.1121382718838,187.39771726795,-7.64398378979228));
#6921=CARTESIAN_POINT('Ctrl Pts',(-93.1173218023129,187.39771726795,-7.32398378979203));
#6922=CARTESIAN_POINT('Ctrl Pts',(-93.4373218023132,187.39771726795,-7.32916732022113));
#6923=CARTESIAN_POINT('Ctrl Pts',(-93.7573218023134,187.39771726795,-7.33435085065025));
#6924=CARTESIAN_POINT('Ctrl Pts',(-93.7521382718843,187.39771726795,-7.6543508506505));
#6925=CARTESIAN_POINT('Ctrl Pts',(-94.3468015540575,187.992380550124,-7.61582016042292));
#6926=CARTESIAN_POINT('Ctrl Pts',(-94.380148713856,187.992380550124,-8.53048344259632));
#6927=CARTESIAN_POINT('Ctrl Pts',(-93.4654854316825,187.992380550124,-8.56383060239482));
#6928=CARTESIAN_POINT('Ctrl Pts',(-92.5508221495091,187.992380550124,-8.5971777621933));
#6929=CARTESIAN_POINT('Ctrl Pts',(-92.5174749897106,187.992380550124,-7.68251448001987));
#6930=CARTESIAN_POINT('Ctrl Pts',(-92.4841278299121,187.992380550124,-6.76785119784643));
#6931=CARTESIAN_POINT('Ctrl Pts',(-93.3987911120856,187.992380550124,-6.73450403804795));
#6932=CARTESIAN_POINT('Ctrl Pts',(-94.313454394259,187.992380550124,-6.70115687824948));
#6933=CARTESIAN_POINT('Ctrl Pts',(-94.3468015540575,187.992380550124,-7.61582016042292));
#6934=CARTESIAN_POINT('Origin',(-93.4321382718843,189.17771726795,-4.73932196677174));
#6935=CARTESIAN_POINT('',(-93.6321382718843,189.17771726795,-4.39291180525792));
#6936=CARTESIAN_POINT('Origin',(-93.8121382718843,189.17771726795,-4.4968348537121));
#6937=CARTESIAN_POINT('',(-91.0421382718844,189.17771726795,-2.8975746080566));
#6938=CARTESIAN_POINT('Origin',(-90.8421382718843,189.17771726795,-3.24398476957034));
#6939=CARTESIAN_POINT('',(-90.6421382718844,189.17771726795,-2.89757460805655));
#6940=CARTESIAN_POINT('Origin',(-90.8821382718844,189.17771726795,-2.75901054345109));
#6941=CARTESIAN_POINT('',(-88.1721382718843,189.17771726795,-4.32362977295469));
#6942=CARTESIAN_POINT('Origin',(-88.3721382718843,189.17771726795,-4.67003993446845));
#6943=CARTESIAN_POINT('Origin',(-61.4849423015421,185.125517281862,27.2223733960336));
#6944=CARTESIAN_POINT('',(-61.465504062433,184.877717267949,27.9223733960337));
#6945=CARTESIAN_POINT('',(-62.0814409646368,184.877717267949,27.589207404907));
#6946=CARTESIAN_POINT('Origin',(-61.4849423015421,184.877717267949,27.2223733960336));
#6947=CARTESIAN_POINT('',(-62.0814409646368,185.373317295775,27.5892074049071));
#6948=CARTESIAN_POINT('',(-62.0814409646368,185.373317295775,27.5892074049071));
#6949=CARTESIAN_POINT('',(-61.465504062433,185.373317295775,27.9223733960338));
#6950=CARTESIAN_POINT('Origin',(-61.4849423015421,185.373317295775,27.2223733960336));
#6951=CARTESIAN_POINT('',(-61.465504062433,185.373317295775,27.9223733960338));
#6952=CARTESIAN_POINT('Origin',(-62.0814409646368,184.877717267949,27.589207404907));
#6953=CARTESIAN_POINT('',(-63.5479106500112,184.877717267949,25.0492074020786));
#6954=CARTESIAN_POINT('',(-62.0814409646368,184.877717267949,27.589207404907));
#6955=CARTESIAN_POINT('',(-63.5479106500113,185.373317295775,25.0492074020786));
#6956=CARTESIAN_POINT('',(-63.5479106500113,185.373317295775,25.0492074020786));
#6957=CARTESIAN_POINT('',(-62.0814409646368,185.373317295775,27.5892074049071));
#6958=CARTESIAN_POINT('Origin',(-62.0814409646368,185.373317295775,27.5892074049071));
#6959=CARTESIAN_POINT('',(-61.831352463056,185.673317295775,27.4223733960337));
#6960=CARTESIAN_POINT('',(-61.831352463056,185.673317295775,27.4223733960337));
#6961=CARTESIAN_POINT('',(-63.2978221484306,185.673317295775,24.8823733932052));
#6962=CARTESIAN_POINT('',(-63.2978221484306,185.673317295775,24.8823733932052));
#6963=CARTESIAN_POINT('',(-62.1931103246222,185.673317295775,26.7957903997632));
#6964=CARTESIAN_POINT('Origin',(-62.9514119869166,185.125517281862,24.6823733932052));
#6965=CARTESIAN_POINT('',(-63.5673488891204,184.877717267949,24.3492074020784));
#6966=CARTESIAN_POINT('Origin',(-62.9514119869166,184.877717267949,24.6823733932052));
#6967=CARTESIAN_POINT('',(-63.5673488891204,185.373317295775,24.3492074020784));
#6968=CARTESIAN_POINT('',(-63.5673488891204,185.373317295775,24.3492074020784));
#6969=CARTESIAN_POINT('Origin',(-62.9514119869166,185.373317295775,24.6823733932052));
#6970=CARTESIAN_POINT('Ctrl Pts',(-63.5479106500113,185.373317295775,25.0492074020786));
#6971=CARTESIAN_POINT('Ctrl Pts',(-63.7597023637823,185.373317295775,24.7048187383696));
#6972=CARTESIAN_POINT('Ctrl Pts',(-63.5673488891204,185.373317295775,24.3492074020784));
#6973=CARTESIAN_POINT('Ctrl Pts',(-63.2978221484306,185.673317295775,24.8823733932052));
#6974=CARTESIAN_POINT('Ctrl Pts',(-63.4132922022685,185.673317295775,24.6823733932051));
#6975=CARTESIAN_POINT('Ctrl Pts',(-63.2978221484305,185.673317295775,24.482373393205));
#6976=CARTESIAN_POINT('',(-63.2978221484305,185.673317295775,24.482373393205));
#6977=CARTESIAN_POINT('',(-63.2978221484305,185.673317295775,24.482373393205));
#6978=CARTESIAN_POINT('Origin',(-62.9514119869166,185.673317295775,24.6823733932051));
#6979=CARTESIAN_POINT('Origin',(-63.5673488891204,184.877717267949,24.3492074020784));
#6980=CARTESIAN_POINT('',(-62.1124262123953,184.877717267949,21.8292074049069));
#6981=CARTESIAN_POINT('',(-63.5673488891204,184.877717267949,24.3492074020784));
#6982=CARTESIAN_POINT('',(-62.1124262123954,185.373317295775,21.8292074049069));
#6983=CARTESIAN_POINT('',(-62.1124262123954,185.373317295775,21.8292074049069));
#6984=CARTESIAN_POINT('',(-63.5673488891204,185.373317295775,24.3492074020784));
#6985=CARTESIAN_POINT('Origin',(-63.5673488891204,185.373317295775,24.3492074020784));
#6986=CARTESIAN_POINT('',(-61.8428994717055,185.673317295775,21.9623733960335));
#6987=CARTESIAN_POINT('',(-61.8428994717055,185.673317295775,21.9623733960335));
#6988=CARTESIAN_POINT('',(-62.5059383375423,185.673317295775,23.1107903990561));
#6989=CARTESIAN_POINT('Origin',(-61.4964893101915,185.125517281862,22.1623733960337));
#6990=CARTESIAN_POINT('',(-61.5159275493007,184.877717267949,21.4623733960335));
#6991=CARTESIAN_POINT('Origin',(-61.4964893101915,184.877717267949,22.1623733960337));
#6992=CARTESIAN_POINT('',(-61.5159275493007,185.373317295775,21.4623733960335));
#6993=CARTESIAN_POINT('',(-61.5159275493007,185.373317295775,21.4623733960335));
#6994=CARTESIAN_POINT('Origin',(-61.4964893101915,185.373317295775,22.1623733960337));
#6995=CARTESIAN_POINT('Ctrl Pts',(-62.1124262123954,185.373317295775,21.8292074049069));
#6996=CARTESIAN_POINT('Ctrl Pts',(-61.9200727377335,185.373317295775,21.4735960686157));
#6997=CARTESIAN_POINT('Ctrl Pts',(-61.5159275493007,185.373317295775,21.4623733960335));
#6998=CARTESIAN_POINT('Ctrl Pts',(-61.8428994717055,185.673317295775,21.9623733960335));
#6999=CARTESIAN_POINT('Ctrl Pts',(-61.7274294178675,185.673317295775,21.7623733960334));
#7000=CARTESIAN_POINT('Ctrl Pts',(-61.4964893101915,185.673317295775,21.7623733960334));
#7001=CARTESIAN_POINT('',(-61.4964893101915,185.673317295775,21.7623733960334));
#7002=CARTESIAN_POINT('',(-61.4964893101915,185.673317295775,21.7623733960334));
#7003=CARTESIAN_POINT('Origin',(-61.4964893101915,185.673317295775,22.1623733960337));
#7004=CARTESIAN_POINT('Origin',(-61.5159275493007,184.877717267949,21.4623733960335));
#7005=CARTESIAN_POINT('',(-58.5252531548983,184.877717267949,21.4623733960338));
#7006=CARTESIAN_POINT('',(-61.5159275493007,184.877717267949,21.4623733960335));
#7007=CARTESIAN_POINT('',(-58.5252531548983,185.373317295775,21.4623733960338));
#7008=CARTESIAN_POINT('',(-58.5252531548983,185.373317295775,21.4623733960338));
#7009=CARTESIAN_POINT('',(-61.5159275493007,185.373317295775,21.4623733960335));
#7010=CARTESIAN_POINT('Origin',(-61.5159275493007,185.373317295775,21.4623733960335));
#7011=CARTESIAN_POINT('',(-58.5058149157892,185.673317295775,21.7623733960337));
#7012=CARTESIAN_POINT('',(-58.5058149157892,185.673317295775,21.7623733960337));
#7013=CARTESIAN_POINT('',(-59.9069481840909,185.673317295775,21.7623733960338));
#7014=CARTESIAN_POINT('Origin',(-58.5058149157892,185.125517281862,22.1623733960339));
#7015=CARTESIAN_POINT('',(-57.9093162526946,184.877717267949,21.7955393871604));
#7016=CARTESIAN_POINT('Origin',(-58.5058149157892,184.877717267949,22.1623733960339));
#7017=CARTESIAN_POINT('',(-57.9093162526946,185.373317295775,21.7955393871604));
#7018=CARTESIAN_POINT('',(-57.9093162526946,185.373317295775,21.7955393871604));
#7019=CARTESIAN_POINT('Origin',(-58.5058149157892,185.373317295775,22.1623733960339));
#7020=CARTESIAN_POINT('Ctrl Pts',(-58.5252531548983,185.373317295775,21.4623733960338));
#7021=CARTESIAN_POINT('Ctrl Pts',(-58.1211079664656,185.373317295775,21.4511507234515));
#7022=CARTESIAN_POINT('Ctrl Pts',(-57.9093162526946,185.373317295775,21.7955393871604));
#7023=CARTESIAN_POINT('Ctrl Pts',(-58.5058149157892,185.673317295775,21.7623733960337));
#7024=CARTESIAN_POINT('Ctrl Pts',(-58.2748748081133,185.673317295775,21.7623733960337));
#7025=CARTESIAN_POINT('Ctrl Pts',(-58.1594047542753,185.673317295775,21.9623733960338));
#7026=CARTESIAN_POINT('',(-58.1594047542753,185.673317295775,21.9623733960338));
#7027=CARTESIAN_POINT('',(-58.1594047542753,185.673317295775,21.9623733960338));
#7028=CARTESIAN_POINT('Origin',(-58.5058149157892,185.673317295775,22.1623733960339));
#7029=CARTESIAN_POINT('Origin',(-57.9093162526946,184.877717267949,21.7955393871604));
#7030=CARTESIAN_POINT('',(-56.4832610877965,184.877717267949,24.2655393871605));
#7031=CARTESIAN_POINT('',(-57.9093162526946,184.877717267949,21.7955393871604));
#7032=CARTESIAN_POINT('',(-56.4832610877965,185.373317295775,24.2655393871604));
#7033=CARTESIAN_POINT('',(-56.4832610877965,185.373317295775,24.2655393871604));
#7034=CARTESIAN_POINT('',(-57.9093162526946,185.373317295775,21.7955393871604));
#7035=CARTESIAN_POINT('Origin',(-57.9093162526946,185.373317295775,21.7955393871604));
#7036=CARTESIAN_POINT('',(-56.7333495893771,185.673317295775,24.4323733960338));
#7037=CARTESIAN_POINT('',(-56.7333495893771,185.673317295775,24.4323733960338));
#7038=CARTESIAN_POINT('',(-57.3819546993009,185.673317295775,23.3089563915972));
#7039=CARTESIAN_POINT('Origin',(-57.0797597508911,185.125517281862,24.6323733960338));
#7040=CARTESIAN_POINT('',(-56.4638228486873,184.877717267949,24.9655393871605));
#7041=CARTESIAN_POINT('Origin',(-57.0797597508911,184.877717267949,24.6323733960339));
#7042=CARTESIAN_POINT('',(-56.4638228486873,185.373317295775,24.9655393871605));
#7043=CARTESIAN_POINT('',(-56.4638228486873,185.373317295775,24.9655393871605));
#7044=CARTESIAN_POINT('Origin',(-57.0797597508911,185.373317295775,24.6323733960338));
#7045=CARTESIAN_POINT('Ctrl Pts',(-56.4832610877965,185.373317295775,24.2655393871604));
#7046=CARTESIAN_POINT('Ctrl Pts',(-56.2714693740255,185.373317295775,24.6099280508693));
#7047=CARTESIAN_POINT('Ctrl Pts',(-56.4638228486873,185.373317295775,24.9655393871605));
#7048=CARTESIAN_POINT('Ctrl Pts',(-56.7333495893771,185.673317295775,24.4323733960338));
#7049=CARTESIAN_POINT('Ctrl Pts',(-56.6178795355392,185.673317295775,24.6323733960339));
#7050=CARTESIAN_POINT('Ctrl Pts',(-56.7333495893772,185.673317295775,24.832373396034));
#7051=CARTESIAN_POINT('',(-56.7333495893772,185.673317295775,24.832373396034));
#7052=CARTESIAN_POINT('',(-56.7333495893772,185.673317295775,24.832373396034));
#7053=CARTESIAN_POINT('Origin',(-57.0797597508911,185.673317295775,24.6323733960338));
#7054=CARTESIAN_POINT('Origin',(-56.4638228486873,184.877717267949,24.9655393871605));
#7055=CARTESIAN_POINT('',(-57.9591600458886,184.877717267949,27.5555393871604));
#7056=CARTESIAN_POINT('',(-56.4638228486873,184.877717267949,24.9655393871605));
#7057=CARTESIAN_POINT('',(-57.9591600458886,185.373317295775,27.5555393871605));
#7058=CARTESIAN_POINT('',(-57.9591600458886,185.373317295775,27.5555393871605));
#7059=CARTESIAN_POINT('',(-56.4638228486873,185.373317295775,24.9655393871605));
#7060=CARTESIAN_POINT('Origin',(-56.4638228486873,185.373317295775,24.9655393871605));
#7061=CARTESIAN_POINT('',(-58.2286867865785,185.673317295775,27.4223733960339));
#7062=CARTESIAN_POINT('',(-58.2286867865785,185.673317295775,27.4223733960339));
#7063=CARTESIAN_POINT('',(-57.5281201524277,185.673317295775,26.2089563915972));
#7064=CARTESIAN_POINT('Ctrl Pts',(-57.9591600458886,185.373317295775,27.5555393871605));
#7065=CARTESIAN_POINT('Ctrl Pts',(-58.1515136063761,185.373317295775,27.9111508821211));
#7066=CARTESIAN_POINT('Ctrl Pts',(-58.5556589794701,185.373317295775,27.9223734035451));
#7067=CARTESIAN_POINT('Ctrl Pts',(-58.9598043525641,185.373317295775,27.933595924969));
#7068=CARTESIAN_POINT('Ctrl Pts',(-59.1715958946835,185.373317295775,27.5892069439212));
#7069=CARTESIAN_POINT('Ctrl Pts',(-59.3833874368028,185.373317295775,27.2448179628735));
#7070=CARTESIAN_POINT('Ctrl Pts',(-59.1910334640799,185.373317295775,26.8892066908951));
#7071=CARTESIAN_POINT('Ctrl Pts',(-58.2286867865785,185.673317295775,27.4223733960339));
#7072=CARTESIAN_POINT('Ctrl Pts',(-58.3441568919378,185.673317295775,27.6223734852715));
#7073=CARTESIAN_POINT('Ctrl Pts',(-58.5750971026564,185.673317295775,27.622373396034));
#7074=CARTESIAN_POINT('Ctrl Pts',(-58.8060373133749,185.673317295775,27.6223733067964));
#7075=CARTESIAN_POINT('Ctrl Pts',(-58.9215072641702,185.673317295775,27.4223731283213));
#7076=CARTESIAN_POINT('Ctrl Pts',(-59.0369772149654,185.673317295775,27.2223729498461));
#7077=CARTESIAN_POINT('Ctrl Pts',(-58.9215068777602,185.673317295775,27.022372994465));
#7078=CARTESIAN_POINT('',(-58.5750975857984,185.373317295775,27.9226432334104));
#7079=CARTESIAN_POINT('',(-58.5750974117648,185.673317295775,27.6223733960338));
#7080=CARTESIAN_POINT('Ctrl Pts',(-58.5750975858066,185.373317295775,27.9226432334105));
#7081=CARTESIAN_POINT('Ctrl Pts',(-58.5750975573144,185.422407115839,27.873484037854));
#7082=CARTESIAN_POINT('Ctrl Pts',(-58.5750975273769,185.47399416533,27.8218311545066));
#7083=CARTESIAN_POINT('Ctrl Pts',(-58.5750974707422,185.571612535045,27.7241162792911));
#7084=CARTESIAN_POINT('Ctrl Pts',(-58.5750974401004,185.624442498096,27.6712481937132));
#7085=CARTESIAN_POINT('Ctrl Pts',(-58.575097411773,185.673317295775,27.6223733960338));
#7086=CARTESIAN_POINT('Origin',(-58.5750969480924,185.673317295775,27.2223733960339));
#7087=CARTESIAN_POINT('Origin',(-58.5750969480924,185.373317295775,27.2223733960339));
#7088=CARTESIAN_POINT('Origin',(-58.5750969480924,185.125517281862,27.2223733960339));
#7089=CARTESIAN_POINT('',(-58.5945351872111,184.877717267949,27.9223733960337));
#7090=CARTESIAN_POINT('Origin',(-58.5750969480924,184.877717267949,27.2223733960339));
#7091=CARTESIAN_POINT('',(-58.5945351873073,185.37358675242,27.9223733960324));
#7092=CARTESIAN_POINT('',(-58.5945351872111,185.125517281862,27.9223733960337));
#7093=CARTESIAN_POINT('Origin',(-58.5776680348928,185.887404930875,27.4078293085549));
#7094=CARTESIAN_POINT('Origin',(-60.0011521129906,184.877717267949,24.6723733960337));
#7095=CARTESIAN_POINT('',(-59.6921339165233,184.877717267949,27.9223733960337));
#7096=CARTESIAN_POINT('Ctrl Pts',(-58.5750976781482,185.214226037119,28.0819794919483));
#7097=CARTESIAN_POINT('Ctrl Pts',(-66.7901938574414,185.214226037119,28.0819794919485));
#7098=CARTESIAN_POINT('Ctrl Pts',(-58.5750976449981,185.271327915311,28.0247837805401));
#7099=CARTESIAN_POINT('Ctrl Pts',(-66.7901938242913,185.271327915311,28.0247837805403));
#7100=CARTESIAN_POINT('Ctrl Pts',(-58.5750976139877,185.324749383179,27.9712797839204));
#7101=CARTESIAN_POINT('Ctrl Pts',(-66.7901937932809,185.324749383179,27.9712797839205));
#7102=CARTESIAN_POINT('Ctrl Pts',(-58.5750975857984,185.373317295775,27.9226432334105));
#7103=CARTESIAN_POINT('Ctrl Pts',(-66.7901937650916,185.373317295775,27.9226432334106));
#7104=CARTESIAN_POINT('Ctrl Pts',(-58.5750975573062,185.422407115839,27.873484037854));
#7105=CARTESIAN_POINT('Ctrl Pts',(-66.7901937365994,185.422407115839,27.8734840378542));
#7106=CARTESIAN_POINT('Ctrl Pts',(-58.5750975273687,185.47399416533,27.8218311545066));
#7107=CARTESIAN_POINT('Ctrl Pts',(-66.7901937066619,185.473994165331,27.8218311545067));
#7108=CARTESIAN_POINT('Ctrl Pts',(-58.575097470734,185.571612535045,27.7241162792911));
#7109=CARTESIAN_POINT('Ctrl Pts',(-66.7901936500273,185.571612535045,27.7241162792912));
#7110=CARTESIAN_POINT('Ctrl Pts',(-58.5750974400922,185.624442498096,27.6712481937132));
#7111=CARTESIAN_POINT('Ctrl Pts',(-66.7901936193854,185.624442498096,27.6712481937133));
#7112=CARTESIAN_POINT('Ctrl Pts',(-58.5750974117648,185.673317295775,27.6223733960338));
#7113=CARTESIAN_POINT('Ctrl Pts',(-66.7901935910581,185.673317295775,27.6223733960339));
#7114=CARTESIAN_POINT('Ctrl Pts',(-58.5750973896123,185.711538389833,27.5841523019759));
#7115=CARTESIAN_POINT('Ctrl Pts',(-66.7901935689055,185.711538389833,27.584152301976));
#7116=CARTESIAN_POINT('Ctrl Pts',(-58.5750973632704,185.757007157688,27.5387032967569));
#7117=CARTESIAN_POINT('Ctrl Pts',(-66.7901935425637,185.757007157688,27.538703296757));
#7118=CARTESIAN_POINT('Ctrl Pts',(-58.5750973382215,185.80032976131,27.4954849507403));
#7119=CARTESIAN_POINT('Ctrl Pts',(-66.7901935175148,185.80032976131,27.4954849507404));
#7120=CARTESIAN_POINT('',(-61.484942301541,185.373586752417,27.9223733960338));
#7121=CARTESIAN_POINT('',(-61.484942301541,185.373586752417,27.9223733960338));
#7122=CARTESIAN_POINT('',(-61.4849422152863,185.673317295669,27.6223733961137));
#7123=CARTESIAN_POINT('Ctrl Pts',(-61.4849423015492,185.373586752443,27.9223733960078));
#7124=CARTESIAN_POINT('Ctrl Pts',(-61.4849422731039,185.422595866868,27.8732950459944));
#7125=CARTESIAN_POINT('Ctrl Pts',(-61.4849422432235,185.474084452099,27.8217407784804));
#7126=CARTESIAN_POINT('Ctrl Pts',(-61.4849421866413,185.571612534939,27.7241162793965));
#7127=CARTESIAN_POINT('Ctrl Pts',(-61.4849421559994,185.624442497865,27.6712481939438));
#7128=CARTESIAN_POINT('Ctrl Pts',(-61.4849421276721,185.673317295455,27.6223733963535));
#7129=CARTESIAN_POINT('',(-58.5750974117648,185.673317295775,27.6223733960338));
#7130=CARTESIAN_POINT('Origin',(-59.6921339165233,184.877717267949,27.9223733960337));
#7131=CARTESIAN_POINT('Ctrl Pts',(-61.484942301541,185.373586752417,27.9223733960338));
#7132=CARTESIAN_POINT('Ctrl Pts',(-61.478461162957,185.373586752417,27.9223733960338));
#7133=CARTESIAN_POINT('Ctrl Pts',(-61.4719823727362,185.373496868312,27.9223733960338));
#7134=CARTESIAN_POINT('Ctrl Pts',(-61.465504062433,185.373317295775,27.9223733960338));
#7135=CARTESIAN_POINT('Ctrl Pts',(-61.45807455478,185.258654013602,28.0370366782071));
#7136=CARTESIAN_POINT('Ctrl Pts',(-62.2727378369535,185.258654013602,28.0639044249692));
#7137=CARTESIAN_POINT('Ctrl Pts',(-62.2996055837156,185.258654013602,27.2492411427957));
#7138=CARTESIAN_POINT('Ctrl Pts',(-62.3264733304777,185.258654013602,26.4345778606222));
#7139=CARTESIAN_POINT('Ctrl Pts',(-61.5118100483042,185.258654013602,26.4077101138601));
#7140=CARTESIAN_POINT('Ctrl Pts',(-60.6971467661307,185.258654013602,26.3808423670979));
#7141=CARTESIAN_POINT('Ctrl Pts',(-60.6702790193686,185.258654013602,27.1955056492714));
#7142=CARTESIAN_POINT('Ctrl Pts',(-60.6434112726065,185.258654013602,28.0101689314449));
#7143=CARTESIAN_POINT('Ctrl Pts',(-61.45807455478,185.258654013602,28.0370366782071));
#7144=CARTESIAN_POINT('Ctrl Pts',(-61.489161937181,185.738441028669,27.5572496631401));
#7145=CARTESIAN_POINT('Ctrl Pts',(-61.8240382042875,185.738441028669,27.5530300275012));
#7146=CARTESIAN_POINT('Ctrl Pts',(-61.8198185686486,185.738441028669,27.2181537603947));
#7147=CARTESIAN_POINT('Ctrl Pts',(-61.8155989330097,185.738441028669,26.8832774932882));
#7148=CARTESIAN_POINT('Ctrl Pts',(-61.4807226659032,185.738441028669,26.8874971289271));
#7149=CARTESIAN_POINT('Ctrl Pts',(-61.1458463987967,185.738441028669,26.8917167645659));
#7150=CARTESIAN_POINT('Ctrl Pts',(-61.1500660344356,185.738441028669,27.2265930316725));
#7151=CARTESIAN_POINT('Ctrl Pts',(-61.1542856700745,185.738441028669,27.561469298779));
#7152=CARTESIAN_POINT('Ctrl Pts',(-61.489161937181,185.738441028669,27.5572496631401));
#7153=CARTESIAN_POINT('Origin',(-61.4849423015421,185.673317295775,27.2223733960336));
#7154=CARTESIAN_POINT('Origin',(-58.297968818881,189.177717267949,21.7623733960338));
#7155=CARTESIAN_POINT('',(-61.4964893101915,187.477717267949,21.7623733960334));
#7156=CARTESIAN_POINT('',(-61.4964893101915,189.177717267949,21.7623733960336));
#7157=CARTESIAN_POINT('',(-58.5058149157891,187.477717267949,21.7623733960337));
#7158=CARTESIAN_POINT('',(-58.5058149157891,185.877717267949,21.7623733960338));
#7159=CARTESIAN_POINT('',(-59.8972290645362,187.477717267949,21.7623733960337));
#7160=CARTESIAN_POINT('Origin',(-61.4964893101915,189.177717267949,22.1623733960336));
#7161=CARTESIAN_POINT('',(-61.8428994717055,187.477717267949,21.9623733960335));
#7162=CARTESIAN_POINT('',(-61.8428994717053,189.177717267949,21.9623733960336));
#7163=CARTESIAN_POINT('Origin',(-61.4964893101915,187.477717267949,22.1623733960337));
#7164=CARTESIAN_POINT('Origin',(-61.7043354070997,189.177717267949,21.7223733960336));
#7165=CARTESIAN_POINT('',(-63.2978221484305,187.477717267949,24.482373393205));
#7166=CARTESIAN_POINT('',(-63.2978221484303,187.677717267949,24.4823733932051));
#7167=CARTESIAN_POINT('',(-62.501078777765,187.477717267949,23.1023733946194));
#7168=CARTESIAN_POINT('Origin',(-62.9514119869165,187.677717267949,24.6823733932051));
#7169=CARTESIAN_POINT('',(-63.2978221484305,187.477717267949,24.8823733932052));
#7170=CARTESIAN_POINT('',(-63.2978221484303,187.677717267949,24.8823733932051));
#7171=CARTESIAN_POINT('Origin',(-62.9514119869165,187.477717267949,24.6823733932051));
#7172=CARTESIAN_POINT('Origin',(-62.5645873057431,186.177717267949,26.1523733946194));
#7173=CARTESIAN_POINT('',(-61.831352463056,187.477717267949,27.4223733960337));
#7174=CARTESIAN_POINT('',(-61.8313524630558,187.677717267949,27.4223733960336));
#7175=CARTESIAN_POINT('',(-62.1979698843995,187.477717267949,26.7873733953265));
#7176=CARTESIAN_POINT('Origin',(-61.4849423015421,187.677717267949,27.2223733960336));
#7177=CARTESIAN_POINT('',(-61.4849423015421,187.477717268423,27.6223733965078));
#7178=CARTESIAN_POINT('',(-61.4849423015421,187.677717267949,27.6223733960336));
#7179=CARTESIAN_POINT('Origin',(-61.4849423015421,187.477717267949,27.2223733960336));
#7180=CARTESIAN_POINT('Origin',(-59.9395984967178,186.477717267949,27.6223733960338));
#7181=CARTESIAN_POINT('',(-58.5750974117648,187.477717267949,27.6223733960337));
#7182=CARTESIAN_POINT('',(-58.5750974117648,189.177717267949,27.6223733960336));
#7183=CARTESIAN_POINT('',(-58.5750974117648,187.477717267949,27.6223733960337));
#7184=CARTESIAN_POINT('Ctrl Pts',(-58.5750973343584,187.344022730887,27.4888197144503));
#7185=CARTESIAN_POINT('Ctrl Pts',(-66.7901935136434,187.344022730887,27.4888197144504));
#7186=CARTESIAN_POINT('Ctrl Pts',(-58.5750973615026,187.390979899219,27.5356531406969));
#7187=CARTESIAN_POINT('Ctrl Pts',(-66.7901935407876,187.390979899219,27.5356531406971));
#7188=CARTESIAN_POINT('Ctrl Pts',(-58.5750973896122,187.439496173891,27.5841523019759));
#7189=CARTESIAN_POINT('Ctrl Pts',(-66.7901935688973,187.439496173891,27.584152301976));
#7190=CARTESIAN_POINT('Ctrl Pts',(-58.5750974117648,187.477717267949,27.6223733960337));
#7191=CARTESIAN_POINT('Ctrl Pts',(-66.7901935910499,187.477717267949,27.6223733960339));
#7192=CARTESIAN_POINT('Ctrl Pts',(-58.5750974490413,187.542032410589,27.6866885386736));
#7193=CARTESIAN_POINT('Ctrl Pts',(-66.7901936283263,187.542032410589,27.6866885386738));
#7194=CARTESIAN_POINT('Ctrl Pts',(-58.5750974914634,187.615105602091,27.7598286533344));
#7195=CARTESIAN_POINT('Ctrl Pts',(-66.7901936707484,187.615105602091,27.7598286533346));
#7196=CARTESIAN_POINT('Ctrl Pts',(-58.5750975657662,187.743155088779,27.8880274415656));
#7197=CARTESIAN_POINT('Ctrl Pts',(-66.7901937450512,187.743155088779,27.8880274415658));
#7198=CARTESIAN_POINT('Ctrl Pts',(-58.5750976061994,187.812868518396,27.9578423139907));
#7199=CARTESIAN_POINT('Ctrl Pts',(-66.7901937854845,187.812868518396,27.9578423139909));
#7200=CARTESIAN_POINT('Ctrl Pts',(-58.5750976438443,187.877717267949,28.0227931138647));
#7201=CARTESIAN_POINT('Ctrl Pts',(-66.7901938231293,187.877717267949,28.0227931138648));
#7202=CARTESIAN_POINT('Ctrl Pts',(-58.5750976739037,187.929499047184,28.0746563803643));
#7203=CARTESIAN_POINT('Ctrl Pts',(-66.7901938531888,187.929499047184,28.0746563803644));
#7204=CARTESIAN_POINT('Ctrl Pts',(-58.5750977051598,187.983336840441,28.1285841866848));
#7205=CARTESIAN_POINT('Ctrl Pts',(-66.7901938844448,187.983336840441,28.1285841866849));
#7206=CARTESIAN_POINT('Ctrl Pts',(-58.5750977363858,188.03711964733,28.1824602136718));
#7207=CARTESIAN_POINT('Ctrl Pts',(-66.7901939156709,188.03711964733,28.1824602136719));
#7208=CARTESIAN_POINT('Ctrl Pts',(-61.4849423015421,187.477717269845,27.62237339793));
#7209=CARTESIAN_POINT('Ctrl Pts',(-61.4849423388185,187.542032412025,27.6866885401113));
#7210=CARTESIAN_POINT('Ctrl Pts',(-61.4849423812407,187.615105602706,27.7598286539506));
#7211=CARTESIAN_POINT('Ctrl Pts',(-61.4849424555435,187.743155088774,27.888027441561));
#7212=CARTESIAN_POINT('Ctrl Pts',(-61.4849424959767,187.812868518386,27.9578423139808));
#7213=CARTESIAN_POINT('Ctrl Pts',(-61.4849425336216,187.877717267935,28.0227931138507));
#7214=CARTESIAN_POINT('Ctrl Pts',(-58.5750974117648,187.477717267949,27.6223733960337));
#7215=CARTESIAN_POINT('Ctrl Pts',(-58.5750974490413,187.542032410589,27.6866885386736));
#7216=CARTESIAN_POINT('Ctrl Pts',(-58.5750974914634,187.615105602091,27.7598286533344));
#7217=CARTESIAN_POINT('Ctrl Pts',(-58.5750975657662,187.743155088779,27.8880274415656));
#7218=CARTESIAN_POINT('Ctrl Pts',(-58.5750976061994,187.812868518396,27.9578423139907));
#7219=CARTESIAN_POINT('Ctrl Pts',(-58.5750976438443,187.877717267949,28.0227931138647));
#7220=CARTESIAN_POINT('Ctrl Pts',(-58.2286867865785,187.477717267949,27.4223733960339));
#7221=CARTESIAN_POINT('Ctrl Pts',(-58.3441568919378,187.477717267949,27.6223734852715));
#7222=CARTESIAN_POINT('Ctrl Pts',(-58.5750971026563,187.477717267949,27.622373396034));
#7223=CARTESIAN_POINT('Ctrl Pts',(-58.8060373133749,187.477717267949,27.6223733067964));
#7224=CARTESIAN_POINT('Ctrl Pts',(-58.9215072641702,187.477717267949,27.4223731283212));
#7225=CARTESIAN_POINT('Ctrl Pts',(-59.0369772149654,187.477717267949,27.2223729498461));
#7226=CARTESIAN_POINT('Ctrl Pts',(-58.9215068777601,187.477717267949,27.022372994465));
#7227=CARTESIAN_POINT('Ctrl Pts',(-57.869317798992,187.877717267949,27.5999280508693));
#7228=CARTESIAN_POINT('Ctrl Pts',(-58.0872991778556,187.877717267949,28.0074100144043));
#7229=CARTESIAN_POINT('Ctrl Pts',(-58.5491796050747,187.877717267949,28.0223734060487));
#7230=CARTESIAN_POINT('Ctrl Pts',(-59.0110600322938,187.877717267949,28.0373367976931));
#7231=CARTESIAN_POINT('Ctrl Pts',(-59.2549587715212,187.877717267949,27.6448182157879));
#7232=CARTESIAN_POINT('Ctrl Pts',(-59.4988575107485,187.877717267949,27.2522996338826));
#7233=CARTESIAN_POINT('Ctrl Pts',(-59.2808756595197,187.877717267949,26.8448179230384));
#7234=CARTESIAN_POINT('',(-58.2286867865785,187.477717267949,27.4223733960339));
#7235=CARTESIAN_POINT('',(-57.869317798992,187.877717267949,27.5999280508693));
#7236=CARTESIAN_POINT('Origin',(-58.5750969480924,187.477717267949,27.2223733960339));
#7237=CARTESIAN_POINT('Origin',(-56.7333495893772,187.477717267949,24.832373396034));
#7238=CARTESIAN_POINT('',(-56.7333495893772,187.477717267949,24.832373396034));
#7239=CARTESIAN_POINT('',(-56.3739806017907,187.877717267949,25.0099280508694));
#7240=CARTESIAN_POINT('',(-57.532979712205,187.477717267949,26.2173733960338));
#7241=CARTESIAN_POINT('Ctrl Pts',(-56.7333495893771,187.477717267949,24.4323733960338));
#7242=CARTESIAN_POINT('Ctrl Pts',(-56.6178795355392,187.477717267949,24.6323733960339));
#7243=CARTESIAN_POINT('Ctrl Pts',(-56.7333495893772,187.477717267949,24.832373396034));
#7244=CARTESIAN_POINT('Ctrl Pts',(-56.3998982539362,187.877717267949,24.2099280508693));
#7245=CARTESIAN_POINT('Ctrl Pts',(-56.1559993201876,187.877717267949,24.6024462691478));
#7246=CARTESIAN_POINT('Ctrl Pts',(-56.3739806017907,187.877717267949,25.0099280508694));
#7247=CARTESIAN_POINT('',(-56.7333495893771,187.477717267949,24.4323733960338));
#7248=CARTESIAN_POINT('',(-56.3998982539362,187.877717267949,24.2099280508693));
#7249=CARTESIAN_POINT('Origin',(-57.0797597508911,187.477717267949,24.6323733960338));
#7250=CARTESIAN_POINT('Origin',(-58.1594047542753,187.477717267949,21.9623733960338));
#7251=CARTESIAN_POINT('',(-58.1594047542753,187.477717267949,21.9623733960338));
#7252=CARTESIAN_POINT('',(-57.8259534188344,187.877717267949,21.7399280508693));
#7253=CARTESIAN_POINT('',(-57.3770951395236,187.477717267949,23.3173733960339));
#7254=CARTESIAN_POINT('Ctrl Pts',(-58.5058149157891,187.477717267949,21.7623733960337));
#7255=CARTESIAN_POINT('Ctrl Pts',(-58.2748748081132,187.477717267949,21.7623733960337));
#7256=CARTESIAN_POINT('Ctrl Pts',(-58.1594047542753,187.477717267949,21.9623733960338));
#7257=CARTESIAN_POINT('Ctrl Pts',(-58.5317325679347,187.877717267949,21.3623733960338));
#7258=CARTESIAN_POINT('Ctrl Pts',(-58.069852352583,187.877717267949,21.3474098325908));
#7259=CARTESIAN_POINT('Ctrl Pts',(-57.8259534188344,187.877717267949,21.7399280508693));
#7260=CARTESIAN_POINT('',(-58.5317325679347,187.877717267949,21.3623733960338));
#7261=CARTESIAN_POINT('Origin',(-58.5058149157892,187.477717267949,22.1623733960339));
#7262=CARTESIAN_POINT('Origin',(-61.4964893101915,187.477717267949,21.7623733960334));
#7263=CARTESIAN_POINT('',(-61.5224069623371,187.877717267949,21.3623733960335));
#7264=CARTESIAN_POINT('Ctrl Pts',(-61.8428994717055,187.477717267949,21.9623733960335));
#7265=CARTESIAN_POINT('Ctrl Pts',(-61.7274294178675,187.477717267949,21.7623733960334));
#7266=CARTESIAN_POINT('Ctrl Pts',(-61.4964893101915,187.477717267949,21.7623733960334));
#7267=CARTESIAN_POINT('Ctrl Pts',(-62.202268459292,187.877717267949,21.784818741198));
#7268=CARTESIAN_POINT('Ctrl Pts',(-61.9842871776888,187.877717267949,21.3773369594765));
#7269=CARTESIAN_POINT('Ctrl Pts',(-61.5224069623371,187.877717267949,21.3623733960335));
#7270=CARTESIAN_POINT('',(-62.202268459292,187.877717267949,21.784818741198));
#7271=CARTESIAN_POINT('Origin',(-63.2978221484305,187.477717267949,24.482373393205));
#7272=CARTESIAN_POINT('',(-63.657191136017,187.877717267949,24.3048187383695));
#7273=CARTESIAN_POINT('Ctrl Pts',(-63.2978221484305,187.477717267949,24.8823733932052));
#7274=CARTESIAN_POINT('Ctrl Pts',(-63.4132922022685,187.477717267949,24.6823733932051));
#7275=CARTESIAN_POINT('Ctrl Pts',(-63.2978221484305,187.477717267949,24.482373393205));
#7276=CARTESIAN_POINT('Ctrl Pts',(-63.6312734838715,187.877717267949,25.1048187383696));
#7277=CARTESIAN_POINT('Ctrl Pts',(-63.8751724176201,187.877717267949,24.712300520091));
#7278=CARTESIAN_POINT('Ctrl Pts',(-63.657191136017,187.877717267949,24.3048187383695));
#7279=CARTESIAN_POINT('',(-63.6312734838715,187.877717267949,25.1048187383696));
#7280=CARTESIAN_POINT('Origin',(-61.831352463056,187.477717267949,27.4223733960337));
#7281=CARTESIAN_POINT('',(-62.164803798497,187.877717267949,27.6448187411981));
#7282=CARTESIAN_POINT('Ctrl Pts',(-61.4901258319712,187.397717267949,27.5423733960338));
#7283=CARTESIAN_POINT('Ctrl Pts',(-61.8101258319714,187.397717267949,27.5371898656047));
#7284=CARTESIAN_POINT('Ctrl Pts',(-61.8049423015423,187.397717267949,27.2171898656044));
#7285=CARTESIAN_POINT('Ctrl Pts',(-61.7997587711132,187.397717267949,26.8971898656042));
#7286=CARTESIAN_POINT('Ctrl Pts',(-61.479758771113,187.397717267949,26.9023733960333));
#7287=CARTESIAN_POINT('Ctrl Pts',(-61.1597587711127,187.397717267949,26.9075569264624));
#7288=CARTESIAN_POINT('Ctrl Pts',(-61.1649423015418,187.397717267949,27.2275569264627));
#7289=CARTESIAN_POINT('Ctrl Pts',(-61.1701258319709,187.397717267949,27.5475569264629));
#7290=CARTESIAN_POINT('Ctrl Pts',(-61.4901258319712,187.397717267949,27.5423733960338));
#7291=CARTESIAN_POINT('Ctrl Pts',(-61.4515951417436,187.992380550122,28.137036678207));
#7292=CARTESIAN_POINT('Ctrl Pts',(-62.366258423917,187.992380550122,28.1703838380055));
#7293=CARTESIAN_POINT('Ctrl Pts',(-62.3996055837155,187.992380550122,27.255720555832));
#7294=CARTESIAN_POINT('Ctrl Pts',(-62.432952743514,187.992380550122,26.3410572736586));
#7295=CARTESIAN_POINT('Ctrl Pts',(-61.5182894613406,187.992380550122,26.3077101138601));
#7296=CARTESIAN_POINT('Ctrl Pts',(-60.6036261791671,187.992380550122,26.2743629540616));
#7297=CARTESIAN_POINT('Ctrl Pts',(-60.5702790193686,187.992380550122,27.1890262362351));
#7298=CARTESIAN_POINT('Ctrl Pts',(-60.5369318595702,187.992380550122,28.1036895184085));
#7299=CARTESIAN_POINT('Ctrl Pts',(-61.4515951417436,187.992380550122,28.137036678207));
#7300=CARTESIAN_POINT('Origin',(-58.5750969480924,189.177717267949,27.2223733960338));
#7301=CARTESIAN_POINT('',(-58.2286867865786,189.177717267949,27.4223733960338));
#7302=CARTESIAN_POINT('Origin',(-58.3326098350328,189.177717267949,27.6023733960338));
#7303=CARTESIAN_POINT('',(-56.7333495893773,189.177717267949,24.8323733960339));
#7304=CARTESIAN_POINT('Origin',(-57.079759750891,189.177717267949,24.6323733960338));
#7305=CARTESIAN_POINT('',(-56.7333495893773,189.177717267949,24.4323733960339));
#7306=CARTESIAN_POINT('Origin',(-56.5947855247718,189.177717267949,24.6723733960339));
#7307=CARTESIAN_POINT('',(-58.1594047542754,189.177717267949,21.9623733960338));
#7308=CARTESIAN_POINT('Origin',(-58.5058149157892,189.177717267949,22.1623733960338));
#7309=CARTESIAN_POINT('Origin',(-81.9646563821714,188.127717267948,18.4338861539199));
#7310=CARTESIAN_POINT('',(-82.2146563821716,188.377717267949,27.1843968585661));
#7311=CARTESIAN_POINT('Ctrl Pts',(-82.2146563821718,188.377717267949,27.1843968585658));
#7312=CARTESIAN_POINT('Ctrl Pts',(-82.0467115338748,188.209772419652,27.016452010269));
#7313=CARTESIAN_POINT('Ctrl Pts',(-81.8799035960513,188.042964481828,26.8458410874482));
#7314=CARTESIAN_POINT('Ctrl Pts',(-81.7146563821715,187.877717267948,26.6726256321299));
#7315=CARTESIAN_POINT('',(-82.2146563821717,188.377717267948,29.1843968585661));
#7316=CARTESIAN_POINT('',(-82.2146563821714,188.377717267948,18.4338861539199));
#7317=CARTESIAN_POINT('Ctrl Pts',(-81.7146563821716,187.877717267948,29.6752194558241));
#7318=CARTESIAN_POINT('Ctrl Pts',(-81.8822734046087,188.045334290385,29.5136446847246));
#7319=CARTESIAN_POINT('Ctrl Pts',(-82.0490287165593,188.212089602336,29.3500245241789));
#7320=CARTESIAN_POINT('Ctrl Pts',(-82.2146563821718,188.377717267949,29.1843968585665));
#7321=CARTESIAN_POINT('Origin',(-85.6094149560883,188.127717267948,15.809396858566));
#7322=CARTESIAN_POINT('',(-93.3396563821714,188.377717267948,16.0593968585659));
#7323=CARTESIAN_POINT('',(-95.3396563821714,188.377717267948,16.0593968585658));
#7324=CARTESIAN_POINT('',(-85.6094149560884,188.377717267948,16.059396858566));
#7325=CARTESIAN_POINT('Ctrl Pts',(-93.339656382171,188.377717267948,16.059396858566));
#7326=CARTESIAN_POINT('Ctrl Pts',(-93.1717115338904,188.209772419667,15.8914520102852));
#7327=CARTESIAN_POINT('Ctrl Pts',(-93.001100611061,188.042964481835,15.7246440724529));
#7328=CARTESIAN_POINT('Ctrl Pts',(-92.827885155735,187.877717267948,15.5593968585658));
#7329=CARTESIAN_POINT('Ctrl Pts',(-95.3396563821718,188.377717267948,16.059396858566));
#7330=CARTESIAN_POINT('Ctrl Pts',(-95.5052840477842,188.212089602335,15.8937691929533));
#7331=CARTESIAN_POINT('Ctrl Pts',(-95.6689042083301,188.045334290385,15.7270138810025));
#7332=CARTESIAN_POINT('Ctrl Pts',(-95.8304789794293,187.877717267948,15.5593968585657));
#7333=CARTESIAN_POINT('Origin',(-82.2146563821714,188.127717267949,16.0593968585661));
#7334=CARTESIAN_POINT('Origin',(-82.2146563821714,188.377717267949,16.0593968585661));
#7335=CARTESIAN_POINT('Origin',(-82.2146563821714,188.127717267949,16.0593968585661));
#7336=CARTESIAN_POINT('Origin',(-82.2146563821714,188.377717267949,16.0593968585661));
#7337=CARTESIAN_POINT('Origin',(-82.2146563821714,187.877710842046,16.0593968585661));
#7338=CARTESIAN_POINT('',(-82.2146563821717,188.777710842047,29.1843968585661));
#7339=CARTESIAN_POINT('',(-82.2146563821717,187.877710842046,29.1843968585661));
#7340=CARTESIAN_POINT('',(-95.3396563821714,188.777710842046,16.0593968585658));
#7341=CARTESIAN_POINT('Origin',(-82.2146563821713,188.777710842047,16.0593968585661));
#7342=CARTESIAN_POINT('',(-95.3396563821714,187.877710842046,16.0593968585658));
#7343=CARTESIAN_POINT('Origin',(-95.3396563821714,187.877710842046,16.0593968585658));
#7344=CARTESIAN_POINT('',(-93.3396563821714,188.777710842047,16.0593968585659));
#7345=CARTESIAN_POINT('',(-47.4457333216818,188.777710842046,16.0593968585669));
#7346=CARTESIAN_POINT('',(-93.3396563821714,187.877710842046,16.0593968585659));
#7347=CARTESIAN_POINT('Origin',(-82.2146563821713,189.027710842046,16.0593968585661));
#7348=CARTESIAN_POINT('',(-82.7146563821716,189.277710842046,27.6736391928727));
#7349=CARTESIAN_POINT('',(-93.828898716478,189.277710842046,16.5593968585659));
#7350=CARTESIAN_POINT('Origin',(-82.2146563821714,189.277710842046,16.0593968585661));
#7351=CARTESIAN_POINT('',(-82.2146563821716,188.777710842046,27.1843968585661));
#7352=CARTESIAN_POINT('Ctrl Pts',(-82.7146563821716,189.277710842046,27.6736391928727));
#7353=CARTESIAN_POINT('Ctrl Pts',(-82.5468898892524,189.109944349127,27.5129397533394));
#7354=CARTESIAN_POINT('Ctrl Pts',(-82.3801011124434,188.943155572318,27.3498415888377));
#7355=CARTESIAN_POINT('Ctrl Pts',(-82.2146563821719,188.777710842047,27.184396858566));
#7356=CARTESIAN_POINT('Origin',(-82.2146563821713,188.777710842047,16.0593968585661));
#7357=CARTESIAN_POINT('Ctrl Pts',(-93.8288987164779,189.277710842046,16.5593968585659));
#7358=CARTESIAN_POINT('Ctrl Pts',(-93.6681992769448,189.109944349127,16.3916303656469));
#7359=CARTESIAN_POINT('Ctrl Pts',(-93.505101112443,188.943155572318,16.2248415888378));
#7360=CARTESIAN_POINT('Ctrl Pts',(-93.3396563821712,188.777710842046,16.0593968585662));
#7361=CARTESIAN_POINT('Origin',(-47.4457333216818,189.027710842046,16.3093968585669));
#7362=CARTESIAN_POINT('',(-94.8297515066641,189.277710842046,16.5593968585659));
#7363=CARTESIAN_POINT('',(-47.4457333216818,189.277710842046,16.5593968585669));
#7364=CARTESIAN_POINT('Ctrl Pts',(-94.8297515066641,189.277710842046,16.5593968585659));
#7365=CARTESIAN_POINT('Ctrl Pts',(-95.0019275260689,189.112223842965,16.3939098594842));
#7366=CARTESIAN_POINT('Ctrl Pts',(-95.1719103453765,188.945456878841,16.227142895361));
#7367=CARTESIAN_POINT('Ctrl Pts',(-95.3396563821715,188.777710842046,16.0593968585661));
#7368=CARTESIAN_POINT('Origin',(-82.2146563821713,189.027710842046,16.0593968585661));
#7369=CARTESIAN_POINT('',(-82.7146563821717,189.277710842046,28.6744919830588));
#7370=CARTESIAN_POINT('Origin',(-82.2146563821714,189.277710842046,16.0593968585661));
#7371=CARTESIAN_POINT('Ctrl Pts',(-82.7146563821716,189.277710842046,28.6744919830588));
#7372=CARTESIAN_POINT('Ctrl Pts',(-82.5491693830895,189.112223842964,28.8466680024641));
#7373=CARTESIAN_POINT('Ctrl Pts',(-82.3824024189658,188.94545687884,29.0166508217722));
#7374=CARTESIAN_POINT('Ctrl Pts',(-82.2146563821719,188.777710842047,29.1843968585663));
#7375=CARTESIAN_POINT('Origin',(-82.4646563821718,189.027710842046,35.4350858407637));
#7376=CARTESIAN_POINT('',(-82.2146563821718,188.777710842046,35.4350858407637));
#7377=CARTESIAN_POINT('',(-82.7146563821718,189.277710842046,35.4350858407636));
#7378=CARTESIAN_POINT('Origin',(-82.2146563821716,187.877710842046,27.1843968585661));
#7379=CARTESIAN_POINT('',(-82.2146563821716,187.877710842046,27.1843968585661));
#7380=CARTESIAN_POINT('Origin',(-82.2146563821714,187.877710842046,16.0593968585661));
#7381=CARTESIAN_POINT('Origin',(0.448189738807076,189.277710842046,43.685774822963));
#7382=CARTESIAN_POINT('Origin',(-76.8079321881389,181.977717259996,24.68354549));
#7383=CARTESIAN_POINT('',(-76.8079321881388,184.327717259996,24.6835454900001));
#7384=CARTESIAN_POINT('Origin',(-76.8079321881389,181.977717259996,24.6835454900001));
#7385=CARTESIAN_POINT('Origin',(-76.8079321881387,131.277717264471,24.68354549));
#7386=CARTESIAN_POINT('',(-76.8079321881385,133.627717264471,24.68354549));
#7387=CARTESIAN_POINT('Origin',(-76.8079321881387,131.277717264471,24.68354549));
#7388=CARTESIAN_POINT('Origin',(-75.879000000005,130.37771726447,9.68363051197475));
#7389=CARTESIAN_POINT('',(-93.2290000000045,130.37771726447,-7.96645451000069));
#7390=CARTESIAN_POINT('Origin',(-90.8790000000045,130.37771726447,-7.96645451000069));
#7391=CARTESIAN_POINT('Origin',(-75.879000000005,130.37771726447,9.68363051197475));
#7392=CARTESIAN_POINT('',(-60.5790000000052,130.37771726447,24.6835454899998));
#7393=CARTESIAN_POINT('Origin',(-58.2290000000052,130.37771726447,24.6835454899998));
#7394=CARTESIAN_POINT('Origin',(-75.879000000005,128.17771726447,9.68363051197476));
#7395=CARTESIAN_POINT('',(-72.3561880162711,128.17771726447,9.52913270561092));
#7396=CARTESIAN_POINT('',(-73.5889792905022,128.17771726447,14.1299723761688));
#7397=CARTESIAN_POINT('',(-73.5889792905022,128.17771726447,14.1299723761688));
#7398=CARTESIAN_POINT('',(-78.1898189610602,128.17771726447,15.3627636503999));
#7399=CARTESIAN_POINT('',(-78.1898189610602,128.17771726447,15.3627636503999));
#7400=CARTESIAN_POINT('',(-81.557867357387,128.17771726447,11.9947152540729));
#7401=CARTESIAN_POINT('',(-81.557867357387,128.17771726447,11.9947152540729));
#7402=CARTESIAN_POINT('',(-80.3250760831559,128.17771726447,7.39387558351497));
#7403=CARTESIAN_POINT('',(-80.3250760831559,128.17771726447,7.39387558351497));
#7404=CARTESIAN_POINT('',(-75.7242364125979,128.17771726447,6.16108430928397));
#7405=CARTESIAN_POINT('',(-75.7242364125979,128.17771726447,6.16108430928397));
#7406=CARTESIAN_POINT('',(-72.3561880162711,128.17771726447,9.52913270561092));
#7407=CARTESIAN_POINT('Origin',(-90.8790000000047,135.377717259996,-5.3164545100007));
#7408=CARTESIAN_POINT('',(-90.8790000000047,135.377717259996,-7.66645451000071));
#7409=CARTESIAN_POINT('Origin',(-90.8790000000047,135.377717259996,-5.3164545100007));
#7410=CARTESIAN_POINT('Origin',(-90.8790000000047,177.877717259996,-5.31645451000071));
#7411=CARTESIAN_POINT('',(-90.8790000000047,177.877717259996,-7.66645451000072));
#7412=CARTESIAN_POINT('Origin',(-90.8790000000047,177.877717259996,-5.31645451000071));
#7413=CARTESIAN_POINT('Origin',(-60.8790000000051,177.877717259996,24.6835454899994));
#7414=CARTESIAN_POINT('',(-58.5290000000051,177.877717259996,24.6835454899995));
#7415=CARTESIAN_POINT('Origin',(-60.8790000000051,177.877717259996,24.6835454899994));
#7416=CARTESIAN_POINT('Origin',(-60.8790000000051,135.377717259996,24.6835454899994));
#7417=CARTESIAN_POINT('',(-58.5290000000051,135.377717259996,24.6835454899995));
#7418=CARTESIAN_POINT('Origin',(-60.8790000000051,135.377717259996,24.6835454899994));
#7419=CARTESIAN_POINT('Origin',(-76.8079321881392,181.977717259996,27.1835454900001));
#7420=CARTESIAN_POINT('',(-76.8079321881392,184.327717259996,29.6835454900001));
#7421=CARTESIAN_POINT('Origin',(-76.8079321881394,181.977717259996,29.6835454900001));
#7422=CARTESIAN_POINT('',(-76.807932188139,184.327717259996,27.1835454900001));
#7423=CARTESIAN_POINT('Origin',(-76.8079321881389,131.277717264471,27.18354549));
#7424=CARTESIAN_POINT('',(-76.807932188139,133.627717264471,29.6835454899999));
#7425=CARTESIAN_POINT('Origin',(-76.8079321881392,131.277717264471,29.6835454899999));
#7426=CARTESIAN_POINT('',(-76.8079321881388,133.627717264471,27.18354549));
#7427=CARTESIAN_POINT('Origin',(-90.8790000000046,125.37771726447,-7.96645451000067));
#7428=CARTESIAN_POINT('',(-93.2290000000046,125.777717264472,-7.96645451000067));
#7429=CARTESIAN_POINT('Origin',(-90.8790000000046,125.777717264472,-7.96645451000067));
#7430=CARTESIAN_POINT('',(-93.2290000000046,125.37771726447,-7.96645451000067));
#7431=CARTESIAN_POINT('Origin',(-58.2290000000052,125.37771726447,24.6835454899999));
#7432=CARTESIAN_POINT('',(-60.5790000000052,125.777717264472,24.6835454899998));
#7433=CARTESIAN_POINT('Origin',(-58.2290000000052,125.777717264472,24.6835454899998));
#7434=CARTESIAN_POINT('',(-60.5790000000052,125.37771726447,24.6835454899999));
#7435=CARTESIAN_POINT('Origin',(-75.7242364125979,125.37771726447,6.16108430928402));
#7436=CARTESIAN_POINT('',(-75.7242364125979,125.777717264471,6.16108430928401));
#7437=CARTESIAN_POINT('',(-72.3561880162711,125.777717264471,9.52913270561092));
#7438=CARTESIAN_POINT('',(-74.8822903225595,125.777717264471,7.00303039932246));
#7439=CARTESIAN_POINT('',(-72.3561880162711,125.37771726447,9.52913270561093));
#7440=CARTESIAN_POINT('',(-75.7242364125979,125.37771726447,6.16108430928402));
#7441=CARTESIAN_POINT('Origin',(-72.3561880162711,125.37771726447,9.52913270561097));
#7442=CARTESIAN_POINT('',(-73.5889792905023,125.777717264471,14.1299723761689));
#7443=CARTESIAN_POINT('',(-60.606454857405,125.777717264471,-34.3214684186517));
#7444=CARTESIAN_POINT('',(-73.5889792905023,125.37771726447,14.1299723761689));
#7445=CARTESIAN_POINT('Origin',(-73.5889792905023,125.37771726447,14.1299723761689));
#7446=CARTESIAN_POINT('',(-78.1898189610602,125.777717264471,15.3627636503999));
#7447=CARTESIAN_POINT('',(-29.7384683362691,125.777717264471,2.38026337829073));
#7448=CARTESIAN_POINT('',(-78.1898189610602,125.37771726447,15.3627636503999));
#7449=CARTESIAN_POINT('Origin',(-78.1898189610602,125.37771726447,15.3627636503999));
#7450=CARTESIAN_POINT('',(-81.557867357387,125.777717264471,11.9947152540729));
#7451=CARTESIAN_POINT('',(-79.0318970691851,125.777717264471,14.5206855422749));
#7452=CARTESIAN_POINT('',(-81.557867357387,125.37771726447,11.9947152540729));
#7453=CARTESIAN_POINT('Origin',(-81.557867357387,125.37771726447,11.9947152540729));
#7454=CARTESIAN_POINT('',(-80.3250760831559,125.777717264471,7.39387558351501));
#7455=CARTESIAN_POINT('',(-69.1917385614052,125.777717264471,-34.1563057054687));
#7456=CARTESIAN_POINT('',(-80.3250760831559,125.37771726447,7.39387558351502));
#7457=CARTESIAN_POINT('Origin',(-80.3250760831559,125.37771726447,7.39387558351502));
#7458=CARTESIAN_POINT('',(-34.1741452936438,125.777717264471,-4.97222905147844));
#7459=CARTESIAN_POINT('Origin',(-86.2826039923252,125.777717264471,20.0752733741577));
#7460=CARTESIAN_POINT('',(-85.8244002535026,125.777717264471,21.2883652589633));
#7461=CARTESIAN_POINT('',(-86.5151045252462,125.777717264471,21.0684102384728));
#7462=CARTESIAN_POINT('Ctrl Pts',(-85.8244002535026,125.777717264471,21.2883652589633));
#7463=CARTESIAN_POINT('Ctrl Pts',(-85.9356134456639,125.777717264471,21.2805680026043));
#7464=CARTESIAN_POINT('Ctrl Pts',(-86.1827220332176,125.777717264471,21.2632429985447));
#7465=CARTESIAN_POINT('Ctrl Pts',(-86.3971703726343,125.777717264471,21.1375397414135));
#7466=CARTESIAN_POINT('Ctrl Pts',(-86.5151045252462,125.777717264471,21.0684102384728));
#7467=CARTESIAN_POINT('',(-85.2880376584752,125.777717264471,21.0414156548861));
#7468=CARTESIAN_POINT('Ctrl Pts',(-85.2880376584752,125.777717264471,21.0414156548861));
#7469=CARTESIAN_POINT('Ctrl Pts',(-85.3667211731449,125.777717264471,21.1085817951811));
#7470=CARTESIAN_POINT('Ctrl Pts',(-85.5223651124497,125.777717264471,21.2414432046809));
#7471=CARTESIAN_POINT('Ctrl Pts',(-85.724467679941,125.777717264471,21.2728404374975));
#7472=CARTESIAN_POINT('Ctrl Pts',(-85.8244002535026,125.777717264471,21.2883652589633));
#7473=CARTESIAN_POINT('',(-85.0140604030237,125.777717264471,20.3121249740986));
#7474=CARTESIAN_POINT('Ctrl Pts',(-85.0140604030237,125.777717264471,20.3121249740986));
#7475=CARTESIAN_POINT('Ctrl Pts',(-85.0172904185141,125.777717264471,20.448153091861));
#7476=CARTESIAN_POINT('Ctrl Pts',(-85.0238140941501,125.777717264471,20.7228896435196));
#7477=CARTESIAN_POINT('Ctrl Pts',(-85.199392160074,125.777717264471,20.934551995305));
#7478=CARTESIAN_POINT('Ctrl Pts',(-85.2880376584752,125.777717264471,21.0414156548861));
#7479=CARTESIAN_POINT('',(-85.5851351347821,125.777717264471,19.3551598739024));
#7480=CARTESIAN_POINT('Ctrl Pts',(-85.5851351347821,125.777717264471,19.3551598739024));
#7481=CARTESIAN_POINT('Ctrl Pts',(-85.4296807139761,125.777717264471,19.5139329807188));
#7482=CARTESIAN_POINT('Ctrl Pts',(-85.1606138641623,125.777717264471,19.7887439475908));
#7483=CARTESIAN_POINT('Ctrl Pts',(-85.0575701920844,125.777717264471,20.1567400525495));
#7484=CARTESIAN_POINT('Ctrl Pts',(-85.0140604030237,125.777717264471,20.3121249740986));
#7485=CARTESIAN_POINT('',(-86.5112161383532,125.777717264471,18.8187881116409));
#7486=CARTESIAN_POINT('Ctrl Pts',(-86.5112161383532,125.777717264471,18.8187881116409));
#7487=CARTESIAN_POINT('Ctrl Pts',(-86.358404866788,125.777717264471,18.8584983925415));
#7488=CARTESIAN_POINT('Ctrl Pts',(-86.0025375297819,125.777717264471,18.9509758110662));
#7489=CARTESIAN_POINT('Ctrl Pts',(-85.7367768224682,125.777717264471,19.208320387214));
#7490=CARTESIAN_POINT('Ctrl Pts',(-85.5851351347821,125.777717264471,19.3551598739024));
#7491=CARTESIAN_POINT('',(-87.248231540172,125.777717264471,19.1043221795984));
#7492=CARTESIAN_POINT('Ctrl Pts',(-87.248231540172,125.777717264471,19.1043221795984));
#7493=CARTESIAN_POINT('Ctrl Pts',(-87.1399147256391,125.777717264471,19.0137410570657));
#7494=CARTESIAN_POINT('Ctrl Pts',(-86.9262781146151,125.777717264471,18.8350851011639));
#7495=CARTESIAN_POINT('Ctrl Pts',(-86.6482701113761,125.777717264471,18.8241693975456));
#7496=CARTESIAN_POINT('Ctrl Pts',(-86.5112161383532,125.777717264471,18.8187881116409));
#7497=CARTESIAN_POINT('',(-87.5067713316727,125.777717264471,19.6175257513725));
#7498=CARTESIAN_POINT('Ctrl Pts',(-87.5067713316727,125.777717264471,19.6175257513725));
#7499=CARTESIAN_POINT('Ctrl Pts',(-87.4871562442777,125.777717264471,19.5236521545467));
#7500=CARTESIAN_POINT('Ctrl Pts',(-87.4466668766279,125.777717264471,19.3298787342225));
#7501=CARTESIAN_POINT('Ctrl Pts',(-87.3157339616721,125.777717264471,19.1810505178786));
#7502=CARTESIAN_POINT('Ctrl Pts',(-87.248231540172,125.777717264471,19.1043221795984));
#7503=CARTESIAN_POINT('',(-87.3697949380078,125.777717264471,20.175109933093));
#7504=CARTESIAN_POINT('Ctrl Pts',(-87.3697949380078,125.777717264471,20.175109933093));
#7505=CARTESIAN_POINT('Ctrl Pts',(-87.418088084785,125.777717264471,20.0856919908417));
#7506=CARTESIAN_POINT('Ctrl Pts',(-87.5121726811086,125.777717264471,19.9114881635451));
#7507=CARTESIAN_POINT('Ctrl Pts',(-87.5085395802576,125.777717264471,19.7137607062699));
#7508=CARTESIAN_POINT('Ctrl Pts',(-87.5067713316727,125.777717264471,19.6175257513725));
#7509=CARTESIAN_POINT('',(-88.0701546164367,125.777717264471,20.6053455764472));
#7510=CARTESIAN_POINT('',(-88.0701546164367,125.777717264471,20.6053455764472));
#7511=CARTESIAN_POINT('',(-88.3016659887383,125.777717264471,19.7950156053514));
#7512=CARTESIAN_POINT('Ctrl Pts',(-88.3016659887383,125.777717264471,19.7950156053514));
#7513=CARTESIAN_POINT('Ctrl Pts',(-88.2921779900907,125.777717264471,19.9270880694247));
#7514=CARTESIAN_POINT('Ctrl Pts',(-88.2716557637271,125.777717264471,20.2127564284532));
#7515=CARTESIAN_POINT('Ctrl Pts',(-88.1406127717997,125.777717264471,20.468070391888));
#7516=CARTESIAN_POINT('Ctrl Pts',(-88.0701546164367,125.777717264471,20.6053455764472));
#7517=CARTESIAN_POINT('',(-87.7652914155935,125.777717264471,18.6451300420011));
#7518=CARTESIAN_POINT('Ctrl Pts',(-87.7652914155935,125.777717264471,18.6451300420011));
#7519=CARTESIAN_POINT('Ctrl Pts',(-87.9171818980055,125.777717264471,18.8180083656861));
#7520=CARTESIAN_POINT('Ctrl Pts',(-88.2087314150506,125.777717264471,19.1498434548735));
#7521=CARTESIAN_POINT('Ctrl Pts',(-88.2715665095077,125.777717264471,19.5860584328713));
#7522=CARTESIAN_POINT('Ctrl Pts',(-88.3016659887383,125.777717264471,19.7950156053514));
#7523=CARTESIAN_POINT('',(-86.4147388647349,125.777717264471,18.0779189700875));
#7524=CARTESIAN_POINT('Ctrl Pts',(-86.4147388647349,125.777717264471,18.0779189700875));
#7525=CARTESIAN_POINT('Ctrl Pts',(-86.6628494324656,125.777717264471,18.097614772031));
#7526=CARTESIAN_POINT('Ctrl Pts',(-87.1742659641795,125.777717264471,18.1382126345542));
#7527=CARTESIAN_POINT('Ctrl Pts',(-87.5644188101282,125.777717264471,18.472843349193));
#7528=CARTESIAN_POINT('Ctrl Pts',(-87.7652914155935,125.777717264471,18.6451300420011));
#7529=CARTESIAN_POINT('',(-84.9542304782375,125.777717264471,18.8091621691845));
#7530=CARTESIAN_POINT('Ctrl Pts',(-84.9542304782375,125.777717264471,18.8091621691845));
#7531=CARTESIAN_POINT('Ctrl Pts',(-85.1803074926849,125.777717264471,18.6028997674319));
#7532=CARTESIAN_POINT('Ctrl Pts',(-85.6000421775604,125.777717264471,18.219952901237));
#7533=CARTESIAN_POINT('Ctrl Pts',(-86.1575262321034,125.777717264471,18.1227613291262));
#7534=CARTESIAN_POINT('Ctrl Pts',(-86.4147388647349,125.777717264471,18.0779189700875));
#7535=CARTESIAN_POINT('',(-84.2635419959122,125.777717264471,20.2253142135847));
#7536=CARTESIAN_POINT('Ctrl Pts',(-84.2635419959122,125.777717264471,20.2253142135847));
#7537=CARTESIAN_POINT('Ctrl Pts',(-84.3045844577148,125.777717264471,19.9729157801578));
#7538=CARTESIAN_POINT('Ctrl Pts',(-84.3922899038061,125.777717264471,19.4335544401154));
#7539=CARTESIAN_POINT('Ctrl Pts',(-84.7590817805728,125.777717264471,19.025998866957));
#7540=CARTESIAN_POINT('Ctrl Pts',(-84.9542304782375,125.777717264471,18.8091621691845));
#7541=CARTESIAN_POINT('',(-84.8057068254501,125.777717264471,21.5353354920158));
#7542=CARTESIAN_POINT('Ctrl Pts',(-84.8057068254501,125.777717264471,21.5353354920158));
#7543=CARTESIAN_POINT('Ctrl Pts',(-84.6422218305848,125.777717264471,21.3422626245318));
#7544=CARTESIAN_POINT('Ctrl Pts',(-84.3211162499162,125.777717264471,20.9630426522286));
#7545=CARTESIAN_POINT('Ctrl Pts',(-84.2824983185009,125.777717264471,20.4682112950619));
#7546=CARTESIAN_POINT('Ctrl Pts',(-84.2635419959122,125.777717264471,20.2253142135847));
#7547=CARTESIAN_POINT('',(-85.7800355751475,125.777717264471,22.0620351044548));
#7548=CARTESIAN_POINT('Ctrl Pts',(-85.7800355751475,125.777717264471,22.0620351044548));
#7549=CARTESIAN_POINT('Ctrl Pts',(-85.6059301129471,125.777717264471,22.018375928326));
#7550=CARTESIAN_POINT('Ctrl Pts',(-85.2372182318808,125.777717264471,21.925916698427));
#7551=CARTESIAN_POINT('Ctrl Pts',(-84.9547786548498,125.777717264471,21.670267394397));
#7552=CARTESIAN_POINT('Ctrl Pts',(-84.8057068254501,125.777717264471,21.5353354920158));
#7553=CARTESIAN_POINT('',(-86.8932671043336,125.777717264471,21.7976995371645));
#7554=CARTESIAN_POINT('Ctrl Pts',(-86.8932671043336,125.777717264471,21.7976995371645));
#7555=CARTESIAN_POINT('Ctrl Pts',(-86.7060974809108,125.777717264471,21.8934000247706));
#7556=CARTESIAN_POINT('Ctrl Pts',(-86.3555664443336,125.777717264471,22.072627778228));
#7557=CARTESIAN_POINT('Ctrl Pts',(-85.9629912425315,125.777717264471,22.0654024124539));
#7558=CARTESIAN_POINT('Ctrl Pts',(-85.7800355751475,125.777717264471,22.0620351044548));
#7559=CARTESIAN_POINT('',(-86.5151045252462,125.777717264471,21.0684102384728));
#7560=CARTESIAN_POINT('Origin',(-88.2013689747453,125.777717264471,22.0060517910277));
#7561=CARTESIAN_POINT('',(-87.07272171908,125.777717264471,23.7058241261052));
#7562=CARTESIAN_POINT('',(-86.5016265849576,125.777717264471,23.1347441437856));
#7563=CARTESIAN_POINT('',(-87.07272171908,125.777717264471,23.7058241261052));
#7564=CARTESIAN_POINT('',(-89.9011113645331,125.777717264471,20.8773594382699));
#7565=CARTESIAN_POINT('',(-89.9011113645331,125.777717264471,20.8773594382699));
#7566=CARTESIAN_POINT('',(-89.3300162304106,125.777717264471,20.3062794559503));
#7567=CARTESIAN_POINT('',(-89.3300162304106,125.777717264471,20.3062794559503));
#7568=CARTESIAN_POINT('',(-86.5016265849576,125.777717264471,23.1347441437856));
#7569=CARTESIAN_POINT('Origin',(-95.8790000000047,135.377717259996,-5.31645451000077));
#7570=CARTESIAN_POINT('',(-95.6790000000047,135.377717259996,-7.66645451000076));
#7571=CARTESIAN_POINT('Origin',(-95.6790000000047,135.377717259996,-5.31645451000076));
#7572=CARTESIAN_POINT('',(-95.8790000000047,135.377717259996,-7.66645451000077));
#7573=CARTESIAN_POINT('Origin',(-95.8790000000047,177.877717259996,-5.31645451000077));
#7574=CARTESIAN_POINT('',(-95.6790000000046,177.877717259996,-7.66645451000077));
#7575=CARTESIAN_POINT('Origin',(-95.6790000000047,177.877717259996,-5.31645451000077));
#7576=CARTESIAN_POINT('',(-95.8790000000047,177.877717259996,-7.66645451000077));
#7577=CARTESIAN_POINT('Origin',(-85.9790000000048,167.83418778475,-6.39428013870857));
#7578=CARTESIAN_POINT('Origin',(-85.9790000000047,148.034187784749,-6.39428013870837));
#7579=CARTESIAN_POINT('Origin',(-80.0076796564453,127.377717259996,-0.758842665425987));
#7580=CARTESIAN_POINT('Origin',(-61.5652915010203,127.377717259996,17.6835454899997));
#7581=CARTESIAN_POINT('Origin',(-60.8790000000052,177.877717259996,29.6835454899994));
#7582=CARTESIAN_POINT('',(-58.5290000000052,177.877717259996,29.4835454899998));
#7583=CARTESIAN_POINT('',(-58.5290000000052,177.877717259996,29.6835454899994));
#7584=CARTESIAN_POINT('Origin',(-60.8790000000052,177.877717259996,29.4835454899998));
#7585=CARTESIAN_POINT('Origin',(-60.8790000000052,135.377717259996,29.6835454899994));
#7586=CARTESIAN_POINT('',(-58.5290000000052,135.377717259996,29.4835454899998));
#7587=CARTESIAN_POINT('',(-58.5290000000052,135.377717259996,29.6835454899994));
#7588=CARTESIAN_POINT('Origin',(-60.8790000000052,135.377717259996,29.4835454899998));
#7589=CARTESIAN_POINT('Origin',(-76.8079321881393,156.427717262233,29.68354549));
#7590=CARTESIAN_POINT('',(-81.7368643762727,153.767716880271,29.6835454899996));
#7591=CARTESIAN_POINT('',(-81.7368643762737,156.427717262233,29.6835454899995));
#7592=CARTESIAN_POINT('',(-81.3368643762726,154.167716880271,29.6835454899997));
#7593=CARTESIAN_POINT('',(-80.1093658337282,155.395215422815,29.6835454899998));
#7594=CARTESIAN_POINT('',(-73.7579381833856,154.167716880271,29.6835454900003));
#7595=CARTESIAN_POINT('',(-75.4829310964071,154.167716880271,29.6835454900001));
#7596=CARTESIAN_POINT('',(-73.3579381833856,153.767716880271,29.6835454900003));
#7597=CARTESIAN_POINT('',(-74.9854367800649,155.39521547695,29.6835454900002));
#7598=CARTESIAN_POINT('',(-73.3579381833858,136.679245352198,29.6835454900003));
#7599=CARTESIAN_POINT('',(-73.3579381833858,147.391217532592,29.6835454900003));
#7600=CARTESIAN_POINT('',(-73.7579381833858,136.27771741718,29.6835454900002));
#7601=CARTESIAN_POINT('',(-69.3804475398007,140.671929363871,29.6835454900007));
#7602=CARTESIAN_POINT('',(-78.1329290822468,136.27771741718,29.6835454899998));
#7603=CARTESIAN_POINT('',(-81.7368643762735,128.777717264471,29.6835454899994));
#7604=CARTESIAN_POINT('',(-81.7368643762737,156.427717262233,29.6835454899995));
#7605=CARTESIAN_POINT('',(-79.7368643762735,126.777717264471,29.6835454899996));
#7606=CARTESIAN_POINT('Origin',(-79.7368643762735,128.777717264471,29.6835454899996));
#7607=CARTESIAN_POINT('',(-73.8790000000048,126.777717264471,29.6835454900002));
#7608=CARTESIAN_POINT('',(-76.8079321881391,126.777717264471,29.6835454899999));
#7609=CARTESIAN_POINT('',(-71.8790000000048,128.777717264471,29.6835454900004));
#7610=CARTESIAN_POINT('Origin',(-73.8790000000048,128.777717264471,29.6835454900002));
#7611=CARTESIAN_POINT('',(-71.879000000005,184.477717259996,29.6835454900006));
#7612=CARTESIAN_POINT('',(-71.8790000000049,156.427717262233,29.6835454900005));
#7613=CARTESIAN_POINT('',(-73.879000000005,186.477717259996,29.6835454900004));
#7614=CARTESIAN_POINT('Origin',(-73.879000000005,184.477717259996,29.6835454900004));
#7615=CARTESIAN_POINT('',(-79.7368643762737,186.477717259996,29.6835454899998));
#7616=CARTESIAN_POINT('',(-76.8079321881394,186.477717259996,29.6835454900001));
#7617=CARTESIAN_POINT('',(-81.7368643762737,184.477717259996,29.6835454899996));
#7618=CARTESIAN_POINT('Origin',(-79.7368643762737,184.477717259996,29.6835454899998));
#7619=CARTESIAN_POINT('',(-81.7368643762728,176.577715957591,29.6835454899997));
#7620=CARTESIAN_POINT('',(-81.7368643762737,156.427717262233,29.6835454899995));
#7621=CARTESIAN_POINT('',(-81.3368643762727,176.977715957591,29.6835454899997));
#7622=CARTESIAN_POINT('',(-85.8118656030584,172.502714730805,29.6835454899993));
#7623=CARTESIAN_POINT('',(-73.7579381833858,176.977715957591,29.6835454900003));
#7624=CARTESIAN_POINT('',(-75.4829310964072,176.977715957591,29.6835454900002));
#7625=CARTESIAN_POINT('',(-73.3579381833858,176.577715957591,29.6835454900003));
#7626=CARTESIAN_POINT('',(-69.2829370107349,172.50271478494,29.6835454900008));
#7627=CARTESIAN_POINT('',(-73.3579381833857,159.487716880271,29.6835454900003));
#7628=CARTESIAN_POINT('',(-73.3579381833859,158.796217071252,29.6835454900003));
#7629=CARTESIAN_POINT('',(-73.7579381833857,159.087716880271,29.6835454900003));
#7630=CARTESIAN_POINT('',(-75.0854365890836,157.760218474573,29.6835454900002));
#7631=CARTESIAN_POINT('',(-78.1329290822469,159.087716880271,29.6835454899999));
#7632=CARTESIAN_POINT('Origin',(-76.8079321881395,126.777717264471,33.18354549));
#7633=CARTESIAN_POINT('',(-79.736864376274,126.777717264471,34.6835463442268));
#7634=CARTESIAN_POINT('',(-79.7368643762739,126.777717264471,33.1835454899996));
#7635=CARTESIAN_POINT('',(-73.8790000000053,126.777717264471,34.6835463442274));
#7636=CARTESIAN_POINT('',(9.69215457686306,126.777717264471,34.6835454899999));
#7637=CARTESIAN_POINT('',(-73.8790000000051,126.777717264471,33.1835454900002));
#7638=CARTESIAN_POINT('Origin',(-73.8790000000051,128.777717264471,33.1835454900002));
#7639=CARTESIAN_POINT('',(-71.8790000000053,128.777717264471,34.6835463442275));
#7640=CARTESIAN_POINT('Origin',(-73.8790000000053,128.777717264471,34.6835454899832));
#7641=CARTESIAN_POINT('',(-71.8790000000048,128.777717264471,29.6835454900004));
#7642=CARTESIAN_POINT('Origin',(-79.7368643762739,128.777717264471,33.1835454899996));
#7643=CARTESIAN_POINT('',(-81.736864376274,128.777717264471,34.6835463442266));
#7644=CARTESIAN_POINT('',(-81.7368643762739,128.777717264471,33.1835454899994));
#7645=CARTESIAN_POINT('Origin',(-79.736864376274,128.777717264471,34.6835454899826));
#7646=CARTESIAN_POINT('Origin',(-90.8790000000046,125.577717264471,-7.96645451000067));
#7647=CARTESIAN_POINT('',(-93.4290000000045,125.577717264471,-7.96645451000067));
#7648=CARTESIAN_POINT('Origin',(-58.2290000000052,125.577717264471,24.6835454899998));
#7649=CARTESIAN_POINT('',(-60.7790000000052,125.577717264471,24.6835454899999));
#7650=CARTESIAN_POINT('Origin',(-74.7408689663222,125.577717264471,6.86160904308515));
#7651=CARTESIAN_POINT('',(-75.6046930163088,125.377717264471,5.71494228062388));
#7652=CARTESIAN_POINT('',(-72.3561880162711,125.777717264471,9.52913270561092));
#7653=CARTESIAN_POINT('Origin',(-60.4132696921472,125.577717264471,-34.2697046096312));
#7654=CARTESIAN_POINT('',(-73.2623806581311,125.377717264471,14.45657100854));
#7655=CARTESIAN_POINT('Origin',(-29.6867045272486,125.577717264471,2.57344854354854));
#7656=CARTESIAN_POINT('',(-78.3093623573493,125.377717264471,15.80890567906));
#7657=CARTESIAN_POINT('Origin',(-79.1733184254224,125.577717264471,14.6621068985123));
#7658=CARTESIAN_POINT('',(-82.0040093860472,125.377717264471,12.114258650362));
#7659=CARTESIAN_POINT('Origin',(-69.3849237266631,125.577717264471,-34.2080695144892));
#7660=CARTESIAN_POINT('',(-80.651674715527,125.377717264471,7.06727695114395));
#7661=CARTESIAN_POINT('Origin',(-34.2259091026643,125.577717264471,-5.16541421673625));
#7662=CARTESIAN_POINT('Ctrl Pts',(-85.0140604030237,125.377717264471,20.3121249740986));
#7663=CARTESIAN_POINT('Ctrl Pts',(-85.0140604030237,125.777717264471,20.3121249740986));
#7664=CARTESIAN_POINT('Ctrl Pts',(-85.0172904185141,125.377717264471,20.448153091861));
#7665=CARTESIAN_POINT('Ctrl Pts',(-85.0172904185141,125.777717264471,20.448153091861));
#7666=CARTESIAN_POINT('Ctrl Pts',(-85.0238140941501,125.377717264471,20.7228896435196));
#7667=CARTESIAN_POINT('Ctrl Pts',(-85.0238140941501,125.777717264471,20.7228896435196));
#7668=CARTESIAN_POINT('Ctrl Pts',(-85.199392160074,125.377717264471,20.934551995305));
#7669=CARTESIAN_POINT('Ctrl Pts',(-85.199392160074,125.777717264471,20.934551995305));
#7670=CARTESIAN_POINT('Ctrl Pts',(-85.2880376584752,125.377717264471,21.0414156548861));
#7671=CARTESIAN_POINT('Ctrl Pts',(-85.2880376584752,125.777717264471,21.0414156548861));
#7672=CARTESIAN_POINT('',(-85.0140604030237,125.377717264471,20.3121249740986));
#7673=CARTESIAN_POINT('',(-85.2880376584752,125.377717264471,21.0414156548861));
#7674=CARTESIAN_POINT('Ctrl Pts',(-85.5851351347821,125.377717264471,19.3551598739024));
#7675=CARTESIAN_POINT('Ctrl Pts',(-85.5851351347821,125.777717264471,19.3551598739024));
#7676=CARTESIAN_POINT('Ctrl Pts',(-85.4296807139761,125.377717264471,19.5139329807188));
#7677=CARTESIAN_POINT('Ctrl Pts',(-85.4296807139761,125.777717264471,19.5139329807188));
#7678=CARTESIAN_POINT('Ctrl Pts',(-85.1606138641623,125.377717264471,19.7887439475908));
#7679=CARTESIAN_POINT('Ctrl Pts',(-85.1606138641623,125.777717264471,19.7887439475908));
#7680=CARTESIAN_POINT('Ctrl Pts',(-85.0575701920844,125.377717264471,20.1567400525495));
#7681=CARTESIAN_POINT('Ctrl Pts',(-85.0575701920844,125.777717264471,20.1567400525495));
#7682=CARTESIAN_POINT('Ctrl Pts',(-85.0140604030237,125.377717264471,20.3121249740986));
#7683=CARTESIAN_POINT('Ctrl Pts',(-85.0140604030237,125.777717264471,20.3121249740986));
#7684=CARTESIAN_POINT('',(-85.5851351347821,125.377717264471,19.3551598739024));
#7685=CARTESIAN_POINT('Ctrl Pts',(-86.5112161383532,125.377717264471,18.8187881116409));
#7686=CARTESIAN_POINT('Ctrl Pts',(-86.5112161383532,125.777717264471,18.8187881116409));
#7687=CARTESIAN_POINT('Ctrl Pts',(-86.358404866788,125.377717264471,18.8584983925415));
#7688=CARTESIAN_POINT('Ctrl Pts',(-86.358404866788,125.777717264471,18.8584983925415));
#7689=CARTESIAN_POINT('Ctrl Pts',(-86.0025375297819,125.377717264471,18.9509758110662));
#7690=CARTESIAN_POINT('Ctrl Pts',(-86.0025375297819,125.777717264471,18.9509758110662));
#7691=CARTESIAN_POINT('Ctrl Pts',(-85.7367768224682,125.377717264471,19.208320387214));
#7692=CARTESIAN_POINT('Ctrl Pts',(-85.7367768224682,125.777717264471,19.208320387214));
#7693=CARTESIAN_POINT('Ctrl Pts',(-85.5851351347821,125.377717264471,19.3551598739024));
#7694=CARTESIAN_POINT('Ctrl Pts',(-85.5851351347821,125.777717264471,19.3551598739024));
#7695=CARTESIAN_POINT('',(-86.5112161383532,125.377717264471,18.8187881116409));
#7696=CARTESIAN_POINT('Ctrl Pts',(-87.248231540172,125.377717264471,19.1043221795984));
#7697=CARTESIAN_POINT('Ctrl Pts',(-87.248231540172,125.777717264471,19.1043221795984));
#7698=CARTESIAN_POINT('Ctrl Pts',(-87.1399147256391,125.377717264471,19.0137410570657));
#7699=CARTESIAN_POINT('Ctrl Pts',(-87.1399147256391,125.777717264471,19.0137410570657));
#7700=CARTESIAN_POINT('Ctrl Pts',(-86.9262781146151,125.377717264471,18.8350851011639));
#7701=CARTESIAN_POINT('Ctrl Pts',(-86.9262781146151,125.777717264471,18.8350851011639));
#7702=CARTESIAN_POINT('Ctrl Pts',(-86.6482701113761,125.377717264471,18.8241693975456));
#7703=CARTESIAN_POINT('Ctrl Pts',(-86.6482701113761,125.777717264471,18.8241693975457));
#7704=CARTESIAN_POINT('Ctrl Pts',(-86.5112161383532,125.377717264471,18.8187881116409));
#7705=CARTESIAN_POINT('Ctrl Pts',(-86.5112161383532,125.777717264471,18.8187881116409));
#7706=CARTESIAN_POINT('',(-87.248231540172,125.377717264471,19.1043221795984));
#7707=CARTESIAN_POINT('Ctrl Pts',(-87.5067713316727,125.377717264471,19.6175257513725));
#7708=CARTESIAN_POINT('Ctrl Pts',(-87.5067713316727,125.777717264471,19.6175257513725));
#7709=CARTESIAN_POINT('Ctrl Pts',(-87.4871562442777,125.377717264471,19.5236521545467));
#7710=CARTESIAN_POINT('Ctrl Pts',(-87.4871562442777,125.777717264471,19.5236521545467));
#7711=CARTESIAN_POINT('Ctrl Pts',(-87.4466668766279,125.377717264471,19.3298787342225));
#7712=CARTESIAN_POINT('Ctrl Pts',(-87.4466668766279,125.777717264471,19.3298787342225));
#7713=CARTESIAN_POINT('Ctrl Pts',(-87.3157339616721,125.377717264471,19.1810505178786));
#7714=CARTESIAN_POINT('Ctrl Pts',(-87.3157339616721,125.777717264471,19.1810505178786));
#7715=CARTESIAN_POINT('Ctrl Pts',(-87.248231540172,125.377717264471,19.1043221795984));
#7716=CARTESIAN_POINT('Ctrl Pts',(-87.248231540172,125.777717264471,19.1043221795984));
#7717=CARTESIAN_POINT('',(-87.5067713316727,125.377717264471,19.6175257513725));
#7718=CARTESIAN_POINT('Ctrl Pts',(-87.3697949380078,125.377717264471,20.175109933093));
#7719=CARTESIAN_POINT('Ctrl Pts',(-87.3697949380078,125.777717264471,20.175109933093));
#7720=CARTESIAN_POINT('Ctrl Pts',(-87.418088084785,125.377717264471,20.0856919908417));
#7721=CARTESIAN_POINT('Ctrl Pts',(-87.418088084785,125.777717264471,20.0856919908417));
#7722=CARTESIAN_POINT('Ctrl Pts',(-87.5121726811086,125.377717264471,19.9114881635451));
#7723=CARTESIAN_POINT('Ctrl Pts',(-87.5121726811086,125.777717264471,19.9114881635451));
#7724=CARTESIAN_POINT('Ctrl Pts',(-87.5085395802576,125.377717264471,19.7137607062699));
#7725=CARTESIAN_POINT('Ctrl Pts',(-87.5085395802576,125.777717264471,19.7137607062699));
#7726=CARTESIAN_POINT('Ctrl Pts',(-87.5067713316727,125.377717264471,19.6175257513725));
#7727=CARTESIAN_POINT('Ctrl Pts',(-87.5067713316727,125.777717264471,19.6175257513725));
#7728=CARTESIAN_POINT('',(-87.3697949380078,125.377717264471,20.175109933093));
#7729=CARTESIAN_POINT('Origin',(-88.0701546164367,125.377717264471,20.6053455764472));
#7730=CARTESIAN_POINT('',(-88.0701546164367,125.377717264471,20.6053455764472));
#7731=CARTESIAN_POINT('Ctrl Pts',(-88.3016659887383,125.377717264471,19.7950156053514));
#7732=CARTESIAN_POINT('Ctrl Pts',(-88.3016659887383,125.777717264471,19.7950156053514));
#7733=CARTESIAN_POINT('Ctrl Pts',(-88.2921779900907,125.377717264471,19.9270880694247));
#7734=CARTESIAN_POINT('Ctrl Pts',(-88.2921779900907,125.777717264471,19.9270880694247));
#7735=CARTESIAN_POINT('Ctrl Pts',(-88.2716557637271,125.377717264471,20.2127564284532));
#7736=CARTESIAN_POINT('Ctrl Pts',(-88.2716557637271,125.777717264471,20.2127564284532));
#7737=CARTESIAN_POINT('Ctrl Pts',(-88.1406127717997,125.377717264471,20.468070391888));
#7738=CARTESIAN_POINT('Ctrl Pts',(-88.1406127717997,125.777717264471,20.468070391888));
#7739=CARTESIAN_POINT('Ctrl Pts',(-88.0701546164367,125.377717264471,20.6053455764472));
#7740=CARTESIAN_POINT('Ctrl Pts',(-88.0701546164367,125.777717264471,20.6053455764472));
#7741=CARTESIAN_POINT('',(-88.3016659887383,125.377717264471,19.7950156053514));
#7742=CARTESIAN_POINT('Ctrl Pts',(-87.7652914155935,125.377717264471,18.6451300420011));
#7743=CARTESIAN_POINT('Ctrl Pts',(-87.7652914155935,125.777717264471,18.6451300420011));
#7744=CARTESIAN_POINT('Ctrl Pts',(-87.9171818980055,125.377717264471,18.8180083656861));
#7745=CARTESIAN_POINT('Ctrl Pts',(-87.9171818980055,125.777717264471,18.8180083656861));
#7746=CARTESIAN_POINT('Ctrl Pts',(-88.2087314150506,125.377717264471,19.1498434548735));
#7747=CARTESIAN_POINT('Ctrl Pts',(-88.2087314150506,125.777717264471,19.1498434548735));
#7748=CARTESIAN_POINT('Ctrl Pts',(-88.2715665095077,125.377717264471,19.5860584328713));
#7749=CARTESIAN_POINT('Ctrl Pts',(-88.2715665095077,125.777717264471,19.5860584328714));
#7750=CARTESIAN_POINT('Ctrl Pts',(-88.3016659887383,125.377717264471,19.7950156053514));
#7751=CARTESIAN_POINT('Ctrl Pts',(-88.3016659887383,125.777717264471,19.7950156053514));
#7752=CARTESIAN_POINT('',(-87.7652914155935,125.377717264471,18.6451300420011));
#7753=CARTESIAN_POINT('Ctrl Pts',(-86.4147388647349,125.377717264471,18.0779189700875));
#7754=CARTESIAN_POINT('Ctrl Pts',(-86.4147388647349,125.777717264471,18.0779189700875));
#7755=CARTESIAN_POINT('Ctrl Pts',(-86.6628494324656,125.377717264471,18.097614772031));
#7756=CARTESIAN_POINT('Ctrl Pts',(-86.6628494324656,125.777717264471,18.097614772031));
#7757=CARTESIAN_POINT('Ctrl Pts',(-87.1742659641795,125.377717264471,18.1382126345542));
#7758=CARTESIAN_POINT('Ctrl Pts',(-87.1742659641795,125.777717264471,18.1382126345542));
#7759=CARTESIAN_POINT('Ctrl Pts',(-87.5644188101282,125.377717264471,18.472843349193));
#7760=CARTESIAN_POINT('Ctrl Pts',(-87.5644188101282,125.777717264471,18.472843349193));
#7761=CARTESIAN_POINT('Ctrl Pts',(-87.7652914155935,125.377717264471,18.6451300420011));
#7762=CARTESIAN_POINT('Ctrl Pts',(-87.7652914155935,125.777717264471,18.6451300420011));
#7763=CARTESIAN_POINT('',(-86.4147388647349,125.377717264471,18.0779189700875));
#7764=CARTESIAN_POINT('Ctrl Pts',(-84.9542304782375,125.377717264471,18.8091621691845));
#7765=CARTESIAN_POINT('Ctrl Pts',(-84.9542304782375,125.777717264471,18.8091621691845));
#7766=CARTESIAN_POINT('Ctrl Pts',(-85.1803074926849,125.377717264471,18.6028997674319));
#7767=CARTESIAN_POINT('Ctrl Pts',(-85.1803074926849,125.777717264471,18.6028997674319));
#7768=CARTESIAN_POINT('Ctrl Pts',(-85.6000421775604,125.377717264471,18.219952901237));
#7769=CARTESIAN_POINT('Ctrl Pts',(-85.6000421775604,125.777717264471,18.219952901237));
#7770=CARTESIAN_POINT('Ctrl Pts',(-86.1575262321034,125.377717264471,18.1227613291262));
#7771=CARTESIAN_POINT('Ctrl Pts',(-86.1575262321034,125.777717264471,18.1227613291262));
#7772=CARTESIAN_POINT('Ctrl Pts',(-86.4147388647349,125.377717264471,18.0779189700875));
#7773=CARTESIAN_POINT('Ctrl Pts',(-86.4147388647349,125.777717264471,18.0779189700875));
#7774=CARTESIAN_POINT('',(-84.9542304782375,125.377717264471,18.8091621691845));
#7775=CARTESIAN_POINT('Ctrl Pts',(-84.2635419959122,125.377717264471,20.2253142135847));
#7776=CARTESIAN_POINT('Ctrl Pts',(-84.2635419959122,125.777717264471,20.2253142135847));
#7777=CARTESIAN_POINT('Ctrl Pts',(-84.3045844577148,125.377717264471,19.9729157801578));
#7778=CARTESIAN_POINT('Ctrl Pts',(-84.3045844577148,125.777717264471,19.9729157801578));
#7779=CARTESIAN_POINT('Ctrl Pts',(-84.3922899038061,125.377717264471,19.4335544401154));
#7780=CARTESIAN_POINT('Ctrl Pts',(-84.3922899038061,125.777717264471,19.4335544401154));
#7781=CARTESIAN_POINT('Ctrl Pts',(-84.7590817805728,125.377717264471,19.025998866957));
#7782=CARTESIAN_POINT('Ctrl Pts',(-84.7590817805728,125.777717264471,19.025998866957));
#7783=CARTESIAN_POINT('Ctrl Pts',(-84.9542304782375,125.377717264471,18.8091621691845));
#7784=CARTESIAN_POINT('Ctrl Pts',(-84.9542304782375,125.777717264471,18.8091621691845));
#7785=CARTESIAN_POINT('',(-84.2635419959122,125.377717264471,20.2253142135847));
#7786=CARTESIAN_POINT('Ctrl Pts',(-84.8057068254501,125.377717264471,21.5353354920158));
#7787=CARTESIAN_POINT('Ctrl Pts',(-84.8057068254501,125.777717264471,21.5353354920158));
#7788=CARTESIAN_POINT('Ctrl Pts',(-84.6422218305848,125.377717264471,21.3422626245318));
#7789=CARTESIAN_POINT('Ctrl Pts',(-84.6422218305848,125.777717264471,21.3422626245318));
#7790=CARTESIAN_POINT('Ctrl Pts',(-84.3211162499162,125.377717264471,20.9630426522286));
#7791=CARTESIAN_POINT('Ctrl Pts',(-84.3211162499162,125.777717264471,20.9630426522286));
#7792=CARTESIAN_POINT('Ctrl Pts',(-84.2824983185009,125.377717264471,20.4682112950619));
#7793=CARTESIAN_POINT('Ctrl Pts',(-84.2824983185009,125.777717264471,20.4682112950619));
#7794=CARTESIAN_POINT('Ctrl Pts',(-84.2635419959122,125.377717264471,20.2253142135847));
#7795=CARTESIAN_POINT('Ctrl Pts',(-84.2635419959122,125.777717264471,20.2253142135847));
#7796=CARTESIAN_POINT('',(-84.8057068254501,125.377717264471,21.5353354920158));
#7797=CARTESIAN_POINT('Ctrl Pts',(-85.7800355751475,125.377717264471,22.0620351044548));
#7798=CARTESIAN_POINT('Ctrl Pts',(-85.7800355751475,125.777717264471,22.0620351044548));
#7799=CARTESIAN_POINT('Ctrl Pts',(-85.6059301129471,125.377717264471,22.018375928326));
#7800=CARTESIAN_POINT('Ctrl Pts',(-85.6059301129471,125.777717264471,22.018375928326));
#7801=CARTESIAN_POINT('Ctrl Pts',(-85.2372182318808,125.377717264471,21.925916698427));
#7802=CARTESIAN_POINT('Ctrl Pts',(-85.2372182318808,125.777717264471,21.925916698427));
#7803=CARTESIAN_POINT('Ctrl Pts',(-84.9547786548498,125.377717264471,21.670267394397));
#7804=CARTESIAN_POINT('Ctrl Pts',(-84.9547786548498,125.777717264471,21.670267394397));
#7805=CARTESIAN_POINT('Ctrl Pts',(-84.8057068254501,125.377717264471,21.5353354920158));
#7806=CARTESIAN_POINT('Ctrl Pts',(-84.8057068254501,125.777717264471,21.5353354920158));
#7807=CARTESIAN_POINT('',(-85.7800355751475,125.377717264471,22.0620351044548));
#7808=CARTESIAN_POINT('Ctrl Pts',(-86.8932671043336,125.377717264471,21.7976995371645));
#7809=CARTESIAN_POINT('Ctrl Pts',(-86.8932671043336,125.777717264471,21.7976995371645));
#7810=CARTESIAN_POINT('Ctrl Pts',(-86.7060974809108,125.377717264471,21.8934000247706));
#7811=CARTESIAN_POINT('Ctrl Pts',(-86.7060974809108,125.777717264471,21.8934000247706));
#7812=CARTESIAN_POINT('Ctrl Pts',(-86.3555664443336,125.377717264471,22.072627778228));
#7813=CARTESIAN_POINT('Ctrl Pts',(-86.3555664443336,125.777717264471,22.072627778228));
#7814=CARTESIAN_POINT('Ctrl Pts',(-85.9629912425315,125.377717264471,22.0654024124539));
#7815=CARTESIAN_POINT('Ctrl Pts',(-85.9629912425315,125.777717264471,22.0654024124539));
#7816=CARTESIAN_POINT('Ctrl Pts',(-85.7800355751475,125.377717264471,22.0620351044548));
#7817=CARTESIAN_POINT('Ctrl Pts',(-85.7800355751475,125.777717264471,22.0620351044548));
#7818=CARTESIAN_POINT('',(-86.8932671043336,125.377717264471,21.7976995371645));
#7819=CARTESIAN_POINT('Origin',(-86.5151045252462,125.377717264471,21.0684102384728));
#7820=CARTESIAN_POINT('',(-86.5151045252462,125.377717264471,21.0684102384728));
#7821=CARTESIAN_POINT('Ctrl Pts',(-85.8244002535026,125.377717264471,21.2883652589633));
#7822=CARTESIAN_POINT('Ctrl Pts',(-85.8244002535026,125.777717264471,21.2883652589633));
#7823=CARTESIAN_POINT('Ctrl Pts',(-85.9356134456639,125.377717264471,21.2805680026043));
#7824=CARTESIAN_POINT('Ctrl Pts',(-85.9356134456639,125.777717264471,21.2805680026043));
#7825=CARTESIAN_POINT('Ctrl Pts',(-86.1827220332176,125.377717264471,21.2632429985447));
#7826=CARTESIAN_POINT('Ctrl Pts',(-86.1827220332176,125.777717264471,21.2632429985447));
#7827=CARTESIAN_POINT('Ctrl Pts',(-86.3971703726343,125.377717264471,21.1375397414135));
#7828=CARTESIAN_POINT('Ctrl Pts',(-86.3971703726343,125.777717264471,21.1375397414135));
#7829=CARTESIAN_POINT('Ctrl Pts',(-86.5151045252462,125.377717264471,21.0684102384728));
#7830=CARTESIAN_POINT('Ctrl Pts',(-86.5151045252462,125.777717264471,21.0684102384728));
#7831=CARTESIAN_POINT('',(-85.8244002535026,125.377717264471,21.2883652589633));
#7832=CARTESIAN_POINT('Ctrl Pts',(-85.2880376584752,125.377717264471,21.0414156548861));
#7833=CARTESIAN_POINT('Ctrl Pts',(-85.2880376584752,125.777717264471,21.0414156548861));
#7834=CARTESIAN_POINT('Ctrl Pts',(-85.3667211731449,125.377717264471,21.1085817951811));
#7835=CARTESIAN_POINT('Ctrl Pts',(-85.3667211731449,125.777717264471,21.1085817951811));
#7836=CARTESIAN_POINT('Ctrl Pts',(-85.5223651124497,125.377717264471,21.2414432046809));
#7837=CARTESIAN_POINT('Ctrl Pts',(-85.5223651124497,125.777717264471,21.2414432046809));
#7838=CARTESIAN_POINT('Ctrl Pts',(-85.724467679941,125.377717264471,21.2728404374975));
#7839=CARTESIAN_POINT('Ctrl Pts',(-85.724467679941,125.777717264471,21.2728404374975));
#7840=CARTESIAN_POINT('Ctrl Pts',(-85.8244002535026,125.377717264471,21.2883652589633));
#7841=CARTESIAN_POINT('Ctrl Pts',(-85.8244002535026,125.777717264471,21.2883652589633));
#7842=CARTESIAN_POINT('Origin',(-89.3300162304106,125.377717264471,20.3062794559503));
#7843=CARTESIAN_POINT('',(-89.3300162304106,125.377717264471,20.3062794559503));
#7844=CARTESIAN_POINT('',(-89.9011113645331,125.377717264471,20.8773594382699));
#7845=CARTESIAN_POINT('Origin',(-86.5016265849576,125.377717264471,23.1347441437856));
#7846=CARTESIAN_POINT('',(-86.5016265849576,125.377717264471,23.1347441437856));
#7847=CARTESIAN_POINT('Origin',(-87.07272171908,125.377717264471,23.7058241261052));
#7848=CARTESIAN_POINT('',(-87.07272171908,125.377717264471,23.7058241261052));
#7849=CARTESIAN_POINT('Origin',(-89.9011113645331,125.377717264471,20.8773594382699));
#7850=CARTESIAN_POINT('Origin',(-95.7790000000047,135.377717259996,-5.31645451000077));
#7851=CARTESIAN_POINT('',(-95.7790000000047,135.377717259996,-7.76645451000077));
#7852=CARTESIAN_POINT('Origin',(-95.7790000000047,177.877717259996,-5.31645451000077));
#7853=CARTESIAN_POINT('',(-95.7790000000047,177.877717259996,-7.76645451000077));
#7854=CARTESIAN_POINT('Origin',(-79.4579259763545,136.277717383191,29.6835451015032));
#7855=CARTESIAN_POINT('',(-73.7579381833858,136.277717383191,29.6835451015033));
#7856=CARTESIAN_POINT('Origin',(-81.5368643762727,153.967716880271,29.6835454348488));
#7857=CARTESIAN_POINT('',(-81.3368643762728,154.167716880271,29.6835454348488));
#7858=CARTESIAN_POINT('',(-81.7368643762727,153.767716880271,29.6835454348488));
#7859=CARTESIAN_POINT('Origin',(-74.1579300046749,154.167716880271,29.6835454348489));
#7860=CARTESIAN_POINT('',(-73.7579381833858,154.167716880271,29.6835454348489));
#7861=CARTESIAN_POINT('Origin',(-73.5579381833858,153.967716880271,29.6835454348489));
#7862=CARTESIAN_POINT('',(-73.3579381833858,153.767716880271,29.6835454348489));
#7863=CARTESIAN_POINT('Origin',(-73.3579381833858,138.354717802951,29.6835454348489));
#7864=CARTESIAN_POINT('',(-73.3579381833858,136.676195262428,29.6486828044042));
#7865=CARTESIAN_POINT('Origin',(-73.5579381833858,136.47695632281,29.6661139529537));
#7866=CARTESIAN_POINT('Origin',(-79.4579259763546,159.087716880271,29.683545434849));
#7867=CARTESIAN_POINT('',(-73.7579381833859,159.087716880271,29.683545434849));
#7868=CARTESIAN_POINT('Origin',(-81.7368643762729,175.194715957591,29.6835454348489));
#7869=CARTESIAN_POINT('',(-81.7368643762729,176.577715957591,29.6835454348489));
#7870=CARTESIAN_POINT('',(-81.7368643762742,184.477717259996,34.6835463442268));
#7871=CARTESIAN_POINT('',(-81.7368643762741,184.477717259996,33.1835454899995));
#7872=CARTESIAN_POINT('',(-81.7368643762742,153.344430554115,34.6835454899994));
#7873=CARTESIAN_POINT('Origin',(-81.5368643762729,176.777715957591,29.6835454348489));
#7874=CARTESIAN_POINT('',(-81.3368643762729,176.977715957591,29.6835454348489));
#7875=CARTESIAN_POINT('Origin',(-74.157930004675,176.977715957591,29.683545434849));
#7876=CARTESIAN_POINT('',(-73.7579381833859,176.977715957591,29.683545434849));
#7877=CARTESIAN_POINT('Origin',(-73.5579381833859,176.777715957591,29.683545434849));
#7878=CARTESIAN_POINT('',(-73.3579381833859,176.577715957591,29.683545434849));
#7879=CARTESIAN_POINT('Origin',(-73.3579381833859,161.164716880271,29.683545434849));
#7880=CARTESIAN_POINT('',(-73.3579381833859,159.487716880271,29.683545434849));
#7881=CARTESIAN_POINT('Origin',(-73.5579381833859,159.287716880271,29.683545434849));
#7882=CARTESIAN_POINT('Ctrl Pts',(-61.5652915010203,131.377717259996,19.6835454899997));
#7883=CARTESIAN_POINT('Ctrl Pts',(-60.2958963758322,131.377717259996,19.6835454899997));
#7884=CARTESIAN_POINT('Ctrl Pts',(-58.1881125650619,130.85294274895,19.6835454899997));
#7885=CARTESIAN_POINT('Ctrl Pts',(-56.2956339924466,129.170660250721,19.6835454899998));
#7886=CARTESIAN_POINT('Ctrl Pts',(-55.9084372515279,127.97611586068,19.6835454899998));
#7887=CARTESIAN_POINT('Ctrl Pts',(-55.9084372515279,127.377717259996,19.6835454899998));
#7888=CARTESIAN_POINT('Ctrl Pts',(-61.5652915010203,130.779318659312,19.6835454899997));
#7889=CARTESIAN_POINT('Ctrl Pts',(-60.3912707396787,130.841112888117,19.6810162528672));
#7890=CARTESIAN_POINT('Ctrl Pts',(-58.3943258732633,130.450573858946,19.6825295041692));
#7891=CARTESIAN_POINT('Ctrl Pts',(-56.5804964228956,128.981287987471,19.6816474390104));
#7892=CARTESIAN_POINT('Ctrl Pts',(-56.2076365518698,127.91279781987,19.6835454899998));
#7893=CARTESIAN_POINT('Ctrl Pts',(-56.2076365518698,127.377717259996,19.6835454899998));
#7894=CARTESIAN_POINT('Ctrl Pts',(-61.5652915010203,129.743361251108,19.1813748100589));
#7895=CARTESIAN_POINT('Ctrl Pts',(-60.555081561164,129.903490440564,19.2895391933553));
#7896=CARTESIAN_POINT('Ctrl Pts',(-58.753652228597,129.745986972821,19.4338783872645));
#7897=CARTESIAN_POINT('Ctrl Pts',(-57.078314873626,128.647557592913,19.5435160815765));
#7898=CARTESIAN_POINT('Ctrl Pts',(-56.7308820464113,127.802121124245,19.5639468401993));
#7899=CARTESIAN_POINT('Ctrl Pts',(-56.7308820464113,127.377717259996,19.5639468401993));
#7900=CARTESIAN_POINT('Ctrl Pts',(-61.5652915010203,129.377717259996,18.1323444405125));
#7901=CARTESIAN_POINT('Ctrl Pts',(-60.6134889061113,129.449556898948,18.4050861854364));
#7902=CARTESIAN_POINT('Ctrl Pts',(-58.9757520307708,129.261292990012,18.8265867313072));
#7903=CARTESIAN_POINT('Ctrl Pts',(-57.473729842718,128.374502966953,19.1849604996708));
#7904=CARTESIAN_POINT('Ctrl Pts',(-57.1639764232525,127.710472570758,19.2564334430213));
#7905=CARTESIAN_POINT('Ctrl Pts',(-57.1639764232525,127.377717259996,19.2564334430213));
#7906=CARTESIAN_POINT('Ctrl Pts',(-61.5652915010203,129.377717259996,17.6835454899997));
#7907=CARTESIAN_POINT('Ctrl Pts',(-60.6132451571292,129.377717259996,18.0008942712967));
#7908=CARTESIAN_POINT('Ctrl Pts',(-59.0324072990515,129.115330004473,18.5278402239893));
#7909=CARTESIAN_POINT('Ctrl Pts',(-57.61304836959,128.274188755358,19.0009598671431));
#7910=CARTESIAN_POINT('Ctrl Pts',(-57.322650813901,127.676916560338,19.0977590523728));
#7911=CARTESIAN_POINT('Ctrl Pts',(-57.322650813901,127.377717259996,19.0977590523728));
#7912=CARTESIAN_POINT('',(-55.9084372515279,127.377717259996,19.6835454899998));
#7913=CARTESIAN_POINT('Origin',(-61.5652915010203,127.377717259996,19.6835454899997));
#7914=CARTESIAN_POINT('Origin',(-55.9084372515279,127.377717259996,17.6835454899998));
#7915=CARTESIAN_POINT('Origin',(-55.9084372515279,125.377717259996,17.6835454899998));
#7916=CARTESIAN_POINT('',(-55.9084372515279,125.377717259996,19.6835454899998));
#7917=CARTESIAN_POINT('Origin',(-60.8790000000052,177.877717259996,29.5835454899997));
#7918=CARTESIAN_POINT('',(-58.3290000000051,177.877717259996,29.6835454899997));
#7919=CARTESIAN_POINT('',(-58.4290000000052,177.877717259996,29.5835454899997));
#7920=CARTESIAN_POINT('Origin',(-60.8790000000052,177.877717259996,29.6835454899997));
#7921=CARTESIAN_POINT('Origin',(-60.8790000000052,135.377717259996,29.5835454899997));
#7922=CARTESIAN_POINT('',(-58.3290000000051,135.377717259996,29.6835454899997));
#7923=CARTESIAN_POINT('',(-58.4290000000052,135.377717259996,29.5835454899998));
#7924=CARTESIAN_POINT('Origin',(-60.8790000000052,135.377717259996,29.6835454899997));
#7925=CARTESIAN_POINT('Origin',(-71.8790000000052,156.427717262233,33.1835454900005));
#7926=CARTESIAN_POINT('',(-71.8790000000055,184.477717259996,34.6835463442278));
#7927=CARTESIAN_POINT('',(-71.8790000000052,129.377717264471,34.6835454899995));
#7928=CARTESIAN_POINT('',(-71.8790000000053,184.477717259996,33.1835454900005));
#7929=CARTESIAN_POINT('Origin',(-73.8790000000053,184.477717259996,33.1835454900003));
#7930=CARTESIAN_POINT('',(-73.8790000000055,186.477717259996,34.6835463442276));
#7931=CARTESIAN_POINT('Origin',(-73.8790000000055,184.477717259996,34.6835454899834));
#7932=CARTESIAN_POINT('',(-73.879000000005,186.477717259996,29.6835454900005));
#7933=CARTESIAN_POINT('Origin',(-76.8079321881397,186.477717259996,33.18354549));
#7934=CARTESIAN_POINT('',(-79.7368643762742,186.477717259996,34.683546344227));
#7935=CARTESIAN_POINT('',(12.6210867649972,186.477717259997,34.6835454899999));
#7936=CARTESIAN_POINT('',(-79.7368643762741,186.477717259996,33.1835454899997));
#7937=CARTESIAN_POINT('Origin',(-79.7368643762741,184.477717259996,33.1835454899997));
#7938=CARTESIAN_POINT('Origin',(-79.7368643762742,184.477717259996,34.6835454899828));
#7939=CARTESIAN_POINT('Origin',(99.1211735299997,125.37771726,34.68354549));
#7940=CARTESIAN_POINT('',(-81.7368643762742,153.344430554115,34.6835454899994));
#7941=CARTESIAN_POINT('',(-71.8790000000052,129.377717264471,34.6835454899995));
#7942=CARTESIAN_POINT('Origin',(-85.879000000005,125.377717259996,19.6835454899994));
#7943=CARTESIAN_POINT('',(-52.879000000005,187.477717259996,19.6835454899997));
#7944=CARTESIAN_POINT('',(-80.879000000005,187.477717259996,19.6835454899994));
#7945=CARTESIAN_POINT('',(-52.879000000005,153.344430554116,19.6835454899998));
#7946=CARTESIAN_POINT('Origin',(-52.879000000005,125.377717259996,21.6835454899998));
#7947=CARTESIAN_POINT('',(-50.879000000005,187.477717259996,21.6835454899998));
#7948=CARTESIAN_POINT('',(-50.879000000005,125.377717259996,21.6835454899998));
#7949=CARTESIAN_POINT('Origin',(-52.879000000005,187.477717259996,21.6835454899997));
#7950=CARTESIAN_POINT('Origin',(-50.879000000005,125.377717259996,19.6835454899998));
#7951=CARTESIAN_POINT('',(-50.8790000000051,187.477717259996,27.6835454899998));
#7952=CARTESIAN_POINT('',(-50.8790000000051,153.344430554116,27.6835454899998));
#7953=CARTESIAN_POINT('',(-50.879000000005,187.477717259996,14.6835454899998));
#7954=CARTESIAN_POINT('Origin',(-52.8790000000051,125.377717259996,27.6835454899998));
#7955=CARTESIAN_POINT('',(-52.8790000000051,187.477717259996,29.6835454899997));
#7956=CARTESIAN_POINT('',(-52.8790000000051,129.377717264471,29.6835454899998));
#7957=CARTESIAN_POINT('Origin',(-52.8790000000051,187.477717259996,27.6835454899997));
#7958=CARTESIAN_POINT('Origin',(86.1211735270449,125.377717264471,29.6835454894154));
#7959=CARTESIAN_POINT('',(-69.8790000000051,187.477717259996,29.6835454899995));
#7960=CARTESIAN_POINT('',(-63.3790000000052,187.477717259996,29.6835454899996));
#7961=CARTESIAN_POINT('',(-69.8790000000052,125.377717262233,29.6835454894154));
#7962=CARTESIAN_POINT('Origin',(-69.8790000000052,125.377717262233,30.6835454894154));
#7963=CARTESIAN_POINT('',(-70.8790000000051,187.477717259996,30.6835454899995));
#7964=CARTESIAN_POINT('Origin',(-69.8790000000052,187.477717259996,30.6835454894154));
#7965=CARTESIAN_POINT('',(-70.8790000000052,125.377717262233,30.6835454894154));
#7966=CARTESIAN_POINT('Origin',(-70.8790000000051,125.377717259996,29.6835454899995));
#7967=CARTESIAN_POINT('',(-70.8790000000052,187.477717259996,33.6835454899995));
#7968=CARTESIAN_POINT('',(-70.879000000005,187.477717259996,19.6835454899995));
#7969=CARTESIAN_POINT('',(-70.8790000000052,153.344430554116,33.6835454899995));
#7970=CARTESIAN_POINT('Origin',(-71.8790000000052,125.377717259996,33.6835454899995));
#7971=CARTESIAN_POINT('',(-71.8790000000052,187.477717259996,34.6835454899995));
#7972=CARTESIAN_POINT('Origin',(-71.8790000000052,187.477717259996,33.6835454899995));
#7973=CARTESIAN_POINT('',(-71.8790000000052,129.377717264471,34.6835454899995));
#7974=CARTESIAN_POINT('Origin',(99.1211735299997,125.37771726,34.68354549));
#7975=CARTESIAN_POINT('',(-81.7368643762742,187.477717259996,34.6835454899994));
#7976=CARTESIAN_POINT('',(-73.3790000000052,187.477717259996,34.6835454899995));
#7977=CARTESIAN_POINT('',(-81.7368643762742,153.344430554115,34.6835454899994));
#7978=CARTESIAN_POINT('Origin',(-81.7368643762741,125.377717259996,24.6835454899994));
#7979=CARTESIAN_POINT('',(-88.8079321881401,187.477717259996,31.7546133018648));
#7980=CARTESIAN_POINT('Origin',(-81.7368643762741,187.477717259996,24.6835454899994));
#7981=CARTESIAN_POINT('',(-88.8079321881401,125.377717259996,31.7546133018648));
#7982=CARTESIAN_POINT('Origin',(-93.3790000000051,125.377717259996,27.1835454899993));
#7983=CARTESIAN_POINT('',(-97.950067811871,187.477717259996,22.6124776781337));
#7984=CARTESIAN_POINT('',(-93.3790000000051,187.477717259996,27.1835454899993));
#7985=CARTESIAN_POINT('',(-97.9500678118711,153.344430554115,22.6124776781337));
#7986=CARTESIAN_POINT('Origin',(-90.879000000005,125.377717259996,15.5414098662684));
#7987=CARTESIAN_POINT('',(-100.879000000005,187.477717259996,15.5414098662683));
#7988=CARTESIAN_POINT('Origin',(-90.879000000005,187.477717259996,15.5414098662684));
#7989=CARTESIAN_POINT('',(-100.879000000004,122.377717264471,15.5414098662683));
#7990=CARTESIAN_POINT('Origin',(-100.879000000005,125.377717259996,34.6835454899992));
#7991=CARTESIAN_POINT('',(-100.879000000005,187.477717259996,5.68354548999917));
#7992=CARTESIAN_POINT('',(-100.879000000005,187.477717259996,22.1835454899992));
#7993=CARTESIAN_POINT('',(-100.879000000005,122.377717264471,5.68354548999919));
#7994=CARTESIAN_POINT('Origin',(-99.8790000000049,125.377717259996,5.68354548999919));
#7995=CARTESIAN_POINT('',(-99.8790000000048,187.477717259996,4.68354548999918));
#7996=CARTESIAN_POINT('Origin',(-99.8790000000049,187.477717259996,5.68354548999918));
#7997=CARTESIAN_POINT('',(-99.8790000000048,125.377717259996,4.68354548999919));
#7998=CARTESIAN_POINT('Origin',(-100.879000000005,125.377717259996,4.68354548999918));
#7999=CARTESIAN_POINT('',(-96.8790000000048,187.477717259996,4.68354548999922));
#8000=CARTESIAN_POINT('',(-88.3790000000048,187.477717259996,4.68354548999931));
#8001=CARTESIAN_POINT('',(-96.8790000000048,125.377717259996,4.68354548999922));
#8002=CARTESIAN_POINT('Origin',(-96.8790000000048,125.377717259996,3.68354548999922));
#8003=CARTESIAN_POINT('Origin',(-96.8790000000048,187.477717259996,3.6835454899992));
#8004=CARTESIAN_POINT('Origin',(-67.56529150102,187.677717259996,11.6835454899996));
#8005=CARTESIAN_POINT('',(-67.56529150102,187.877717259996,20.0835454899996));
#8006=CARTESIAN_POINT('Origin',(-80.879000000005,187.677717259996,19.8835454899994));
#8007=CARTESIAN_POINT('',(-52.879000000005,187.877717259996,20.0835454899997));
#8008=CARTESIAN_POINT('Origin',(-52.879000000005,187.677717259996,21.6835454899997));
#8009=CARTESIAN_POINT('',(-51.279000000005,187.877717259996,21.6835454899998));
#8010=CARTESIAN_POINT('Origin',(-51.0790000000049,187.677717259996,14.6835454899998));
#8011=CARTESIAN_POINT('',(-51.2790000000051,187.877717259996,27.6835454899998));
#8012=CARTESIAN_POINT('Origin',(-52.8790000000051,187.677717259996,27.6835454899997));
#8013=CARTESIAN_POINT('',(-52.8790000000051,187.877717259996,29.2835454899997));
#8014=CARTESIAN_POINT('Origin',(-63.3790000000052,187.677717259996,29.4835454899996));
#8015=CARTESIAN_POINT('',(-69.8790000000051,187.877717259996,29.2835454899996));
#8016=CARTESIAN_POINT('Origin',(-69.8790000000051,187.677717259996,30.6835454899995));
#8017=CARTESIAN_POINT('',(-71.2790000000051,187.877717259996,30.6835454899995));
#8018=CARTESIAN_POINT('Origin',(-71.079000000005,187.677717259996,19.6835454899995));
#8019=CARTESIAN_POINT('',(-71.2790000000052,187.877717259996,33.6835454899995));
#8020=CARTESIAN_POINT('Origin',(-71.8790000000052,187.677717259996,33.6835454899995));
#8021=CARTESIAN_POINT('',(-71.8790000000052,187.877717259996,34.2835454899995));
#8022=CARTESIAN_POINT('Origin',(-73.3790000000052,187.677717259996,34.4835454899995));
#8023=CARTESIAN_POINT('',(-81.7368643762742,187.877717259996,34.2835454899994));
#8024=CARTESIAN_POINT('Origin',(-81.7368643762741,187.677717259996,24.6835454899994));
#8025=CARTESIAN_POINT('',(-88.5250894756651,187.877717259996,31.4717705893902));
#8026=CARTESIAN_POINT('Origin',(-93.2375786437681,187.677717259996,27.042124133762));
#8027=CARTESIAN_POINT('',(-97.6672250993961,187.877717259996,22.3296349656591));
#8028=CARTESIAN_POINT('Origin',(-90.879000000005,187.677717259996,15.5414098662684));
#8029=CARTESIAN_POINT('',(-100.879000000005,187.477717259996,15.5414098662683));
#8030=CARTESIAN_POINT('Origin',(-100.679000000005,187.677717259996,22.1835454899992));
#8031=CARTESIAN_POINT('',(-100.479000000005,187.877717259996,5.68354548999917));
#8032=CARTESIAN_POINT('Origin',(-99.8790000000049,187.677717259996,5.68354548999918));
#8033=CARTESIAN_POINT('',(-99.8790000000048,187.877717259996,5.08354548999918));
#8034=CARTESIAN_POINT('Origin',(-88.3790000000048,187.677717259996,4.88354548999931));
#8035=CARTESIAN_POINT('',(-96.8790000000048,187.877717259996,5.08354548999922));
#8036=CARTESIAN_POINT('Origin',(-96.8790000000048,187.677717259996,3.68354548999922));
#8037=UNCERTAINTY_MEASURE_WITH_UNIT(LENGTH_MEASURE(0.01),#8041,
'DISTANCE_ACCURACY_VALUE',
'Maximum model space distance between geometric entities at asserted c
onnectivities');
#8038=UNCERTAINTY_MEASURE_WITH_UNIT(LENGTH_MEASURE(0.01),#8041,
'DISTANCE_ACCURACY_VALUE',
'Maximum model space distance between geometric entities at asserted c
onnectivities');
#8039=(
GEOMETRIC_REPRESENTATION_CONTEXT(3)
GLOBAL_UNCERTAINTY_ASSIGNED_CONTEXT((#8037))
GLOBAL_UNIT_ASSIGNED_CONTEXT((#8041,#8043,#8044))
REPRESENTATION_CONTEXT('','3D')
);
#8040=(
GEOMETRIC_REPRESENTATION_CONTEXT(3)
GLOBAL_UNCERTAINTY_ASSIGNED_CONTEXT((#8038))
GLOBAL_UNIT_ASSIGNED_CONTEXT((#8041,#8043,#8044))
REPRESENTATION_CONTEXT('','3D')
);
#8041=(
LENGTH_UNIT()
NAMED_UNIT(*)
SI_UNIT(.MILLI.,.METRE.)
);
#8042=(
LENGTH_UNIT()
NAMED_UNIT(*)
SI_UNIT($,.METRE.)
);
#8043=(
NAMED_UNIT(*)
PLANE_ANGLE_UNIT()
SI_UNIT($,.RADIAN.)
);
#8044=(
NAMED_UNIT(*)
SI_UNIT($,.STERADIAN.)
SOLID_ANGLE_UNIT()
);
#8045=SHAPE_DEFINITION_REPRESENTATION(#8046,#8047);
#8046=PRODUCT_DEFINITION_SHAPE('',$,#8049);
#8047=SHAPE_REPRESENTATION('',(#4446),#8039);
#8048=PRODUCT_DEFINITION_CONTEXT('part definition',#8053,'design');
#8049=PRODUCT_DEFINITION('2026-09-07-01-46-21-397','Corner (Insert)',#8050,
#8048);
#8050=PRODUCT_DEFINITION_FORMATION('',$,#8055);
#8051=PRODUCT_RELATED_PRODUCT_CATEGORY('Corner (Insert)',
'Corner (Insert)',(#8055));
#8052=APPLICATION_PROTOCOL_DEFINITION('international standard',
'automotive_design',2009,#8053);
#8053=APPLICATION_CONTEXT(
'Core Data for Automotive Mechanical Design Process');
#8054=PRODUCT_CONTEXT('part definition',#8053,'mechanical');
#8055=PRODUCT('2026-09-07-01-46-21-397','Corner (Insert)',$,(#8054));
#8056=PRESENTATION_STYLE_ASSIGNMENT((#8058));
#8057=PRESENTATION_STYLE_ASSIGNMENT((#8059));
#8058=SURFACE_STYLE_USAGE(.BOTH.,#8060);
#8059=SURFACE_STYLE_USAGE(.BOTH.,#8061);
#8060=SURFACE_SIDE_STYLE('',(#8062));
#8061=SURFACE_SIDE_STYLE('',(#8063));
#8062=SURFACE_STYLE_FILL_AREA(#8064);
#8063=SURFACE_STYLE_FILL_AREA(#8065);
#8064=FILL_AREA_STYLE('Steel - Satin',(#8066));
#8065=FILL_AREA_STYLE('ABS (Paramount Graphite Gray)',(#8067));
#8066=FILL_AREA_STYLE_COLOUR('Steel - Satin',#8068);
#8067=FILL_AREA_STYLE_COLOUR('ABS (Paramount Graphite Gray)',#8069);
#8068=COLOUR_RGB('Steel - Satin',0.627450980392157,0.627450980392157,0.627450980392157);
#8069=COLOUR_RGB('ABS (Paramount Graphite Gray)',0.349019607843137,0.345098039215686,
0.337254901960784);
ENDSEC;
END-ISO-10303-21;
